:020000040800F2
:10000000101000201502000871150008690C000886
:100010006D150008CD040008D33000080000000072
:10002000000000000000000000000000072C000895
:10003000D104000800000000F91500084D2E00084A
:100040002F0200082F0200082F0200082F020008CC
:100050002F0200082F020008B1060008C50600089C
:10006000CF060008D90600082F0200082F0200085A
:100070002F0200082F0200082F0200082F0200089C
:100080002F0200082F0200082F0200082F0200088C
:100090002F0200082F0200082F020008ED060008BA
:1000A0002F0200082F0200082F0200082F0200086C
:1000B0002F0200082F0200082F0200082F0200085C
:1000C0002F0200082F0200082F0200082F0200084C
:1000D0002F020008B12E00082F0200082F0200088E
:1000E0002F0200082F0200082F0200082F0200082C
:1000F0002F0200082F0200082F0200082F0200081C
:100100002F0200082F0200082F0200082F0200080B
:100110002F0200082F0200082F0200082F020008FB
:100120002F0200082F0200082F0200082F020008EB
:1001300000F002F800F05FF80AA090E8000C82449A
:100140008344AAF10107DA4501D100F054F8AFF277
:10015000090EBAE80F0013F0010F18BFFB1A43F0A5
:100160000103184750900000709000000A444FF0BF
:10017000000C10F8013B13F0070408BF10F8014B06
:100180001D1108BF10F8015B641E05D010F8016B4B
:10019000641E01F8016BF9D113F0080F1EBF10F8AF
:1001A000014BAD1C0C1B09D16D1E58BF01F801CBD2
:1001B000FAD505E014F8016B01F8016B6D1EF9D555
:1001C0009142D6D37047000000230024002500266A
:1001D000103A28BF78C1FBD8520728BF30C148BFAA
:1001E0000B607047642900F07780002070471FB5CE
:1001F0001FBD10B510BD00F037F91146FFF7F7FF2E
:1002000003F006FB00F055F903B4FFF7F2FF03BC5F
:1002100002F084FF0948804709480047FEE7FEE7EF
:10022000FEE7FEE7FEE7FEE7FEE7FEE7FEE7FEE7A6
:1002300004480549054A064B70470000512E000846
:1002400031010008100A002010100020100C0020BE
:10025000100C0020704700000FB4044910B503AA29
:10026000029800F0D3F810BC5DF814FBF4020020F3
:100270002DE9F0410E460446002020622046E16848
:10028000884730B3252805D0D4E901219047206A5A
:10029000401CF2E7E168204600278847050018D097
:1002A000A5F14100192802D820354FF400673246E5
:1002B000294620462760FFF795FF40B1012804D06A
:1002C000F61D26F007060836D8E7361DD6E728467D
:1002D000DAE7206ABDE8F0812DE9F0410646002406
:1002E00010687529314616A510D0AFF3008000289C
:1002F00002DA404213A507E031688A0701D512A54A
:1003000002E0490704D511A5012401E0AFF3008004
:1003100000210A2206F1240709E0B0FBF2FCB0FB41
:10032000F2F302FB1C00303078541846491C0028B8
:10033000F3D123462A463046BDE8F04100F00CB820
:10034000000000002D0000002B0000002000000035
:1003500070477047704770472DE9F0470D46994642
:100360009246044600F124080168880604D5E06935
:1003700021F01001216000E00120A84201DD471BAF
:1003800000E00027A1697A1902EB0900081AA061B0
:100390002078C00602D42046AFF30080002608E093
:1003A000D4E901211AF806009047206A401C761C07
:1003B00020624E45F4DB2078C0060AD52046AFF314
:1003C000008006E0D4E9012130209047206A401CDB
:1003D0002062381EA7F10107F4DC07E0D4E901210F
:1003E00018F805009047206A401C2062281EA5F1DD
:1003F0000105F3DC2046AFF300802078000602D52B
:100400000220BDE8F0870120FBE70000074B70B534
:100410000D467B4400F011F80446284600F020F811
:1004200010B14FF0FF3070BD204670BD5332000058
:1004300001694A1C02610878704700B58FB0CDE9A8
:1004400001310021059105497944CDE90310114698
:100450006846FFF70DFF0FB000BD0000E5FFFFFF8E
:10046000007B00F080007047754600F02BF8AE4628
:1004700005006946534620F00700854618B020B5B0
:10048000FFF7D6FEBDE820404FF000064FF0000712
:100490004FF000084FF0000B21F00701AC46ACE82C
:1004A000C009ACE8C009ACE8C009ACE8C0098D4699
:1004B000704710B50446AFF300802046BDE81040F9
:1004C000FFF7A2BE00487047AC09002000BFFEE75E
:1004D000704700002DE9FF5F81468A4617464FF0BE
:1004E000000B0C2F06D0102F07D0182F08D0202F6C
:1004F0000CD108E018250C2408E02025102405E084
:100500004825182402E08025202400BF00BF0AEB04
:100510000400401E83B209EB0400401E82B2514623
:10052000484600F02BFC002626E04FF000081DE0B6
:100530001348805D802141FA08F1084018B1039802
:1005400000F060FF02E00E9800F05CFF0BF101008C
:1005500000F0FF0B9BFBF7F007FB10B010B94FF05A
:10056000000B06E008F1010000F0FF08B8F1080FE9
:10057000DEDB00BF701CC6B2AE42D6DBBDE8FF9F1B
:10058000100300202DE9FF4F83B01C4600250026F4
:100590000020029005980C2806D010280AD01828B0
:1005A0000ED0202818D111E00020029018274FF01B
:1005B0000C0811E03A48029020274FF010080BE099
:1005C0003848029048274FF0180805E03648029056
:1005D00080274FF0200800BF00BF5BE0605DA128CE
:1005E00027DB605DA92824DC681C205CA12820DBB7
:1005F000605DA1385E2100FB01F6681C205CA1381B
:100600000644029806FB0706C6F30749C6F3072A05
:1006100006F0FF0B254B5A4651464846009703F01B
:100620004FF811980090109B03A807C8FFF752FFDE
:100630002AE0605DB02827DB605DF72824DC681CB9
:10064000205CA12820DB605DB0385E2100FB01F654
:10065000681C205C00F2AD200644029806FB0706E9
:10066000C6F30749C6F3072A06F0FF0B0F4B5A469D
:1006700051464846009703F023F811980090109BCC
:1006800003A807C8FFF726FF0398404480B20390F1
:10069000A81CC5B2605D0028A0DC07B0BDE8F08FE3
:1006A000D0C902009081060000DF0E001003002078
:1006B00010B5002002490870012000F0D7F810BDE5
:1006C0000100002010B5022000F0D0F810BD10B5D8
:1006D000042000F0CBF810BD10B5002002490870CE
:1006E000082000F0C3F810BD0100002010B5002064
:1006F000034908704FF4007000F0B8F810BD000016
:10070000010000201FB50121102000F077FF40F20A
:100710000F20ADF8000048208DF8030069465248CC
:1007200000F0B6F90021022000F092F901200290B9
:1007300000208DF80C000C208DF80D0001208DF8A4
:100740000E0002A800F098F80121022000F080F9C4
:100750000220029000208DF80C000C208DF80D0076
:1007600001208DF80E0002A800F086F8022108464C
:1007700000F06EF90420029000208DF80C000C208F
:100780008DF80D0001208DF80E0002A800F074F81D
:100790000321022000F05CF90820029000208DF86F
:1007A0000C000C208DF80D0001208DF80E0002A821
:1007B00000F062F80921022000F04AF94FF40070BD
:1007C000029000208DF80C000C208DF80D00012007
:1007D0008DF80E0002A800F04FF806208DF80400F6
:1007E00002208DF8050001208DF806008DF8070025
:1007F00001A800F0BFFE07208DF8040002208DF84C
:10080000050001208DF806008DF8070001A800F012
:10081000B1FE08208DF8040002208DF805000120AB
:100820008DF806008DF8070001A800F0A3FE09204E
:100830008DF8040002208DF8050001208DF80600D7
:100840008DF8070001A800F095FE17208DF8040030
:1008500001208DF805008DF806008DF8070001A82D
:1008600000F088FE1FBD0000001001400149086033
:100870007047000014040140002123498279002AB6
:100880003AD00A46126803689A430B461A600A1D5A
:10089000126803689A430B1D1A60027911440A68B2
:1008A00003681A430A60184A0832126803689A43B8
:1008B000154B08331A601A1D126803689A43124BCD
:1008C0000C331A604279102A0ED11A1F126803687D
:1008D0001A430D4B08331A601A1D126803681A4335
:1008E000094B0C331A600DE00749427911440A683C
:1008F00003681A430A6005E0027911440A68036834
:100900009A430A60704700000004014030B5044675
:1009100004254FF4302000F06FF80546042D17D160
:100920000C48006940F002000A4908610846446129
:10093000006940F0400008614FF4302000F05CF89E
:1009400005460448006941F6FD7108400149086107
:10095000284630BD0020024004200B49C96801F040
:10096000010109B101200EE00749C96801F0040145
:1009700009B1022007E00449C96801F0100109B17A
:10098000032000E004207047002002400348006973
:1009900040F08000014908617047000000200240DB
:1009A00070B504460D460426F00200F025F8064610
:1009B000042E11D10948006940F00100074908617F
:1009C0002580F00200F018F806460448006941F658
:1009D000FE71084001490861304670BD00200240A8
:1009E000024803494860034848607047230167454F
:1009F00000200240AB89EFCD00B502460423FFF78B
:100A0000ABFF034603E0FFF7A7FF0346521E012B8F
:100A100001D1002AF7D102B90523184600BD000014
:100A20002DE9F84304460D4616461F46DDF82080A2
:100A300032463B4620462946CDF8008001F09CF81E
:100A40000249086802F0E0F8BDE8F883A808002031
:100A500030B500228B071C0F0F2303FA04F20B4B57
:100A60008C1053F824309343084C8D1044F82530F3
:100A700023468C1053F824308C07240F00FA04F41A
:100A80002343024C8D1044F8253030BD080001404E
:100A90002DE9F04102460025002600200023002415
:100AA000002791F803C00CF00F0591F803C00CF07B
:100AB000100CBCF1000F03D091F802C04CEA050500
:100AC00091F800C0BCF1000F31D0146800202BE079
:100AD0004FF0010C0CFA00F3B1F800C00CEA030669
:100AE0009E4220D183004FF00F0C0CFA03F7BC4359
:100AF00005FA03FC4CEA040491F803C0BCF1280F8A
:100B000006D14FF0010C0CFA00FCC2F814C00AE048
:100B100091F803C0BCF1480F05D14FF0010C0CFA5D
:100B200000FCC2F810C0401C0828D1D31460B1F8F2
:100B300000C0BCF1FF0F34DD546800202EE000F14E
:100B4000080C4FF0010808FA0CF3B1F800C00CEAE9
:100B500003069E4221D183004FF00F0C0CFA03F7DD
:100B6000BC4305FA03FC4CEA040491F803C0BCF151
:100B7000280F05D100F1080C08FA0CF8C2F814800F
:100B800091F803C0BCF1480F07D100F1080C4FF0F9
:100B9000010808FA0CF8C2F81080401C0828CED3CF
:100BA0005460BDE8F0810000F0B50A46002300243F
:100BB0000021002500F00046B6F1004F02D11D4E85
:100BC000F16901E01B4E7168C0F3034583B200F484
:100BD0004016B6F5401F08D121F07061154E7668B9
:100BE00026F07066134F7E6012E000F48016B6F5B2
:100BF000801F06D1032606FA05F4A14341F0706177
:100C000006E0460D360103FA06F6B14341F0706185
:100C100022B1460D360103FA06F6314300F00046D4
:100C2000B6F1004F02D1034EF16101E0014E716057
:100C3000F0BD0000000001400246002093680B4018
:100C40000BB1012000E00020704741617047016155
:100C50007047002205E0B0FBF1F301FB13020846E8
:100C600011460029F7D1704700BFFEE708B5012102
:100C7000102000F0C3FC40F20F20ADF80000482027
:100C80008DF8030069460248FFF702FF08BD000027
:100C90000010014010B5044614B101203549087018
:100CA00034480078002843D001213348FFF7C4FFBF
:100CB000A0B102213048FFF7BFFF78B104212E48D0
:100CC000FFF7BAFF50B108212B48FFF7B5FF28B155
:100CD0004FF400712848FFF7AFFF48BB0A2002F02D
:100CE00023FC00202349087001212348FFF7A4FFBB
:100CF00008B9012010BD02211F48FFF79DFF08B968
:100D00000220F7E704211C48FFF796FF08B90320EB
:100D1000F0E708211848FFF78FFF08B90420E9E73A
:100D20004FF400711448FFF787FF08BB0520E1E787
:100D300001211148FFF780FF012819D102210E4837
:100D4000FFF77AFF012813D104210B48FFF774FF46
:100D500001280DD108210848FFF76EFF012807D1AF
:100D600041020548FFF768FF012801D101490870D9
:100D70000020BFE70C000020001001402DE9F041E9
:100D800004460D4616461F462A2000F04BFBA11CC8
:100D900088B200F037FBB11C88B200F033FB2B2087
:100DA00000F040FB691C88B200F02CFB791C88B273
:100DB00000F028FB2C2000F035FBBDE8F0812DE988
:100DC000FF4F85B081468A460020039083460798EE
:100DD000A0EB09050898A0EB0A06CDF80890CDF81D
:100DE00004A0002D01DD012705E00DB9002702E078
:100DF0004FF0FF376D42002E02DD4FF0010806E094
:100E000016B94FF0000802E04FF0FF387642B542C5
:100E100001DD2C4600E03446002004901EE0019ADB
:100E200091B2029A90B2129A00F01FF803982844E7
:100E30000390B3440398A04205DD0398001B039080
:100E4000029838440290A34504DDABEB040B0198F3
:100E5000404401900498401C80B20490611C0498A6
:100E60008842DCDB09B0BDE8F08F70B504460D4662
:100E700016462B46224629462046FFF77FFF30467E
:100E800000F0C0FA70BD2DE9F04706460F46144643
:100E90001D46DDF820A0681E83B2601E82B239466E
:100EA0003046FFF76BFFB8460EE0B14606E050460D
:100EB00000F0A8FA09F101001FFA80F9A145F6DB5C
:100EC00008F101001FFA80F8A845EEDBBDE8F087C5
:100ED00008B50121182000F091FB4FF40060ADF837
:100EE000000048208DF8030003208DF802006946B9
:100EF0000F48FFF7CDFD43F2F040ADF800001020A1
:100F00008DF8030003208DF8020069460848FFF7BA
:100F1000BFFD4FF48040ADF8000010208DF80300B5
:100F200003208DF8020069460248FFF7B1FD08BDB5
:100F300000100140000C014010B5FFF7C9FF8021EF
:100F40007B48FFF782FE642002F0EEFA80217848A9
:100F5000FFF77DFE642002F0E7FA4FF48041754808
:100F6000FFF775FE642002F0DFFA112000F05AFA54
:100F7000782002F0D9FAB12000F054FA052000F0F0
:100F80004AFA3C2000F047FA3C2000F044FAB22034
:100F900000F048FA052000F03EFA3C2000F03BFA51
:100FA0003C2000F038FAB32000F03CFA052000F0B5
:100FB00032FA3C2000F02FFA3C2000F02CFA0520F9
:100FC00000F029FA3C2000F026FA3C2000F023FA39
:100FD000B42000F027FA032000F01DFAC02000F032
:100FE00021FA282000F017FA082000F014FA042053
:100FF00000F011FAC12000F015FAC02000F00BFA41
:10100000C22000F00FFA0D2000F005FA002000F0D9
:1010100002FAC32000F006FA8D2000F0FCF92A2025
:1010200000F0F9F9C42000F0FDF98D2000F0F3F98B
:10103000EE2000F0F0F9C52000F0F4F91A2000F0DD
:10104000EAF9362000F0EEF9C02000F0E4F9E020E3
:1010500000F0E8F9042000F0DEF9222000F0DBF9CE
:10106000072000F0D8F90A2000F0D5F92E2000F072
:10107000D2F9302000F0CFF9252000F0CCF92A2059
:1010800000F0C9F9282000F0C6F9262000F0C3F9C5
:101090002E2000F0C0F93A2000F0BDF9002000F049
:1010A000BAF9012000F0B7F9032000F0B4F91320D9
:1010B00000F0B1F9E12000F0B5F9042000F0ABF93F
:1010C000162000F0A8F9062000F0A5F90D2000F088
:1010D000A2F92D2000F09FF9262000F09CF9232092
:1010E00000F099F9272000F096F9272000F093F9F5
:1010F000252000F090F92D2000F08DF93B2000F024
:101100008AF9002000F087F9012000F084F904201A
:1011100000F081F9132000F07EF93A2000F082F906
:10112000052000F078F9292000F07CF910BD0000BE
:1011300000100140000C01402DE9FF5F80468A4607
:1011400017469B460F9D00200290CDF80080284650
:1011500005EBD071C1F347042046E21704EB52724D
:10116000D2102146E31704EB5373DB10A4EBC30347
:101170000BB1012300E000231A446A4392B20192AA
:10118000A7F12000C7B20AEB0500401E83B208EBAE
:101190000400401E82B251464046FFF7EFFD002694
:1011A00069E00C2D07D107EB4700354901EB8000C2
:1011B000805D03901BE0102D05D1324800EB071035
:1011C000805D039013E0182D07D107EB47002E49EF
:1011D00001EB0010805D039009E0202D05D12B4824
:1011E00000EB8710805D039001E0BDE8FF9F4FF0AA
:1011F00000093AE01098C8B9012000FA09F00399F3
:10120000084018B1584600F0FDF802E00E9800F0D2
:10121000F9F80298401CC0B20290029890FBF4F1D9
:1012200004FB1100E8B90020029021E0012000FA3F
:1012300009F00399084020B15A4651464046FFF74D
:1012400014FE08F101001FFA80F80098A8EB0000D6
:10125000A04206D1DDF800800AF101001FFA80FAF1
:1012600006E009F1010000F0FF09B9F1080FC1DB48
:1012700000BF701C86B20198864292DB00BFB4E7C3
:10128000985800080C5D0008FC620008CC74000847
:101290002DE9FF4F85B0074691461D46DDE913A6AF
:1012A00000200490304606EBD071C1F3470B0024B8
:1012B00034E0281B401EC1B20A2002F0BFFEB9FB79
:1012C000F0F00A21B0FBF1F201FB12080498A0B97A
:1012D000681EA04211DDB8F1000F0CD1002004FB04
:1012E0000B71CDE900A6029088B23022129B0699BC
:1012F000FFF722FF10E001200490002008F13001E8
:10130000CAB204FB0B71CDE900A6029088B2129B11
:101310000699FFF711FF00BF601CC4B2AC42C8DBE6
:1013200009B0BDE8F08F2DE9FF4F85B00746904624
:101330001D46DDE913A64FF00109304606EBD071DA
:10134000C1F3470B002437E0611C1598884217D180
:10135000B8FBF9F00A21B0FBF1F201FB1200049096
:101360004FF47840291B491E01FB0B71CDE901A602
:10137000009088B20123049A0699FFF789FF15E0CF
:10138000B8FBF9F00A21B0FBF1F201FB1200049066
:101390001298291B491E01FB0B71CDE901A6009093
:1013A00088B20123049A0699FFF772FF09EB8900BE
:1013B0004FEA4009601CC4B2AC42C5DB09B0BDE8CD
:1013C000F08F2DE9FE4F06460F4614469846DDE99C
:1013D0000D5ADDF8309010E0CDE9015ACDF80090BB
:1013E0002278434639463046FFF7A6FE284605EBED
:1013F000D07106EB61018EB2641C20780028EBD11D
:10140000BDE8FE8F10B50446201200F01BF8E0B2D4
:1014100000F018F810BD10B50446204600F012F890
:1014200010BD000010B5044640210548FFF70DFC33
:10143000204600F007F840210148FFF708FC10BDE6
:101440000010014070B504464FF480511248FFF778
:10145000FCFB002517E020210F48FFF7F6FB04F006
:10146000800020B110210C48FFF7F1FB03E01021B0
:101470000948FFF7EAFB20210748FFF7E8FB600671
:10148000040E681CC5B2082DE5DB4FF480510248FC
:10149000FFF7DDFB70BD00000010014008B5012121
:1014A000152000F0ABF801211448FFF77DFB4FF445
:1014B0000040ADF8000010208DF8030003208DF8E7
:1014C000020069460E48FFF7E3FA4FF48070ADF86A
:1014D000000010208DF8030003208DF802006946FB
:1014E0000848FFF7D5FA4FF400410548FFF7AFFB76
:1014F0004FF480710348FFF7AAFB08BD00023000DB
:10150000000801400010014008B50121042000F04E
:1015100075F84E20ADF8000010208DF80300032070
:101520008DF8020069460F48FFF7B2FA40210D48D6
:10153000FFF78BFB0C210B48FFF789FB0A2001F01A
:10154000F3FF01200849086042F21E3001F05CFB05
:1015500042F21C3001F058FB00F0CAF801F080FBA9
:1015600008BD0000000801408401214200BFFEE7E1
:101570007047000070B5002100230F22C47804B327
:10158000154C246804F4E064C4F5E064210AC1F158
:101590000403CA40447804FA03F1847814402143D8
:1015A00009010E4C0678A155047804F01F050124AA
:1015B000AC4005786D11AD0005F1E025C5F800419E
:1015C00009E0047804F01F050124AC40044D0678BE
:1015D000761145F8264070BD0CED00E000E400E017
:1015E00080E100E002490143024A116070470000B7
:1015F0000000FA050CED00E07047000029B1064A32
:1016000092690243044B9A6104E0034A926982435F
:10161000014B9A61704700000010024030B5002174
:101620000022002400232D4D6D6805F00C0121B12E
:10163000042905D0082923D105E0294D056022E0C1
:10164000274D05601FE0254D6D6805F47012234D90
:101650006D6805F48034022505EB92421CB9214DDA
:10166000554305600BE01D4D6D6805F400351DB157
:101670001C4D5543056002E0194D5543056002E0DD
:10168000174D056000BF00BF144D6D6805F0F001F7
:101690000909154D6B5C0568DD4045600F4D6D68AF
:1016A00005F4E061090A104D6B5C4568DD4085601A
:1016B0000A4D6D6805F46051C90A0B4D6B5C4568B5
:1016C000DD40C560054D6D6805F44041890B074D4F
:1016D0006B5CC568B5FBF3F5056130BD00100240D9
:1016E00000127A0000093D00DC020020EC0200201C
:1016F0000020EB490880EB4908800120EA49088076
:10170000EA490880EA4908800020EA490880EA4955
:1017100008800120E94908804002E949086008463C
:101720000068DF4909880844E54908600846006800
:10173000DC49098800EB4100E1490860084600687F
:10174000D949098800EB8100DD4908600846006836
:10175000D649098800EBC100D949086008460068ED
:10176000D349098800EB0110D54908600846006894
:10177000D049098800EB4110D1490860084600684B
:10178000CD49098800EBC110CD49086008460068C2
:10179000CA49098800EB4130C94908600020C9499D
:1017A0000880C948C649486008464068C549098854
:1017B0000844C3494860C54888600520C44908807A
:1017C000C448BF49086108460069C149098800EB5F
:1017D0000120BB490861C048C8610020BF4908809A
:1017E000BF490880BF48B64908620846006ABB493D
:1017F000098800EB4130B24908620846006AB849DE
:10180000098800EB8120AE4908620020B6490880B3
:101810000120B6490880B648A94948620846406A8E
:10182000B149098800EBC120A54948620846406AD1
:10183000AE49098800EB4120A14948620120AD4929
:101840000880AD489E4988620846806AA94909888F
:1018500000EBC1109A4988620120A8490880A84875
:101860009749C8620846C06AA449098800EB01107C
:101870009349C8620120A34908804FF4472090494A
:1018800008630846006B9F49098808448C4908632F
:1018900001209D49088000209C4908804FF4502079
:1018A000874948630846406B9749098800EB8130B7
:1018B000834948630846406B9449098800EB01203E
:1018C0007F494863032092490880924908809249E1
:1018D00008804FF460207A4988630846806B8C4901
:1018E000098800EBC110764988630846806B8949F6
:1018F000098800EB8100724988630846806B86493D
:10190000098808446E4988634FF4AF7083490880A2
:1019100083486B49C8640846C06C8049098800EB5D
:10192000C1006749C8644FF496707E4908804FF43F
:10193000A010634908650846006D7A490988084483
:101940005F49086500207849088078485C498865C7
:101950000846806D74490988084459498865002003
:10196000734908800120734908800020724908806B
:1019700072485349C8650846C06D6D49098800EB37
:1019800081304F49C8650846C06D6A49098800EB37
:10199000C1204B49C8650846C06D6749098800EBFE
:1019A00081204749C865664808664FF4C8104866F4
:1019B00064480867644848676448C1F88000644820
:1019C000C1F8840001206349088063483C49C1F89C
:1019D000C0000846D0F8C0005E490988084438496C
:1019E000C1F8C00000205D4908804FF46C103449F4
:1019F000C1F8EC000846D0F8EC005849098800EB23
:101A000041102F49C1F8EC000120554908804FF4DE
:101A100074102B49C1F8F4000846D0F8F40050497E
:101A2000098808442649C1F8F4004FF47810C1F839
:101A3000F80001204B4908804B49088003204B499E
:101A400008800F204A4908804A481D49C1F8000112
:101A50000846D0F800014349098800EB41201849A5
:101A6000C1F800010846D0F800013F49098800EBA1
:101A700001201349C1F800010846D0F800013B4994
:101A8000098800EB41100E49C1F800010846D0F862
:101A900000013749098808440949C1F80001704725
:101AA00000020020020200200402002006020020A2
:101AB000080200200A0200200C0200200E02002072
:101AC000A8080020100200200808010000050200FC
:101AD0001202002043000400B22807001402002074
:101AE0001602002084100800180200201A020020AC
:101AF000020109001C02002058100A001E020020EA
:101B000008000B00200200202202002024020020F6
:101B100026020020280200202A0200202C02002099
:101B2000050013002E0200203002002000231600C2
:101B300032020020340200203602002042831700C7
:101B40000905180024291C0084001D000A2120001A
:101B50000A2A210082020020FC03300084020020B7
:101B600086020020880200208A0200208C020020C9
:101B70008E020020100040002DE9F04F8BB004468B
:101B80000D4616461F46FE4830C0FE48C0C04CF207
:101B90005030FD4908600022FC4BF94903C903F0AD
:101BA0004FFD23D20120FA490880FA490880FA49FA
:101BB00008800020F9490880F94908800120F94986
:101BC00008800020F8490880F8490880F849088012
:101BD000F8490880F8490880F8490880F8490880E1
:101BE000F84908800120F84908609DE30022F74B7E
:101BF000E34903C903F024FD2BD80022E34BE0495D
:101C000003C903F0E3FB24D80020E1490880E1493F
:101C100008800120E04908800020E0490880E04970
:101C200008800120DF4908800020DF490880DF4963
:101C30000880DF490880DF490880DF490880DF49E4
:101C40000880DF490880DF4908800120DE490860FC
:101C50006AE30022DE4BCA4903C903F0F1FC2ED827
:101C60000022DA4BC64903C903F0B0FB27D200209B
:101C7000C7490880C7490880C74908800120C7496B
:101C80000880C74908800020C64908800120C6494D
:101C900008800020C54908800120C549088000202F
:101CA000C4490880C4490880C4490880C4490880E0
:101CB0000120C44908800220C349086034E300229F
:101CC000C44BAF4903C903F0BBFC2CD80022C04B66
:101CD000AB4903C903F07AFB25D20020AC49088048
:101CE000AC490880AC4908800120AC490880AC4967
:101CF00008800020AB4908800120AB490880AB492F
:101D00000880AB4908800020AA490880AA490880B9
:101D1000AA490880AA4908800120AA49088003200E
:101D2000A949086000E30022AB4B954903C903F0C1
:101D300087FC2ED80022A74B914903C903F046FB2C
:101D400027D2002092490880924908809249088051
:101D5000012092490880924908800020914908801A
:101D60000120914908800020904908800120904975
:101D70000880904908809049088000208F49088099
:101D80008F49088002208F49088004208E4908600E
:101D9000CAE20022914B7A4903C903F051FC2CD8C6
:101DA00000228D4B764903C903F010FB25D2002099
:101DB000774908807749088077490880012077496A
:101DC00008807749088000207649088001207649FC
:101DD00008807649088076490880764908807649E7
:101DE00008800020754908807549088002207549DF
:101DF000088006207449086096E20022784B60490A
:101E000003C903F01DFC30D80022744B5C4903C9A0
:101E100003F0DCFA29D200205D4908805D49088082
:101E20005D49088001205D4908805D4908800020E7
:101E30005C49088001205C49088000205B490880DB
:101E400001205B49088002205A49088001205A4934
:101E500008800020594908805949088002205949C2
:101E600008800820584908605EE200225D4B444922
:101E700003C903F0E5FB2ED80022594B404903C9A2
:101E800003F0A4FA27D20020414908804149088084
:101E900041490880012041490880414908800020CB
:101EA0004049088001204049088040490880404955
:101EB000088002203F49088001203F490880002017
:101EC0003E4908803E49088002203E4908800C2097
:101ED0003D49086028E20022434B294903C903F029
:101EE000AFFB30D800223F4B254903C903F06EFAFF
:101EF00029D20020264908802649088026490880E2
:101F000001202649088026490880002025490880AC
:101F10000120254908800020244908800120244907
:101F200008800820234908800120234908800020D8
:101F30002249088022490880022022490880102076
:101F400021490860F0E10022284B0D4903C903F044
:101F500077FB67D80022244B094903C903F036FAFE
:101F600060D200200A4908800A4908800A4908808E
:101F700001200A4908800A4908800020094937E001
:101F80009002002098020020CC02002098155B41AE
:101F90003A02002056020020400200205002002099
:101FA0003E0200207E020020420200204A02002061
:101FB0004C0200204402002048020020540200206D
:101FC0004602002052020020C802002098154B4112
:101FD00098153B410011324180192B4100112241DB
:101FE00080191B410011124180190B41001102415F
:101FF00008800120FE490880FE490880FE490880CB
:102000000820FE4908800120FD4908800020FD4984
:102010000880FD4908800220FC4908801820FC49FE
:10202000086081E10022FB4BFB4903C903F008FB78
:102030002FD80022F94BF84903C903F0C7F928D279
:102040000020F7490880F7490880F74908800120F7
:10205000F6490880F64908800020F64908800120EA
:10206000E34908800020E34908800120E249088014
:102070000820E24908800120E1490880E149088000
:10208000E14908800420E14908802020E0490860F7
:102090004AE10022E84BE04903C903F0D1FA2DD808
:1020A0000022DC4BDC4903C903F090F926D2002062
:1020B000DB490880DB490880DB4908800120DB49D7
:1020C0000880DB4908800020DA4908800120C849DF
:1020D0000880C8490880C84908800420C74908808A
:1020E0000120C7490880C7490880C74908800420E3
:1020F000C64908802420C649086015E10022CF4B5C
:10210000C54903C903F09CFA2DD80022CA4BC24925
:1021100003C903F05BF926D20020C1490880C149F8
:102120000880C14908800120C0490880C049088052
:102130000020C04908800120AD490880AD490880D1
:10214000AD4908800820AD4908800120AC490880CD
:10215000AC490880AC4908800420AC490880302094
:10216000AB490860E0E00022B54BAB4903C903F07E
:1021700067FA31D80022B14BA74903C903F026F909
:102180002AD20020A6490880A6490880A6490880CE
:102190000120A6490880A64908800020A54908809A
:1021A000012093490880002092490880012092492B
:1021B0000880082091490880012091490880022068
:1021C0009049088001209049088004208F490880A8
:1021D00040208F490860A7E000229A4B8E4903C92E
:1021E00003F02EFA31D80022954B8B4903C903F036
:1021F000EDF82AD200208A4908808A4908808A4955
:10220000088001208949088089490880002089497F
:102210000880012076490880002076490880012046
:102220007549088008207549088001207449088094
:1022300004207449088001207349088004207349F0
:1022400008806020724908606EE000227E4B72496F
:1022500003C903F0F5F931D800227A4B6E4903C95E
:1022600003F0B4F82AD200206D4908806D49088037
:102270006D49088001206D4908806D490880002063
:102280006C49088001205A4908800020594908807B
:1022900001205949088008205849088001205849E0
:1022A00008800820574908800120574908800420E9
:1022B0005649088080205649086035E00022634B6B
:1022C000554903C903F0BCF92ED800225E4B524990
:1022D00003C903F07BF827D20020514908805149F7
:1022E00008805149088001205049088050490880E1
:1022F00000205049088001203D4908803D49088060
:102300003D49088008203D49088001203C4908805B
:1023100008203C49088001203B49088004203B49B3
:102320000880C0203A49086049490988494A12880A
:1023300001FB02F003F01FF8CDE9080146480088D0
:1023400003F030F8CDE904014448008803F02AF88E
:102350000022434BCDE9000102F0D4FD80468946BE
:102360004048006803F01EF8824642464B4603F0A0
:1023700069F8CDE90201DDE9042303F063F8CDE952
:102380000601DDE9082302F071FE374A03C2204846
:10239000006803F007F8804634480CC8404603F054
:1023A00051F8334A03C21A48006802F0FBFF804626
:1023B00019480CC8404603F045F82E4A03C2144899
:1023C000006802F0EFFFCDE90401164909884800D2
:1023D00002F0D1FF824600224FF0804302F092FDCE
:1023E000804621480CC8404603F02CF844E0000029
:1023F000420200204A0200204C0200204402002039
:102400004802002054020020460200205202002010
:10241000C80200208019FB409002002000110241F8
:102420003A02002056020020400200205002002004
:102430003E0200207E020020802BF8400011F24076
:102440000058EB400011E2400058DB400088D340C8
:102450001E020020200200201C0200201802002082
:102460000000F03FCC020020A802002098020020CB
:10247000A0020020B0020020CDE90201DDE9042322
:1024800002F0F4FDCDE90601FE480CC8069802F002
:10249000EDFDCDE9080102F041FFFB490860FB4971
:1024A0000988480002F067FF804600224FF0804311
:1024B00002F028FDCDE90801F5480CC8089802F0A3
:1024C000C1FF824652460B46F24903C902F0CEFDD7
:1024D000F14A03C2ED490988480002F04CFF8046EA
:1024E00000224FF0804302F00DFDCDE90601E848DF
:1024F0000CC8069802F0A6FF824652460B46E549F4
:1025000003C902F0B3FDCDE9080102F007FFE3497A
:102510000880DD48006802F045FF80468946DF48B4
:10252000008802F03FFFCDE90801DB480CC808989D
:1025300003F0BCF8824642464B4602F083FFD84A7D
:1025400003C2D74903C902F0E9FED649086008462C
:10255000006818B90120CC49086016E0D14801682C
:10256000C9480068FEF775FBCF490860C648006897
:102570000968B0FBF1F0C4490860CA480068CA495C
:102580000968B0FBF1F0C7490860C648006840B967
:102590000020C6490880C64908800120C549088036
:1025A0003FE0BE4800880B280BDBBC4800881028A1
:1025B00007DA0120BD490880BD490880BD4908806F
:1025C0002FE0B648008810280CDBB4480088122899
:1025D00008DA0120B54908800220B5490880B549CC
:1025E00008801EE0AD48008812280DDBAB4800884B
:1025F0001E2809DA0120AD4908800320AC49088073
:102600000220AC4908800CE0A44800881E2808DBA2
:102610000120A64908800420A54908800820A54972
:1026200008800020A4490880A448A5498867084676
:10263000806FA149098800EB8120A149886708467D
:10264000806FA049098808449D49886701209E49F8
:1026500008809E489A49C8670846C06F9A49098809
:1026600000EB81209649C8670846C06F98490988E1
:1026700000EB41209249C8670846C06F9549098818
:1026800000EBC1108E49C8679348C1F8880008461E
:10269000D0F888009149098800EB41108849C1F8B9
:1026A00088008F48C1F88C000846D0F88C008D490E
:1026B000098800EB41208249C1F88C000846D0F817
:1026C0008C008949098800EB01207D49C1F88C0004
:1026D0000846D0F88C008549098800EBC11078497C
:1026E000C1F88C000846D0F88C008149098800EBBD
:1026F00081007349C1F88C000846D0F88C007D49F0
:10270000098800EB41006E49C1F88C0000207A492D
:1027100008804FF410106A49C1F890000846D0F8BC
:1027200090007549098800EBC1206549C1F8900007
:102730000846D0F890007149098800EB8120604973
:10274000C1F890000846D0F890006D49098800EB68
:1027500001105B49C1F890000846D0F89000694923
:10276000098808445649C1F890004FF41510C1F883
:1027700094000846D0F894004449098800EB0130E1
:102780004F49C1F894004FF41810C1F8980008465A
:10279000D0F898004149098800EB41004849C1F848
:1027A00098005948C1F89C000846D0F89C0041495F
:1027B000098800EB01204249C1F89C0032480068BA
:1027C000000C524908804FF420103D49C1F8A00088
:1027D0000846D0F8A0004D49098808443849C1F896
:1027E000A000294800884A4908804FF42410344941
:1027F000C1F8A4000846D0F8A40045490988084457
:102800002F49C1F8A400002042490860084600682A
:10281000000C414908804FF428102949C1F8A8004C
:102820000846D0F8A8003C49098808442449C1F862
:10283000A80038480088394908804FF42C102049F6
:10284000C1F8AC000846D0F8AC0034490988084407
:102850001B49C1F8AC001348008880B2001430490D
:1028600008804FF430101649C1F8B0000846D0F87F
:10287000B0002B49098808441149C1F8B000094843
:1028800000884FE0980200205C02002056020020E1
:10289000A8020020B0020020B80200205802002048
:1028A000C00200206C020020D80200207A02002022
:1028B0007C0200205A0200203802002034001E0052
:1028C000A80800203A0200203C02002001001F005E
:1028D0003E02002040020020CAC322004202002023
:1028E0001900230044020020460200204802002074
:1028F0004A0200204C0200204E020020500200201C
:1029000052020020540200200480270060020020B0
:102910006202002064020020680200206A02002097
:1029200070020020604908804FF434105F49C1F8FC
:10293000B4000846D0F8B4005B49098808445B49F4
:10294000C1F8B4005A4914980880002059490880F9
:10295000594908804FF438105449C1F8B800084666
:10296000D0F8B8005249098800EB01204F49C1F85E
:10297000B8000846D0F8B8004E49098800EBC110ED
:102980004A49C1F8B8000846D0F8B8004A49098851
:1029900000EB81104549C1F8B8000846D0F8B800EE
:1029A0004649098800EB41104049C1F8B800084683
:1029B000D0F8B8004249098808443C49C1F8B80039
:1029C0003F204049088040483849C1F8BC000846CB
:1029D000D0F8BC003D49098800EBC1203349C1F85B
:1029E000BC000846D0F8BC003649098808442F4985
:1029F000C1F8BC00D1F8BC0000F006F92B49D1F8B1
:102A0000B80000F001F92949D1F8B40000F0FCF851
:102A10002649D1F8B00000F0F7F82449D1F8AC000D
:102A200000F0F2F82149D1F8A80000F0EDF81F49B4
:102A3000D1F8A40000F0E8F81C49D1F8A00000F09B
:102A4000E3F81A49D1F89C0000F0DEF81749D1F8F4
:102A5000980000F0D9F81549D1F8940000F0D4F8A6
:102A60001249D1F8900000F0CFF81049D1F88C004D
:102A700000F0CAF80D49D1F8880000F0C5F80B49FC
:102A8000D1F8840000F0C0F80849D1F8800000F0C7
:102A9000BBF80649C86F00F0B7F80449886F00F02A
:102AA000B3F80BB0BDE8F08F72020020A808002038
:102AB0007402002076020020780200207A020020B2
:102AC0007C02002080020020C0002F007E02002037
:102AD00030B503460C461546002207E0184600F0C4
:102AE00008F824F812009B1C501C82B2AA42F5DBA5
:102AF00030BD0146088870472DE9F05F80468A4660
:102B00001746B8F1006F02D33348804501D3BDE8C2
:102B1000F09FFDF765FFA8F1006B4FEA9B25CBF313
:102B20004809C9F50074A74200DC3C464DE04FF06F
:102B3000006101EB85208A142849FFF7C9FF0026B0
:102B40000BE009EB0600254931F810004FF6FF7144
:102B5000884200D003E0701C86B2A642F1DB00BFC1
:102B6000A6421BDA4FF0006101EB8520FDF7CEFE97
:102B7000002608E03AF8160006EB0901174A22F889
:102B80001100701C86B2A642F4DB4FF0006101EB2D
:102B900085208A14114900F023F804E022465146AA
:102BA000404600F01DF8A74200D10FE06D1C4FF029
:102BB00000090AEB440AA044381B87B2B7F5007F2E
:102BC00002DD4FF4007400E03C46B0E700BFFDF7C3
:102BD000DDFE00BF9BE7000000080108E0030020C5
:102BE0002DE9F04105460E461746002407E036F869
:102BF00014102846FDF7D4FEAD1C601C84B2BC4204
:102C0000F5DBBDE8F081704710B501460023124C9A
:102C100023600123114CC4F89831002216E00023F0
:102C20000D4C1034236001F4000323B101230A4C3E
:102C3000241D236003E00023074C241D236001238F
:102C4000054C103423604900531CDAB2182AE6DB25
:102C50000123014C236010BD880121420000214264
:102C600000B53549D1F80001FFF7CEFF3249D1F860
:102C7000F800FFF7C9FF3049D1F8F400FFF7C4FFAF
:102C80002D49D1F8EC00FFF7BFFF2B49D1F8C00068
:102C9000FFF7BAFF2849486FFFF7B6FF2649086FCC
:102CA000FFF7B2FF2449486EFFF7AEFF2249086ED6
:102CB000FFF7AAFF2049C86DFFF7A6FF1E49886DE0
:102CC000FFF7A2FF1C49086DFFF79EFF1A49C86C69
:102CD000FFF79AFF1849886BFFF796FF1649486B74
:102CE000FFF792FF1449086BFFF78EFF1249C86A7D
:102CF000FFF78AFF1049886AFFF786FF0E49486A86
:102D0000FFF782FF0C49086AFFF77EFF0A49C8698E
:102D1000FFF77AFF08490869FFF776FF06498868D8
:102D2000FFF772FF04494868FFF76EFF0249086821
:102D3000FFF76AFF00BD0000A808002010B500F0F2
:102D400001F810BD0CB500200190009033480068D8
:102D500040F480303149086000BF3048006800F41A
:102D6000003000900198401C0190009818B901981B
:102D7000B0F5A06FF1D12948006800F4003010B11F
:102D80000120009001E0002000900098012843D12C
:102D90002348006840F01000214908600846006898
:102DA00020F0030008600846006840F00200086058
:102DB0001A48406819494860084640684860084613
:102DC000406840F4806048600846406820F47C1009
:102DD00048600846406840F4E810486008460068CB
:102DE00040F08070086000BF0C48006800F0007080
:102DF0000028F9D00948406820F0030007494860DE
:102E00000846406840F00200486000BF0348406840
:102E100000F00C000828F9D10CBD000000100240A1
:102E200000200240042808D14FF0E021096941F058
:102E300004014FF0E022116107E04FF0E021096941
:102E400021F004014FF0E02211617047704700004B
:102E500010B51348006840F00100114908600846A9
:102E60004068104908400E494860084600680E490D
:102E700008400B4908600846006820F4802008607C
:102E80000846406820F4FE0048604FF41F00886048
:102E9000FFF754FF4FF000600449086010BD0000C8
:102EA000001002400000FFF8FFFFF6FE08ED00E012
:102EB00010B540F225511D4800F04AF810B31B48E8
:102EC00000F002F9C4B21A48008800F40040C8B902
:102ED0001748008800F4804060B10A2C03D000201D
:102EE0001349088020E01248008840F4004010494F
:102EF000088019E00D2C06D10D48008840F4804070
:102F00000B49088010E00A480088C0F30D00094909
:102F10000C5407480088401C054908800846008872
:102F2000C72801DD0020088010BD000000380140E6
:102F3000F8020020E007002021B1828942F400520B
:102F4000828104E082894DF6FF731A4082817047C6
:102F500070B50246002400230025002040F66A16C2
:102F6000B14200D100BFC1F3421501F01F03012699
:102F700006FA03F3012D02D19689334006E0022DB3
:102F800002D1168A334001E0968A33400C120126A2
:102F900006FA04F41688344013B10CB1012000E0A5
:102FA000002070BDF0B50346002400260025002057
:102FB00040F66A17B94200D100BF1846C1F3421467
:102FC00001F01F06012707FA06F5012C01D10C308C
:102FD00004E0022C01D1103000E014301AB107686F
:102FE0002F43076002E00768AF430760F0BD0000B1
:102FF0002DE9F04786B005460E460024A24600BFE4
:10300000A1460027B08900B100BF2F462C8A4CF69C
:10301000FF700440F08804432C82AC894EF6F31014
:103020000440B08831890843718908430443AC8166
:10303000AC8A4FF6FF400440B0890443AC8201A83B
:10304000FEF7ECFA1F48874202D1DDF810A001E03C
:10305000DDF80CA0A88900F4004040B10AEBCA00DA
:1030600000EB0A1031684900B0FBF1F807E00AEB09
:10307000CA0000EB0A1031688900B0FBF1F8642047
:10308000B8FBF0F004012009642101FB1089A88934
:1030900000F4004040B1322000EBC900B0FBF1F079
:1030A00000F00700044308E0322000EB091064211F
:1030B000B0FBF1F000F00F0004432C8106B0BDE836
:1030C000F08700000038014001468888C0F30800FE
:1030D000704700BFFEE7000070B50446002517E00A
:1030E00020210D48FDF7B1FD04F0800020B1102132
:1030F0000948FDF7ACFD03E010210748FDF7A5FDE9
:1031000020210548FDF7A3FD6006040E681CC5B22A
:10311000082DE5DB70BD00000010014000BF7047C6
:103120002DE9FF471B49086802F03CF9044619489D
:10313000D0E906633246204602F0C4FA804602F027
:10314000EDF8144908600846006842F210718842A0
:1031500002D208460F4908600E4890F840000C2142
:103160004FF4FC621F23CDE90032CDE9021009487B
:1031700008230F2102681E20FEF7D5F805490868CC
:1031800002F010F9044603480279204601F0B4F831
:10319000BDE8FF87980300201FB5094890F840005C
:1031A0000C214FF4FC621F23CDE90032CDE902105F
:1031B000034808230F2102681E20FEF7B4F81FBD44
:1031C000980300207FB51D4890F84000401C1B4923
:1031D00081F84000084690F84000082802DD0820E9
:1031E00081F8400015480022154BD0E906412046E1
:1031F00002F028F9114AC2E9060110460022114BDB
:10320000D0E90641204602F01BFA04D800210D48FF
:103210000A4AC2E90610094890F840000C214FF410
:10322000FC621F23CDE90032CDE9021003480823D8
:103230000F2102681E20FEF776F87FBD980300205C
:1032400000002440D01263417FB51D4890F8400033
:10325000401E1B4981F84000084690F840000028B5
:1032600002DA012081F8400015480022154BD0E910
:103270000641204601F0FAFE114AC2E90601104655
:103280000022114BD0E90641204602F09FF804D2FB
:1032900000210D480A4AC2E90610094890F840008A
:1032A0000C214FF4FC621F23CDE90032CDE902105E
:1032B000034808230F2102681E20FEF734F87FBD63
:1032C00098030020000024400000F03F0EB50120CC
:1032D000174981F8400000211648154AC2E9061036
:1032E00000200C211F22D302CDE90021029012A25E
:1032F0000F21FEF766F800200C214FF4FC624FF41A
:103300007843CDE9002102900DA21E21FEF759F865
:103310000C204FF4FC611F22CDE9002102900448EB
:1033200008230F2102681E20FDF7B2FF0EBD00002A
:10333000980300200000F03F467265713A000000DB
:10334000506F7765723A00002DE9FF471B49086806
:1033500002F028F804461948D0E9066332462046B0
:1033600001F0D0FD804601F0D9FF144908600846FD
:1033700000681349884202D90846104908600F487E
:1033800090F840000C214FF4FC621F23CDE900327D
:10339000CDE90210094808230F2102681E20FDF71D
:1033A000C2FF0649086801F0FDFF044603480279A0
:1033B000204600F0A1FFBDE8FF8700009803002031
:1033C000C0E1E4003EB500200C211F22D302CDE96C
:1033D0000021029020A20146FDF7F3FF00200C21FE
:1033E00047F6FF721F23CDE9002102901DA22F2175
:1033F000FDF7E7FF00200C2147F6FF721F23CDE900
:10340000002102901AA296214620FDF7DAFF002043
:103410000C214FF4FC624FF47843CDE90021029077
:1034200015A21E21FDF7CDFF00200C214FF4FC62F8
:103430004FF47843CDE90021029011A20F21FDF74E
:10344000C0FF1149086801F0ADFF04460E4802793B
:10345000204600F051FF3EBD4357204D4F444520CC
:10346000000000005357204D4F444520000000004D
:103470005341564500000000506F7765723A0000D6
:10348000467265713A000000980300200EB5802155
:103490000F48FDF7D1FB01280DD100200C2147F684
:1034A000FF724FF47843CDE90021029009A29621E2
:1034B000FDF787FF0BE000200C2147F6FF721F236A
:1034C000CDE90021029005A29621FDF77AFF0EBDFD
:1034D000000801404C4F434B20200000554E4C4FFC
:1034E000434B000010B56FF00400FFF79BFC0A4847
:1034F00000680A49B0FBF1F00949087008460078F5
:1035000000EB4001C1EBC0104FF6FF7101EAC000B3
:103510000449088010BD0000FC02002000127A005F
:10352000F0020020F20200200146114A12884A43AC
:103530004FF0E0235A6100229A611A46126942F064
:1035400001021A6100BF4FF0E022106900F0010291
:103550001AB100F48032002AF5D04FF0E02212694F
:1035600022F001024FF0E0231A6100229A617047B5
:10357000F20200201CB500200190009000240122DE
:1035800001A93748FFF7A4FA012269463448801C94
:10359000FFF79EFABDF804000404BDF800000443E0
:1035A000304804600122011D2D48001DFFF790FAEC
:1035B000012201A92A48801DFFF78AFA01226946E3
:1035C00027480830FFF784FABDF804000404BDF86A
:1035D0000000044323488460012201A920480A30E6
:1035E000FFF776FA012269461D480C30FFF770FAA2
:1035F000BDF804000404BDF8000004431948C46089
:10360000012201A916480E30FFF762FA012269462D
:1036100013481030FFF75CFABDF804000404BDF84D
:10362000000004430F480461012201A90C48123034
:10363000FFF74EFA0122694609481430FFF748FAAD
:10364000BDF804000404BDF80000044305484461CB
:10365000012200F1410102481630FFF739FA1CBD82
:10366000000001089803002000BF054A128802F0FC
:103670004002002AF9D0C2B2014B1B1D1A807047CC
:103680000038014070B50024002513E020210B48CC
:10369000FDF7DBFA6006040E4FF400610748FDF702
:1036A000CBFA08B1601CC4B220210448FDF7CFFA60
:1036B000681CC5B2082DE9DB204670BD0010014032
:1036C0002DE9F04780460D4616461F46DDF820904E
:1036D0004FF480610F48FDF7B8FA0320FFF7FCFCB8
:1036E0004046FFF7F9FC2846FFF7F6FC3046FFF7A7
:1036F000F3FC002404E0FFF7C5FF3855601CC4B29A
:103700004C45F8DB4FF480610248FDF7A0FABDE8B4
:10371000F08700000010014010B500240020FDF7E4
:10372000B9FA0446002C5DD02F4801782FA0FCF791
:1037300093FD062C3BD2DFE804F03A030E19242F48
:103740002948007800EB40002D4901EB80004079CA
:10375000254908702CE02448007800EB40002849F7
:1037600001EB800000792049087021E01E480078B4
:1037700000EB4000224901EB8000C0781A49087034
:1037800016E01948007800EB40001D4901EB80006D
:103790008078154908700BE01348007800EB400072
:1037A000174901EB800040780F49087000E000BF26
:1037B00000BF0D48007800EB4000114901EB80008C
:1037C000806810490860084600688047064800780D
:1037D0000D4908700D48006808B9012000E000207C
:1037E0000A49086010BD00000400002066756E6381
:1037F0005F696E646578203D2025640A0000000042
:10380000100000200800002005000020BC0121421B
:103810000EB500244FF4A060FDF7E4FEFFF762FE52
:10382000FDF73CFEFDF722FAFCF76CFFFDF784FB89
:103830004FF4E13001F016FBFDF766FE6420FFF760
:1038400073FE01229C499D48FFF742F99A4841388E
:1038500090F84100FF2802D100F0A4F903E0FFF73F
:1038600089FE00F0D7FB4FF6E070A02380220021F4
:1038700000900846FDF707FB4FF6E0701F2190A36C
:103880001822CDE9001000211920FCF77BFE4FF62D
:10389000E0701F218AA31822CDE900100021192011
:1038A000FCF770FE002018214FF6E0724FF61F0360
:1038B000CDE90021029084A21920FDF782FD0020AD
:1038C00018214FF6E0724FF61F03CDE90021029058
:1038D0007FA230212620FDF774FD00200C214FF639
:1038E000E0721F23CDE9002102907BA24821FDF761
:1038F00068FD00200C214FF6E0721F23CDE9002166
:10390000029078A248214120FDF75BFD00200C21A8
:103910004FF6E0721F23CDE90021029074A25421DA
:10392000FDF74FFD00200C214FF6E0721F23CDE97B
:103930000021029071A254213C20FDF742FD00209D
:103940000C214FF6E0721F23CDE9002102906DA2F9
:103950006021FDF736FD00200C214FF6E0724FF498
:103960007843CDE90021029069A28421FDF729FD69
:1039700000200C214FF6E0724FF47843CDE900218E
:10398000029068A290214B20FDF71BFD6420FFF7F9
:10399000CBFD03E00020FDF77DF90446002CF9D0B3
:1039A000002442F61230A023802200210090084615
:1039B000FDF769FA0020102142F612324FF47843E5
:1039C000CDE9002102905AA20146FDF7FAFC002041
:1039D000102142F612324FF47843CDE900210290D3
:1039E00057A2FDF7EEFC0020102142F612324FF4F0
:1039F0007843CDE90021029054A23021FDF7E1FC8B
:103A00000020102142F612324FF47843CDE9002114
:103A1000029052A24021FDF7D4FC0020102142F672
:103A200012324FF47843CDE90021029050A2602178
:103A3000FDF7C7FC002010214FF6FF7242F612334B
:103A4000CDE9002102904EA290211920FDF7B9FC8A
:103A500000200C2142F612321F23CDE900210290F2
:103A60004AA27221FDF7ADFC00200C2142F6123271
:103A70001F23CDE9002102902AA27E214B20FDF7D1
:103A8000A0FC6420FFF750FD03E00020FDF702F9E1
:103A90000446002CF9D000BF00F0AEF80BE0FFF7B1
:103AA0003BFEFFF7F3FC3E48006808B9012000E048
:103AB00000203B490860F2E7D90300201600010806
:103AC000BFC6B5CFCCD800004C4D58323539320086
:103AD00054455354000000004D55584F55543A205A
:103AE0005041370053434B3A20504136000000000C
:103AF0005344493A20504133000000004353423AB6
:103B00005041320052414D504449523A50413100E7
:103B1000507265737320616E79206B657920746FC4
:103B200020000000636F6E74696E756521000000EF
:103B30004D6F64656C3A204C4D5832353932000077
:103B400046756E3A20504C4C000000004F55543AD8
:103B50002031304D487A2D4D696E00004F55543A52
:103B60002031353030304D487A2D4D6178000000DD
:103B7000506F7765723A202B355640314100000076
:103B8000504C4C202D205445535400005072657306
:103B90007320616E79206B657920746F00000000DE
:103BA000A00122421048114908603F2008711048C6
:103BB000886041100D48C1604FF47A7101610121A4
:103BC000416100210B48094AC2E90610C2E9081008
:103BD000C2E90A10C2E90C100120114681F8400028
:103BE00081F841007047000040420F009803002018
:103BF000400D03000000F03F0EB54FF4FC60A02321
:103C00008022002100900846FDF73DF900200C219C
:103C100047F6FF721F23CDE900210290DEA2014684
:103C2000FDF7CFFB47F67C500E2363220D21009059
:103C30000020FDF728F900200C214FF4FC624FF41E
:103C40007843CDE900210290D6A20F21FDF7B9FB00
:103C50000C204FF4FC611F22CDE900210290D348D3
:103C600008230F2102681E20FDF712FB00200C2103
:103C70004FF4FC624FF47843CDE900210290CCA2CE
:103C80000F215020FDF79DFB47F67C501D2363223A
:103C90001C2100900020FDF7F6F800200C214FF4C5
:103CA000FC624FF47843CDE900210290C1A21E21AD
:103CB000FDF787FB0C204FF4FC611F22CDE90021AA
:103CC0000290BA48027902231E213C20FDF7E0FA57
:103CD00000200C214FF4FC624FF47843CDE9002121
:103CE0000290B6A21E214B20FDF76BFB47F67C50DD
:103CF0002C2363222B2100900020FDF7C4F8002024
:103D00000C2147F6FF721F23CDE900210290ADA2DE
:103D10002F21FDF756FB47F67C503D2363223C21C3
:103D200000900020FDF7AFF800200C214FF4FC625A
:103D30004FF47843CDE900210290A5A23E21FDF782
:103D400040FB0C204FF4FC611F22CDE900210290C2
:103D5000964808233E2182681E20FDF799FA00202C
:103D60000C214FF4FC624FF47843CDE9002102901E
:103D70008FA23E215020FDF724FB47F67C504C23B8
:103D800063224B2100900020FDF77DF800200C21DC
:103D90004FF4FC624FF47843CDE9002102908EA2EB
:103DA0004D21FDF70EFB0C204FF4FC611F22CDE9E5
:103DB000002102907D4808234D21C2681E20FDF796
:103DC00067FA00200C214FF4FC624FF47843CDE9F0
:103DD0000021029076A24D215020FDF7F2FA47F61D
:103DE0007C505B2363225A2100900020FDF74BF8A2
:103DF00000200C214FF4FC624FF47843CDE9002100
:103E0000029077A25C21FDF7DCFA0C204FF4FC61F4
:103E10001F22CDE900210290644808235C21026939
:103E20001E20FDF735FA00200C214FF4FC624FF400
:103E30007843CDE9002102905DA25C215020FDF77E
:103E4000C0FA47F67C506A23632269210090002063
:103E5000FDF719F800200C214FF4FC624FF4784371
:103E6000CDE90021029060A26B21FDF7AAFA0C2097
:103E70004FF4FC611F22CDE9002102904B4803233F
:103E80006B2142691E20FDF703FA00200C214FF43C
:103E9000FC624FF47843CDE90021029054A26B21DB
:103EA0005020FDF78EFA47F67C5079236322782163
:103EB00000900020FCF7E7FF00200C2147F6FF727E
:103EC0001F23CDE9002102904AA296214620FDF74A
:103ED00078FA002010214FF61F021F23CDE90021A0
:103EE000029046A20F216E20FDF76BFA00201021F0
:103EF0004FF61F021F23CDE90021029040A232217C
:103F00006E20FDF75EFA002010214FF61F021F23DE
:103F1000CDE9002102903BA255216E20FDF751FA18
:103F2000002010214FF61F021F23CDE9002102902F
:103F300035A278216E20FDF744FA002010214FF6BB
:103F40001F021F23CDE90021029030A291216E2093
:103F5000FDF737FA4FF47840A02364220021009047
:103F60001046FCF72CFFFFF791FA104890F841003B
:103F7000012805D1FFF726FA01202549087009E03C
:103F80000A4890F84100022804D100F005FF022001
:103F90001F4908700EBD00004357204D4F44452077
:103FA00000000000467265713A000000980300208E
:103FB0004B487A00506F7765723A00005374657011
:103FC000000000005357204D4F44452000000000E2
:103FD0004D61783A000000004D696E3A0000000023
:103FE000537465703A00000054696D653A00000032
:103FF0006D7300005341564500000000555000000D
:10400000444E00004C460000525400004F4B00004C
:104010000400002000210748074AC2E90610C2E94F
:104020000810C2E90A10C2E90C100120114681F8FB
:10403000400070470000F03F9803002010B5024692
:10404000012000E050430B1EA1F10104E1B2F9D1BF
:1040500010BD00000EB50120144981F841000C206C
:104060004FF4FC611F22CDE9002102900F48027934
:1040700002231E213C20FDF70BF900200C211F22FA
:10408000D302CDE90021029009A21E21FDF799F982
:1040900000200C214FF4FC624FF47843CDE900215D
:1040A000029005A20F21FDF78CF90EBD98030020A8
:1040B000506F7765723A0000467265713A000000F1
:1040C0003EB516480079401E14490871084600792B
:1040D0003F2801DD0120087110480079012802DA2B
:1040E0003F200E4908710C204FF4FC614FF47842D8
:1040F000CDE9002102900948027902231E213C20CB
:10410000FDF7C6F80549086801F04CF90446034874
:104110000279204600F0F0F83EBD00009803002030
:104120000EB50C204FF4FC614FF47842CDE900212C
:1041300002900448027902231E213C20FDF7A8F8D2
:104140000EBD0000980300203EB516480079401CC3
:1041500014490871084600793F2801DD01200871E3
:1041600010480079012802DA3F200E4908710C201E
:104170004FF4FC614FF47842CDE9002102900948E8
:10418000027902231E213C20FDF782F805490868C8
:1041900001F008F9044603480279204600F0ACF823
:1041A0003EBD0000980300200EB500200C211F2208
:1041B000D302CDE9002102900FA296214620FDF7FF
:1041C00000F900200C214FF4FC624FF47843CDE954
:1041D000002102900AA21E21FDF7F3F800200C2115
:1041E0004FF4FC624FF47843CDE90021029006A21F
:1041F0006B21FDF7E6F80EBD534156450000000067
:10420000506F7765723A000054696D653A0000009E
:104210001CB5002001900090002435480468200C53
:104220000190A0B20090012201A93248FEF764FC7F
:10423000012269462F48801CFEF75EFC01222C49B2
:10424000091D2C48001DFEF757FC29488468200CE6
:104250000190A0B20090012201A92648801DFEF71E
:104260004BFC0122694623480830FEF745FC2048F4
:10427000C468200C0190A0B20090012201A91D4841
:104280000A30FEF739FC012269461A480C30FEF765
:1042900033FC17480469200C0190A0B20090012261
:1042A00001A914480E30FEF727FC01226946114887
:1042B0001030FEF721FC0E484469200C0190A0B29A
:1042C0000090012201A90B481230FEF715FC0122D3
:1042D000694608481430FEF70FFC012204494131B9
:1042E00004481630FEF708FCFFF786FC1CBD0000F2
:1042F0009803002000000108F8B505460E46144654
:104300000022034B284631460094FCF789FBF8BD98
:104310000000F03F2DE9F84F04460D4616469A4638
:104320004FF000091BE0AC4219D24FF0000911E038
:1043300009FB064001F036F807460C4800790022D8
:104340000B4B00903846FCF76BFB5046FFF7ECF840
:1043500009F10109281BB0FBF6F04845E8D80548EB
:1043600000780028DFD1BDE8F88F00009803002016
:104370000000F03F010000202DE9FF471649886842
:1043800001F010F804461448D0E90863324620468C
:1043900001F098F9804600F0C1FF0F498860084697
:1043A000806842F21071884202D208460A49886049
:1043B000094890F840000C214FF4FC621F23CDE91E
:1043C0000032CDE90210044808233E2182681E20F5
:1043D000FCF7A9FFBDE8FF87980300201FB5094837
:1043E00090F840000C214FF4FC621F23CDE900320D
:1043F000CDE90210034808233E2182681E20FCF705
:1044000092FF1FBD980300207FB51D4890F8400023
:10441000401C1B4981F84000084690F840000828DD
:1044200002DD082081F8400015480022154BD0E934
:104430000841204601F006F8114AC2E90801104679
:104440000022114BD0E90841204601F0F9F804D2CE
:1044500000210D480A4AC2E90810094890F84000B6
:104460000C214FF4FC621F23CDE90032CDE902108C
:10447000034808233E2182681E20FCF754FF7FBDBD
:104480009803002000002440D01263417FB51D48EE
:1044900090F84000401E1B4981F84000084690F803
:1044A0004000002802DA012081F84000154800226F
:1044B000154BD0E90841204600F0D8FD114AC2E969
:1044C000080110460022114BD0E90841204600F0B7
:1044D0007DFF04D200210D480A4AC2E908100948AC
:1044E00090F840000C214FF4FC621F23CDE900320C
:1044F000CDE90210034808233E2182681E20FCF704
:1045000012FF7FBD98030020000024400000F03F10
:104510000EB500211748184AC2E9081001201146BB
:1045200081F8400000200C211F22D302CDE9002198
:10453000029012A23E21FCF744FF00200C214FF410
:10454000FC624FF47843CDE9002102900DA24D2189
:10455000FCF737FF0C204FF4FC611F22CDE900214E
:104560000290054808233E2182681E20FCF790FE39
:104570000EBD00000000F03F980300204D61783A26
:10458000000000004D696E3A000000002DE9FF4771
:104590001649886800F006FF04461448D0E908630D
:1045A0003246204600F0AEFC804600F0B7FE0F49D0
:1045B0008860084680680E49884202D908460B493F
:1045C00088600A4890F840000C214FF4FC621F23D9
:1045D000CDE90032CDE90210044808233E2182686B
:1045E0001E20FCF7A0FEBDE8FF8700009803002016
:1045F000C0E1E4002DE9FF471649C86800F0D2FE8B
:1046000004461448D0E90A633246204601F05AF8BD
:10461000804600F083FE0F49C8600846C06842F239
:104620001071884201D20B48C1600A4890F84000DE
:104630000C214FF4FC621F23CDE90032CDE90210BA
:10464000044808234D21C2681E20FCF76CFEBDE81B
:10465000FF870000980300201FB5094890F840002C
:104660000C214FF4FC621F23CDE90032CDE902108A
:10467000034808234D21C2681E20FCF754FE1FBDCD
:10468000980300207FB51D4890F84000401C1B494E
:1046900081F84000084690F84000082802DD082014
:1046A00081F8400015480022154BD0E90A41204608
:1046B00000F0C8FE114AC2E90A0110460022114B5F
:1046C000D0E90A41204600F0BBFF04D200210D488A
:1046D0000A4AC2E90A10094890F840000C214FF438
:1046E000FC621F23CDE90032CDE902100348082304
:1046F0004D21C2681E20FCF716FE7FBD98030020E6
:1047000000002440D01263417FB51D4890F840005E
:10471000401E1B4981F84000084690F840000028E0
:1047200002DA012081F8400015480022154BD0E93B
:104730000A41204600F09AFC114AC2E90A011046DB
:104740000022114BD0E90A41204600F03FFE04D27E
:1047500000210D480A4AC2E90A10094890F84000B1
:104760000C214FF4FC621F23CDE90032CDE9021089
:10477000034808234D21C2681E20FCF7D4FD7FBDED
:1047800098030020000024400000F03F0EB50021F7
:104790001D481E4AC2E90A100120114681F8400056
:1047A00000200C211F22D302CDE90021029018A283
:1047B0004D21FCF706FE00200C214FF4FC624FF463
:1047C0007843CDE90021029013A23E21FCF7F9FDC8
:1047D00000200C214FF4FC624FF47843CDE9002116
:1047E00002900FA25C21FCF7ECFD0C204FF4FC6161
:1047F0001F22CDE900210290044808234D21C26800
:104800001E20FCF745FD0EBD0000F03F9803002080
:104810004D696E3A000000004D61783A00000000DA
:10482000537465703A0000002DE9FF471549C868C8
:1048300000F0B8FD04461348D0E90A63324620462A
:1048400000F060FB804600F069FD0E49C860084634
:10485000C0680D49884201D90A48C160094890F8EA
:1048600040000C214FF4FC621F23CDE90032CDE95A
:104870000210044808234D21C2681E20FCF753FD96
:10488000BDE8FF8798030020C0E1E4002DE9FF4761
:104890001549086900F086FD04461348D0E90C6309
:1048A0003246204600F00EFF804600F037FD0E49EC
:1048B00008610846006910B901210B4801610A48E6
:1048C00090F840000C214FF4FC621F23CDE9003228
:1048D000CDE90210044808235C2102691E20FCF780
:1048E00022FDBDE8FF870000980300201FB509489E
:1048F00090F840000C214FF4FC621F23CDE90032F8
:10490000CDE90210034808235C2102691E20FCF750
:104910000AFD1FBD980300207FB51D4890F8400098
:10492000401C1B4981F84000084690F840000828C8
:1049300002DD082081F8400015480022154BD0E91F
:104940000C41204600F07EFD114AC2E90C011046E0
:104950000022114BD0E90C41204600F071FE04D238
:1049600000210D480A4AC2E90C10094890F840009D
:104970000C214FF4FC621F23CDE90032CDE9021077
:10498000034808235C2102691E20FCF7CCFC7FBD94
:104990009803002000002440D01263417FB51D48D9
:1049A00090F84000401E1B4981F84000084690F8EE
:1049B0004000002802DA012081F84000154800225A
:1049C000154BD0E90C41204600F050FB114AC2E9DA
:1049D0000C0110460022114BD0E90C41204600F09A
:1049E000F5FC04D200210D480A4AC2E90C1009481E
:1049F00090F840000C214FF4FC621F23CDE90032F7
:104A0000CDE90210034808235C2102691E20FCF74F
:104A10008AFC7FBD98030020000024400000F03F86
:104A20000EB500211D481E4AC2E90C100120114696
:104A300081F8400000200C211F22D302CDE9002183
:104A4000029018A25C21FCF7BCFC00200C214FF462
:104A5000FC624FF47843CDE90021029013A24D216E
:104A6000FCF7AFFC00200C214FF4FC624FF47843BC
:104A7000CDE9002102900FA26B21FCF7A2FC0C20D3
:104A80004FF4FC611F22CDE9002102900448082365
:104A90005C2102691E20FCF7FBFB0EBD0000F03F0D
:104AA00098030020537465703A0000004D696E3A17
:104AB0000000000054696D653A0000002DE9FF47D1
:104AC0001549086900F06EFC04461348D0E90C63F0
:104AD0003246204600F016FA804600F01FFC0E49D0
:104AE0000861084600690D49884201D90A480161F8
:104AF000094890F840000C214FF4FC621F23CDE9D7
:104B00000032CDE90210044808235C2102691E200E
:104B1000FCF709FCBDE8FF87980300208096980009
:104B20002DE9FF471549486900F03CFC044613484D
:104B3000D0E90E633246204600F0C4FD804600F006
:104B4000EDFB0E4948610846406910B901210B4848
:104B500041610A4890F840000C214FF4FC621F2389
:104B6000CDE90032CDE90210044803236B214269EC
:104B70001E20FCF7D8FBBDE8FF870000980300204B
:104B80001FB5094890F840000C214FF4FC621F2328
:104B9000CDE90032CDE90210034803236B214269BD
:104BA0001E20FCF7C0FB1FBD980300207FB51D48E9
:104BB00090F84000401C1B4981F84000084690F8DE
:104BC0004000032802DD032081F840001548002240
:104BD000154BD0E90E41204600F034FC114AC2E9E1
:104BE0000E0110460022114BD0E90E41204600F084
:104BF00027FD04D200210D480A4AC2E90E100948D7
:104C000090F840000C214FF4FC621F23CDE90032E4
:104C1000CDE90210034803236B2142691E20FCF7F3
:104C200082FB7FBD9803002000002440D012634126
:104C30007FB51D4890F84000401E1B4981F8400098
:104C4000084690F84000002802DA012081F8400070
:104C500015480022154BD0E90E41204600F006FA17
:104C6000114AC2E90E0110460022114BD0E90E4153
:104C7000204600F0ABFB04D200210D480A4AC2E9ED
:104C80000E10094890F840000C214FF4FC621F23DD
:104C9000CDE90032CDE90210034803236B214269BC
:104CA0001E20FCF740FB7FBD98030020000024403D
:104CB0000000F03F0EB500211848194AC2E90E1055
:104CC0000120114681F84000022081F841000020B7
:104CD0000C211F22D302CDE90021029011A26B21E9
:104CE000FCF76FFB00200C214FF4FC624FF478437B
:104CF000CDE9002102900DA25C21FCF762FB0C20A3
:104D00004FF4FC611F22CDE90021029004480323E7
:104D10006B2142691E20FCF7BBFA0EBD0000F03F7C
:104D20009803002054696D653A0000005374657063
:104D30003A0000002DE9FF471649486900F032FBB0
:104D400004461448D0E90E633246204600F0DAF8F3
:104D5000804600F0E3FA0F49486108464069B0F523
:104D60007A7F03D94FF47A710A484161094890F873
:104D700040000C214FF4FC621F23CDE90032CDE945
:104D80000210044803236B2142691E20FCF7CBFA72
:104D9000BDE8FF87980300203EB501202349087035
:104DA00000200C211F22D302CDE90021029020A275
:104DB0002F21FCF706FB00200C2147F6FF721F2372
:104DC000CDE9002102901DA20146FCF7FAFA00206D
:104DD0000C2147F6FF721F23CDE9002102901AA291
:104DE00096214620FCF7EDFA00200C214FF4FC62DE
:104DF0004FF47843CDE90021029015A26B21FCF716
:104E0000E0FA00200C214FF4FC624FF47843CDE926
:104E10000021029010A23E21FCF7D3FA104C237D12
:104E20002269A168E068FFF775FA3EBD0100002025
:104E30005357204D4F444520000000004357204D5C
:104E40004F4445200000000053415645000000003B
:104E500054696D653A0000004D61783A0000000029
:104E60009803002010B586B00446012144F20500E5
:104E7000FCF7C4FB4FF40070ADF8140003208DF86C
:104E8000160018208DF8170005A91C48FBF700FE36
:104E90004FF48060ADF8140004208DF8170005A9C8
:104EA0001648FBF7F5FD25208DF8000003208DF84E
:104EB00001008DF8020001208DF803006846FCF720
:104EC00059FB01940020ADF80800ADF80A00ADF8D8
:104ED0000C00ADF810000C20ADF80E0001A9084838
:104EE000FEF786F8012240F225510548FEF75AF8F0
:104EF00001210348FEF720F806B010BD000801406C
:104F00000038014010B591EA030F48BF83F0004319
:104F100000F1E083841A71EB030C05D2121943EB04
:104F20000C03001B61EB0C01DFF824E14FEA115484
:104F3000A4EB135C1EEA430F18BF9EEA445F73D0D4
:104F400023EA0E03DCF1200E21EA045143F480131E
:104F500032D322FA0CFE10EB0E0023FA0CFE41EBCA
:104F60000E01CCF1200E03FA0EFE10EB0E0051F1F3
:104F70000001B1F5801FCCF1200E32D201EB0451BB
:104F800012FA0EF2BDE8104058BF7047401C38BFFF
:104F90005FEA420218BF7047002814BF20F00100EA
:104FA00041F100014FEA410313F5001F38BF70477C
:104FB000A1F1C04100F03EBB012A43EB0302ACF17A
:104FC000200CDCF11F0E32BF4FF0000E23FA0CF361
:104FD00010EB030041EB0451B4EB115FD0D0A1EB17
:104FE000045101F5801149085FEA300001EB0451DA
:104FF0000ED350F1000038BF12FA0EFE08D1BDE802
:105000001040C9E7401C38BF5FEA4202CAD1C3E77B
:10501000BDE810404FEA410313F5001F38BF704749
:10502000A1F1C04100F006BB9EEA445F08D011EA3E
:105030005E0FBDE8104004BF01F000410020704742
:10504000BDE8104070B500F0A7FA00BF64FBBE3E9B
:105050000000E0FF491058BFC1F140415B1058BF4C
:10506000C3F140438B42EFF3008070472DE9C0410C
:1050700030B4DFF8A0C23CEA111418BF3CEA1314A4
:1050800000F0EC8081EA03051CEA111444EAD574AF
:1050900018BF1CEA131500F0C780A4EB05044FF0FD
:1050A000004545EAC12145EAC32341EA505143EA9C
:1050B000525304F17F74994204F500344FEAC02042
:1050C0004FEAC22208BF904200F09C804FEA13656D
:1050D0000FF24016765D4FEA134506FB05F7C7F160
:1050E000807706FB07F74FEAD737A7FB03687642BE
:1050F000C8F58038A7FB06CE38BFA8F1010807FB2A
:1051000008E64FF0000EA6FB028CE6FB03CEDCF1B6
:10511000000CCEF1004E38BFAEF1010EA6FB0C58CC
:105120004FF000074FF00005E6FB0E87A1FB08C615
:10513000A0FB07CE16EB0E0645F10005E1FB076567
:1051400015F1E04E7EBFA4F580345FEA46066D415E
:1051500016F1800745F100054FEA17274FEA06666A
:1051600047EA0567A6F1DE46B6F1805F4FEA1525EE
:105170001FD9384624F0010C05EBC471BCF1FE6F59
:1051800001EB0C1102D8F0BCBDE8008124425CBFE9
:1051900001F5801E9EEAC47F02D4F0BCBDE8008108
:1051A000244238D4F0BCA1F1C041BDE8004100F078
:1051B00041BA4FEAD22242EA43524FEAD323A7FB35
:1051C00002864FEAD02040EA415007FB03661EEA00
:1051D0000E0F4FEAD12105FB026658BFA6EB005621
:1051E000B6EB00564FEA520E4EEAC37E18EB0E0E97
:1051F00056EB530EBDD518EB02085E417F1C55F1EE
:105200000005B6E74FF480154FF000074FF0000699
:105210004FF00008ADE7F0BC4FF0000001F1C041D5
:1052200001F00041BDE8008111EA0C1F0CEA1315E2
:1052300000D00CE013EA0C1F00F025804FF00000B6
:10524000F0BC81EA030101F00041BDE80081F0BC3F
:10525000BDE8004181EA030100F0ECB9F0BCBDE813
:10526000004170B500F098F9097EFC3E00F007B8E7
:1052700081EA03014FF0000001F00041704781EA2C
:10528000030100F0D7B9F0BCBDE800414FF00000C9
:1052900021497047FFFDFBF9F7F5F4F2F0EEEDEB75
:1052A000E9E8E6E4E3E1E0DEDDDBDAD8D7D5D4D324
:1052B000D1D0CFCDCCCBCAC8C7C6C5C4C2C1C0BF70
:1052C000BEBDBCBBBAB9B8B7B6B5B4B3B2B1B0AF76
:1052D000AEADACABAAA9A8A8A7A6A5A4A3A3A2A15A
:1052E000A09F9F9E9D9C9C9B9A9999989797969515
:1052F00095949393929191908F8F8E8E8D8C8C8BB1
:105300008B8A898988888787868585848483838238
:10531000828181800000FF070000F87F4FEA11536F
:10532000A3F58063D3F11E03A8BFD3F1200C08DBE3
:105330004FF0004242EAC12252EA505232FA03F0E0
:10534000704709420BD4102BC4BF0020704703F5EF
:10535000787CBCF1FF3F05D04FF0FF3070474FF035
:105360000000704770B500F017F900BF4992248023
:1053700000207047F0E710F0004248BF4042B0FA0A
:1053800080F310FA03F10AD0C3F11D0303F5806323
:105390004FEA415002EB035202EBD12170474FF02C
:1053A00000007047B0FA80F310FA03F10AD0C3F19D
:1053B0001D0303F580634FEA41504FEA035202EBAD
:1053C000D12170474FF000007047000051EA030CF4
:1053D00017D41CF5801F58BFBCF5801F00F1068054
:1053E000994218BF704708BF9042704707D711F520
:1053F000801F58BF13F5801F19D499427047894206
:1054000070471CF5801F08D5BCF5801FF7D58B426F
:1054100018BF704708BF824270474FF4001C1CEB56
:10542000410F38BF1CEB430F01D28B42704770B560
:1054300000F0B2F8922449004FF000514FF0805331
:10544000FFF708BEDFF848C170B51CEA111E1EBF89
:105450001CEA13159EEA0C0F95EA0C0F00F06F8002
:1054600081EA030423EA4C134EEAD47E21EA4C116C
:1054700041F4801143F48013AE44A1FB024CA0FB25
:105480000365AEF17F7E361955EB0C05A1FB034C8D
:105490004CF10003A0FB021C16EB0C06654153F116
:1054A0000003094218BF46F0010613F4007F0BD138
:1054B0004FEA03314FEA0530340341EA155140EA1F
:1054C00016506FF003020AE04FEAC3214FEAC520ED
:1054D000F40241EA555140EA56506FF0020202EBE5
:1054E0002E4201EB025585EACE710AD05FEA440CE8
:1054F00018BF24F0004450F1000041F1000120EAFF
:10550000D47040F2FE7C624500D270BDA84214BF48
:105510004FF080444FF04044002E08BF0024BEF1FD
:10552000806FA8BFA1F1C041BDE8704080F28280C9
:105530004FF0000001F1C04101F0004170479EEAC8
:105540000C0F0CEA131518BF95EA0C0F06D04FF09C
:10555000000081EA030E0EF0004170BD00F01CF85F
:105560008900013E00F007B800F009B84FEA430C8B
:105570005FEA5C5C08D081EA030100F05BB84FEAA7
:10558000410C5FEA5C5CF6D14FF0000001497047C6
:105590000000FF070000F87F0EF1020E2EF0030E50
:1055A0005EF8046B364205D4012A43EB030515F57A
:1055B000001F12D8012841EB010C1CF5001F0CD86C
:1055C0000ED14FEAD17C15F5001F0CEB4C0C0CF101
:1055D000020C08BF4CEBD37C04E04FF0080C01E058
:1055E0004FEAD37C0CEB4C0526FA05F606F00706CD
:1055F000B6F1040C06D20EEB860CBDE870404CF000
:10560000010C6047DFE80CF0090B02024FF000418B
:105610004FF00000A1F5002170BD19461046012889
:1056200051EB010418BFD4F5001484BF002001F031
:10563000004170BD0808A0F500114FEA3101704724
:1056400053EA010C17D41CF5801F58BFBCF5801F0E
:1056500000F106808B4218BF704708BF8242704736
:1056600007D713F5801F58BF11F5801F19D48B423F
:1056700070479B4270471CF5801F08D5BCF5801F02
:10568000F7D5994218BF704708BF904270474FF452
:10569000001C1CEB430F38BF1CEB410F01D2994299
:1056A00070470FB40CBC03BCFFF7C1BE91EA030FF7
:1056B00010B581F000413FF52DAC83F0004300F0C0
:1056C00009B8000010B591EA030F48BF83F000430A
:1056D0003FF520AC841A71EB030C07D212198CF041
:1056E000004C43EB0C03001B61EB0C01DFF8A4E161
:1056F0004FEA1154A4EB135C1EEA430F18BF9EEA55
:10570000445F00F0B08023EA6E03524221EA045164
:10571000C3EB6E0338BF5B1EDCF1200E25D322FAEB
:105720000CFE10EB0E0043FA0CFE41EB0E01CCF127
:10573000200E03FA0EFE10EB0E0051F10001CCF129
:10574000200E29D412FA0EF201EB0451BDE81040EC
:1057500058BF7047401C1CBFB2F1004F7047002873
:105760000CBF491C20F00100704712EB020E43EB06
:10577000030218BF4FF0010E4EEA4202ACF1200CBA
:10578000DCF11E0E54D943FA0CFE10EB0E0051F161
:10579000FF31CCF11E0ED5D50EF1010E12FA0EFE20
:1057A000404141EB010101EB445C5FEA5C5C10D9D4
:1057B00010EBDE7001EB045138BFBEF1004FBDE8C5
:1057C000104018BF704700280CBF491C20F0010092
:1057D000704730D24FEAD42C11F5001124F4006444
:1057E0001BD0B1FA81F20B3AA41AA41ED2F1200305
:1057F000914030FA03F31943904001EBCC71002C37
:1058000001EB0451BDE81040A8BF704701F1C04151
:105810004FF0000001F000417047B0FA80F310FA39
:1058200003F100D110BDE41A173C4805C90AE4E7AA
:1058300001EB045110BD491001EB0451BDE81040CB
:105840004FEA300002E04FF0000170474A0008BF05
:105850000042F8D0B2F5001F28BF704701F00041A8
:105860004FF0000070479EEA445F07D011EA5E0FD8
:10587000BDE8104004BF002100207047BDE8104083
:1058800070B5FFF789FE00BF40DFF63E83F00041B0
:10589000104670470000E0FF00000000000000001C
:1058A00000000000000004040404040000040000E0
:1058B00014140A00000000000000000000000A0AA2
:1058C0001F0A0A1F0A0A000000040E1505060C1420
:1058D000150E0400000012150D152E2C2A120000C2
:1058E0000000040A0A3615152916000002020100FC
:1058F0000000000000000000100808040404040474
:10590000080810000204040808080808040402003B
:1059100000000004150E0E15040000000000000831
:10592000083E080800000000000000000000000021
:105930000202010000000000003F00000000000023
:105940000000000000000000000200000020101015
:10595000080804040202010000000E1111111111C7
:10596000110E00000000040604040404040E0000EC
:1059700000000E1111080402011F000000000E11AA
:10598000100C1010110E00000000080C0C0A091F6A
:10599000081C000000001F01010F1110110E000073
:1059A00000000C12010D1311110E000000001E105A
:1059B000080804040404000000000E11110E111167
:1059C000110E000000000E1111191610090600003A
:1059D00000000000040000000004000000000000BF
:1059E0000004000000040400000010080402020487
:1059F00008100000000000003F003F000000000011
:105A000000000204081010080402000000000E113B
:105A1000110804040004000000001C22292D2D1D83
:105A2000221C0000000004040C0A0A1E12330000AD
:105A300000000F12120E1212120F000000001E11B1
:105A400001010101110E000000000F1212121212CA
:105A5000120F000000001F120A0E0A02121F00009F
:105A600000001F120A0E0A020207000000001C12AA
:105A700001013911120C000000003312121E121223
:105A80001233000000001F0404040404041F00007B
:105A900000003E0808080808080809070000371237
:105AA0000A060A1212370000000007020202020270
:105AB000223F000000003B1B1B1B15151535000085
:105AC00000003B1216161A1A1217000000000E11E1
:105AD00011111111110E000000000F12120E02021E
:105AE0000207000000000E1111111117190E180005
:105AF00000000F12120E0A121237000000001E11D1
:105B000001060810110F000000001F150404040412
:105B1000040E00000000331212121212120C0000C8
:105B200000003312120A0A0C0404000000001515CC
:105B300015150E0A0A0A000000001B0A0A04040ACE
:105B40000A1B000000001B0A0A0A0404040E0000DD
:105B500000001F0908040402121F00001C040404B2
:105B60000404040404041C000002020404040808E1
:105B7000081010000E0808080808080808080E0099
:105B8000040A000000000000000000000000000007
:105B9000000000000000003F0204000000000000C0
:105BA0000000000000000000000C121C123C00006D
:105BB00000030202020E1212120E0000000000008A
:105BC000001C1202120C000000181010101C1212FF
:105BD000123C000000000000000C121E021C00001D
:105BE00000182404041E0404041E00000000000029
:105BF000003C120C021C221C00030202020E1212B4
:105C0000123700000004040000060404040E000023
:105C100000080800000C0808080808070003020232
:105C2000021A0A060A13000000070404040404040C
:105C3000041F000000000000000F151515150000DE
:105C400000000000000F12121237000000000000D8
:105C5000000C1212120C000000000000000F1212C3
:105C6000120E020700000000001C1212121C103855
:105C700000000000001B06020207000000000000F8
:105C8000001E020C101E000000000004041E04048C
:105C9000041C000000000000001B1212123C000057
:105CA00000000000001B0A0A0404000000000000BD
:105CB0000015150E0A0A000000000000001B0A046F
:105CC0000A1B000000000000003312120C0804033D
:105CD00000000000001E0804041E00001808080848
:105CE000080C080808081800080808080808080828
:105CF0000808080806040404040804040404060050
:105D00001609000000000000000000000000000074
:105D1000000000000000000000000000000000087B
:105D200008080808080800001818000000486C243B
:105D3000120000000000000000000000000000242D
:105D400024247F1212127F12121200000000081C7D
:105D50002A2A0A0C1828282A2A1C080800000022CF
:105D6000251515152A585454542200000000000C23
:105D70001212120A76252911916E000000060604FF
:105D800003000000000000000000000000402010A0
:105D90001008080808080810102040000002040835
:105DA0000810101010101008080402000000000075
:105DB00008086B1C1C6B08080000000000000000B5
:105DC000080808087F080808080000000000000014
:105DD00000000000000000000606040300000000B0
:105DE00000000000FE0000000000000000000000B5
:105DF00000000000000000000606000000008040D7
:105E000040202010100808040402020000000018BE
:105E1000244242424242424224180000000000084C
:105E20000E08080808080808083E00000000003CAA
:105E30004242422020100804427E00000000003C44
:105E40004242201820404042221C00000000002056
:105E50003028242422227E20207800000000007EAA
:105E60000202021A26404042221C000000000038B4
:105E70002402021A26424242241800000000007E3A
:105E80002222101008080808080800000000003C42
:105E90004242422418244242423C000000000018C2
:105EA0002442424264584040241C0000000000008C
:105EB0000000181800000000181800000000000082
:105EC0000000000800000000000808040000004076
:105ED0002010080402040810204000000000000008
:105EE00000007F0000007F000000000000000002B2
:105EF0000408102040201008040200000000003CAC
:105F00004242464020101000181800000000001CFB
:105F1000225A555555552D42221C000000000008FC
:105F200008181414243C224242E700000000001F1D
:105F30002222221E22424242221F00000000007C38
:105F40004242010101010142221C00000000001F29
:105F50002242424242424242221F00000000003FD1
:105F60004212121E12120242423F00000000003F85
:105F70004212121E12120202020700000000003C30
:105F80002222010101712122221C0000000000E7F1
:105F9000424242427E42424242E700000000003E4E
:105FA0000808080808080808083E00000000007CEF
:105FB00010101010101010101010110F00000077AA
:105FC00022120A0E0A121222227700000000000795
:105FD0000202020202020202427F00000000007779
:105FE000363636362A2A2A2A2A6B0000000000E3B9
:105FF00046464A4A52525262624700000000001C64
:106000002241414141414141221C00000000003F2A
:10601000424242423E020202020700000000001C0F
:106020002241414141414D53321C60000000003F7C
:106030004242423E1212222242C700000000007C6F
:106040004242020418204042423E00000000007F0D
:106050004908080808080808081C0000000000E7B4
:106060004242424242424242423C0000000000E7BB
:106070004242222424141418080800000000006B77
:10608000494949495555362222220000000000E7BF
:10609000422424181818242442E700000000007746
:1060A0002222141408080808081C00000000007EC2
:1060B0002120101008040442423F00000078080824
:1060C0000808080808080808080878000000020204
:1060D000040408080810102020204040001E101062
:1060E000101010101010101010101E000038440076
:1060F00000000000000000000000000000000000A0
:106100000000000000000000000000FF0006080082
:10611000000000000000000000000000000000007F
:106120000000003C4278444242FC000000000003B2
:106130000202021A26424242261A00000000000013
:1061400000000038440202024438000000000060F1
:10615000404040784442424264D8000000000000C1
:106160000000003C427E0202423C0000000000F0C1
:106170008808087E08080808083E000000000000A3
:106180000000007C22221C023C42423C0000000332
:106190000202023A4642424242E700000000000C7E
:1061A0000C00000E08080808083E0000000000303F
:1061B00030000038202020202020221E0000000374
:1061C00002020272120A1612227700000000000E6C
:1061D0000808080808080808083E00000000000039
:1061E0000000007F9292929292B70000000000009F
:1061F0000000003B4642424242E70000000000002F
:106200000000003C42424242423C000000000000CC
:106210000000001B26424242221E0207000000002E
:106220000000007844424242447840E00000000010
:10623000000000774C040404041F0000000000006C
:106240000000007C42023C40423E00000000000092
:106250000008083E08080808083000000000000098
:10626000000000634242424262DC00000000000085
:10627000000000E742242414080800000000000089
:10628000000000EB494955552222000000000000A3
:106290000000007624181818246E0000000000008A
:1062A000000000E74224241418080807000000003A
:1062B0000000007E22100808447E000000C020205C
:1062C00020202010202020202020C000101010109E
:1062D00010101010101010101010101000060808E8
:1062E0000808081008080808080806000C32C20050
:1062F000000000000000000000000000000000009E
:10630000000000000000000000000000000000008D
:10631000000000000000000000000000000000007D
:10632000000000000000000000000000000000006D
:10633000000000006000600060006000600060001D
:10634000600040002000200020000000000000004D
:10635000600060006000000000000000000000001D
:1063600060066006300398018800440000000000C9
:10637000000000000000000000000000000000001D
:10638000000000000000000000000000000000000D
:10639000000000001002100210021002FE07FE07AB
:1063A00008020801080108010801FE07FE070401B0
:1063B00004010401040100000000000000000000CE
:1063C000000040004000F00158034C03CC034C0097
:1063D00058007000E000C001C00140034C035C03A2
:1063E0004C034801F00040004000000000000000A5
:1063F000000000000E010A0191009100910051007F
:1064000051003A00AE03A00250045004480448046E
:106410004804840284030000000000000000000023
:106420000000000038006C006C006C006C006C0018
:106430002C0098071C011A01330133016301E300AA
:10644000C308C6093C07000000000000000000006F
:106450000C001C00100010000800040000000000E8
:10646000000000000000000000000000000000002C
:10647000000000000000000000000000000000001C
:106480000004000200018000800040004000200065
:1064900020002000200020002000200040004000BC
:1064A00080008000000100020004000000000000E5
:1064B000020004000800100010002000200040002E
:1064C000400040004000400040004000200020000C
:1064D000100010000800040002000000000000008E
:1064E00000000000000000004000C0004000460C1A
:1064F0004E0FD001F0015E0F460C400040004000FE
:10650000000000000000000000000000000000008B
:1065100000000000000000000000400040004000BB
:1065200040004000FE0F400040004000400040009E
:10653000000000000000000000000000000000005B
:10654000000000000000000000000000000000004B
:10655000000000000000000000000000000000003B
:106560000C001C00100010000800040000000000D7
:10657000000000000000000000000000000000001B
:1065800000000000FE070000000000000000000006
:1065900000000000000000000000000000000000FB
:1065A00000000000000000000000000000000000EB
:1065B00000000000000000000000000000000000DB
:1065C0001C001C001C000000000000000000000077
:1065D00000040006000200030001000180008000AA
:1065E0004000400060002000200010001000080063
:1065F00008000C000400060002000000000000007B
:10660000000000000000F00098010C030C030606D7
:1066100006060606060606060606060606060C0317
:106620000C039801F00000000000000000000000D2
:1066300000000000000040007C006000600060007E
:10664000600060006000600060006000600060004A
:1066500060006000FC03000000000000000000007B
:10666000000000000000F800840102030603060396
:10667000000300018001C00060002000100008023B
:1066800004020602FE0300000000000000000000FB
:106690000000000000007800C6008601860180012D
:1066A0008001C000700080010001000300030603A8
:1066B00006038601F8000000000000000000000052
:1066C00000000000000080018001C001A001A001C5
:1066D00090018801880184018201FE0F8001800100
:1066E00080018001E00700000000000000000000C1
:1066F000000000000000FC0304000400040004008B
:106700000400F4008C0104030003000306030603E5
:1067100082018401F8000000000000000000000079
:10672000000000000000E00118030C030C0004004E
:106730000600E60116030E06060606060606040611
:106740000C021803F0000000000000000000000030
:10675000000000000000F8070C060402040100011C
:1067600000018000800040004000400060006000A8
:1067700060006000600000000000000000000000F9
:10678000000000000000F8010C03060606060606DD
:106790000C021C03F000C8010C03060606060606E0
:1067A00006060C03F00100000000000000000000DD
:1067B000000000000000F0000C010C0306020606B9
:1067C0000606060606078C06780600060003000388
:1067D0000C018C01780000000000000000000000A7
:1067E00000000000000000000000000000000000A9
:1067F000E000E000E00000000000000000000000F9
:10680000E000E000E00000000000000000000000E8
:106810000000000000000000000000000000000078
:1068200060006000000000000000000000000000A8
:106830000000600060004000200020000000000018
:106840000000000000040002000180004000200061
:106850001000080004000800100020004000800024
:106860000001000200040000000000000000000021
:106870000000000000000000000000000000000018
:10688000FE07000000000000FE07000000000000FE
:1068900000000000000000000000000000000000F8
:1068A00000000000040008001000200040008000EC
:1068B00000010002000400020001800040002000EE
:1068C00010000800040000000000000000000000AC
:1068D000000000000000E0031806040C040C0C0C7F
:1068E0000C0C000780014000400040000000000048
:1068F000E000E000E00000000000000000000000F8
:1069000000000000E00018030C02CC0564056605D9
:10691000A605B604B604B604B604B602E4010C0437
:106920000C021803F000000000000000000000004E
:10693000000000000000600060005000D0009000E7
:106940009000880088010801F80104030403040290
:10695000020202060F0F000000000000000000000D
:10696000000000000000FE008C030C030C030C036D
:106970000C038C01FC000C030C020C060C060C062C
:106980000C060C03FE0100000000000000000000E7
:10699000000000000000E00318030C060C040404CF
:1069A00006000600060006000600060006040C04A9
:1069B0000C021803F00000000000000000000000BE
:1069C0000000000000007F008C010C030C030C068B
:1069D0000C060C060C060C060C060C060C060C032A
:1069E0000C038C017F00000000000000000000008C
:1069F000000000000000FF03060306040604060072
:106A000086008600FE0086008600860006000604DA
:106A100006040602FF030000000000000000000062
:106A2000000000000000FF03060306040604060041
:106A300086008600FE0086008600860006000600AE
:106A4000060006001F00000000000000000000001B
:106A5000000000000000F00018010C020C0204020B
:106A60000600060006000600C60F060306030C0318
:106A70000C031803F00000000000000000000000FC
:106A80000000000000000F0F0606060606060606B8
:106A900006060606FE07060606060606060606069D
:106AA000060606060F0F00000000000000000000B0
:106AB000000000000000FC03600060006000600057
:106AC00060006000600060006000600060006000C6
:106AD00060006000FC0300000000000000000000F7
:106AE000000000000000F807C000C000C000C000A7
:106AF000C000C000C000C000C000C000C000C00096
:106B0000C000C000C000C60066003C0000000000DD
:106B1000000000000000CF038601C60046002600EA
:106B2000160036002E006E004600C6008600860164
:106B3000060106038F0700000000000000000000AF
:106B40000000000000001F0006000600060006000E
:106B50000600060006000600060006000600060401
:106B600006040602FF030000000000000000000011
:106B70000000000000000707860386038E038E03D3
:106B80004E034E034A035A035A033A0332033203B5
:106B9000320312038707000000000000000000001D
:106BA0000000000000008E0F0C021C021C023402C8
:106BB0003402640264024402C40284028403840333
:106BC000040304031F020000000000000000000096
:106BD000000000000000F00098010C030C02060603
:106BE00006060606060606060606060606060C0243
:106BF0000C039801F00000000000000000000000FD
:106C0000000000000000FF00060306060606060658
:106C1000060606068603FE000600060006000600BD
:106C2000060006001F000000000000000000000039
:106C3000000000000000F00098010C030C020606A2
:106C400006060606060606060606060676064C0232
:106C5000CC039801F0008007000300000000000052
:106C6000000000000000FF010603060606060606F7
:106C700006060603FE004600C600860086010603DF
:106C8000060306060F0E00000000000000000000D2
:106C9000000000000000F8020C03060206020600D5
:106CA0000E003C00F800E003800300070206020625
:106CB00006060C03F00100000000000000000000C8
:106CC000000000000000FE07620461086108600027
:106CD00060006000600060006000600060006000B4
:106CE00060006000F80100000000000000000000EB
:106CF0000000000000001E070C020C020C020C0237
:106D00000C020C020C020C020C020C020C020C0213
:106D10000C021801F000000000000000000000005C
:106D20000000000000000F070602040104010C012E
:106D30000C018800880098009800500050007000F6
:106D400030002000200000000000000000000000D3
:106D5000000000000000F70E6204420446044604EE
:106D600064026402E402E4029C029C01980198011E
:106D7000880188008800000000000000000000007A
:106D80000000000000009E070C010801180190009F
:106D9000B0006000200060006000D000900088011A
:106DA000080104038E07000000000000000000003E
:106DB0000000000000000F0F060404020C0208018E
:106DC0001801B800B0007000600060006000600052
:106DD00060006000F80100000000000000000000FA
:106DE000000000000000FC070C0206030201800105
:106DF000800040004000200020001000180008041F
:106E00000C040402FE03000000000000000000006B
:106E1000E0032000200020002000200020002000AF
:106E20002000200020002000200020002000200062
:106E30002000200020002000E003000000000000EF
:106E4000000000000400040008000800100010000A
:106E500010002000200040004000C00080008000A2
:106E60000001000100020002000200040000000016
:106E70007C004000400040004000400040004000D6
:106E80004000400040004000400040004000400002
:106E900040004000400040007C0000000000600016
:106EA0009000080100000000000000000000000049
:106EB00000000000000000000000000000000000D2
:106EC00000000000000000000000000000000000C2
:106ED00000000000000000000000000000000000B2
:106EE00000000000000000000000000000000000A2
:106EF00000000000000000000000FF0F0000000084
:106F00001800600000000000000000000000000009
:106F10000000000000000000000000000000000071
:106F20000000000000000000000000000000000061
:106F30000000000000000000000000000000000051
:106F4000F0010C030C030003E0031C030E03060313
:106F500006038E0B7C0E0000000000000000000005
:106F60000000000008000E000C000C000C000C00DB
:106F7000CC013C031C060C060C060C060C060C0689
:106F80000C021C03E40100000000000000000000EF
:106F900000000000000000000000000000000000F1
:106FA000F0008C018C018601060006000600060236
:106FB0000C020C01F00000000000000000000000C6
:106FC000000000000002C0030003000300030003F0
:106FD00078038C030C03060306030603060306036B
:106FE00004038C077801000000000000000000008E
:106FF0000000000000000000000000000000000091
:10700000E001180308020C060C06FC070C000C003B
:1070100018041802E0010000000000000000000059
:10702000000000000000C0036006300630003000A1
:10703000FE01300030003000300030003000300001
:1070400030003000FC0100000000000000000000E3
:107050000000000000000000000000000000000030
:10706000F007D8068C018C018C019801F8000C0007
:10707000FC00CC03060306038E03F80000000000AA
:107080000000000008000E000C000C000C000C00BA
:10709000EC011C030C030C030C030C030C030C038A
:1070A0000C030C039E07000000000000000000001D
:1070B00000000000000060006000000000004000D0
:1070C0007C006000600060006000600060006000A4
:1070D00060006000FC0300000000000000000000F1
:1070E000000000000000C001C0010000000000011D
:1070F000F001800180018001800180018001800118
:107100008001800180018001CC007C000000000033
:107110000000000008000E000C000C000C000C0029
:107120008C038C008C004C006C005C008C008C018B
:107130000C010C039E07000000000000000000008E
:107140000000000040007C00600060006000600003
:10715000600060006000600060006000600060002F
:1071600060006000FC030000000000000000000060
:10717000000000000000000000000000000000000F
:107180003707EE0666066606660666066606660645
:1071900066066606FF0F0000000000000000000009
:1071A00000000000000000000000000000000000DF
:1071B000EE011C030C030C030C030C030C030C0367
:1071C0000C030C039E0700000000000000000000FC
:1071D00000000000000000000000000000000000AF
:1071E000F00098010C0306060606060606060606CB
:1071F0000C030C03F0000000000000000000000081
:10720000000000000000000000000000000000007E
:10721000EE011C030C060C060C060C060C060C06F4
:107220000C031C03EC010C000C003E0000000000ED
:10723000000000000000000000000000000000004E
:1072400078028C030C0306030603060306030603F9
:1072500004038C03780300030003C0070000000050
:10726000000000000000000000000000000000001E
:107270009F03580638061800180018001800180058
:1072800018001800FF0000000000000000000000CF
:1072900000000000000000000000000000000000EE
:1072A000F0031C030C020C023800F000C0030403BE
:1072B00004038C03FC01000000000000000000003B
:1072C000000000000000000020002000300030001E
:1072D000FE0130003000300030003000300030005F
:1072E00030023002E0010000000000000000000059
:1072F0000000000000000000000000000000080284
:107300008E030C030C030C030C030C030C030C0383
:107310000C039C0778010000000000000000000042
:10732000000000000000000000000000000000005D
:107330001E070C020801080118019000B000B000FF
:10734000600060002000000000000000000000005D
:10735000000000000000000000000000000000002D
:10736000F70E6204460464026402EC029C01980178
:1073700098019801080000000000000000000000D3
:1073800000000000000000000000000000000000FD
:10739000BC0718011001B00060006000E000900020
:1073A000080108039E070000000000000000000024
:1073B00000000000000000000000000000000000CD
:1073C0009E0708010801080190009000B0006000CD
:1073D000600060002000200024001C00000000006D
:1073E000000000000000000000000000000000009D
:1073F000FC018401C4004400600020003000180239
:1074000008020C03FC010000000000000000000066
:1074100000038000800080008000800080008000E9
:10742000800040002000400080008000800080003C
:1074300080008000800080000003000040004000C9
:10744000400040004000400040004000400040003C
:10745000400040004000400040004000400040002C
:10746000400040004000400040004000000000009C
:107470000C00100010001000100010001000100090
:10748000100020004000200010001000100010002C
:1074900010001000100010000C00000000001C0084
:1074A0002204C2048003000000000000000000006D
:1074B00000000000000000000000000000000000CC
:1074C00000000000000000000000000000000000BC
:1074D00000000000000000000000000000000000AC
:1074E000000000000000000000000000000000009C
:1074F000000000000000000000000000000000008C
:10750000000000000000000000000000000000007B
:10751000000000000000C001C001C001C001C001A6
:10752000C001C001800080008000800080008000D9
:10753000800000000000000000008001C003C003C4
:1075400080010000000000000000000000000000BA
:107550000000E01CE01CF01E700E38071803080144
:107560008400000000000000000000000000000097
:10757000000000000000000000000000000000000B
:1075800000000000000000000000000000000000FB
:10759000000000000000000020102010201020102B
:1075A0002010FE7FFE7F1008100810081008100839
:1075B00010081008FE7FFE7F080408040804080471
:1075C00008040000000000000000000000000000AF
:1075D0000000000000010001C007601910311831DF
:1075E0001839183938017001E001C0038007000F15
:1075F000001D003900311C311C310C310C11180DEB
:10760000E007000100010001000000000000000090
:1076100000000000000000001C1036186308630C16
:1076200063046304630263026301361D9C37802296
:107630008063406340632063206330631022183608
:10764000081C000000000000000000000000000016
:107650000000000000000000F00098018C018C0187
:107660008C018C018C00CC007800183E1C08360878
:10767000320863046304C304C303834306438E26B2
:10768000781C000000000000000000000000000066
:1076900000001C003C003C003000300010000C00DA
:1076A00006000000000000000000000000000000D4
:1076B00000000000000000000000000000000000CA
:1076C00000000000000000000000000000000000BA
:1076D00000000040002000100008000C000400061C
:1076E000000300030003800180018001800180010C
:1076F00080018001800100030003000300060006F2
:10770000000C0008001000200040000000000000F5
:10771000000002000400080010003000200060009B
:10772000C000C000C0008001800180018001800194
:10773000800180018001C000C000C00060006000C6
:1077400030001000080004000200000000000000EB
:1077500000000000000000000000000000018003A5
:10776000800300011C713C79783DC0070001C0070F
:10777000783D3C791C71000180038003800100008A
:1077800000000000000000000000000000000000F9
:1077900000000000000000000000000000000001E8
:1077A000000100010001000100010001FC7F000157
:1077B00000010001000100010001000100000000C3
:1077C00000000000000000000000000000000000B9
:1077D00000000000000000000000000000000000A9
:1077E0000000000000000000000000000000000099
:1077F0000000000000000000000000001C003C0031
:107800003C003000300010000C00060000000000BA
:107810000000000000000000000000000000000068
:10782000000000000000000000000000FE7F0000DB
:107830000000000000000000000000000000000048
:107840000000000000000000000000000000000038
:107850000000000000000000000000000000000028
:107860000000000000000000000000000000000018
:107870000000000000000000000018003C003C0078
:1078800018000000000000000000000000000000E0
:1078900000000040006000200030001000180008C8
:1078A000000C0004000600020003000180018000BB
:1078B000C0004000600020003000100018000800E8
:1078C0000C000400060002000000000000000000A0
:1078D0000000000000000000C007600C30181830E5
:1078E000183018200C600C600C600C600C600C6090
:1078F0000C600C600C601820183018303018600CC8
:10790000C0070000000000000000000000000000B0
:10791000000000000000000000018001F80180016B
:10792000800180018001800180018001800180014F
:107930008001800180018001800180018001C003FD
:10794000F81F000000000000000000000000000020
:107950000000000000000000E007101C08180430C0
:1079600004300C300C300030001800080004000215
:107970000001800040002020102008200430FC1F5F
:10798000FC1F0000000000000000000000000000DC
:107990000000000000000000E003180E0C0C0C18A2
:1079A0000C180C180018000C0006C003000E00187C
:1079B0000010003000300C300C300C100C18180C7B
:1079C000E0030000000000000000000000000000D4
:1079D0000000000000000000000C000E000E000F70
:1079E000800E800E400E600E200E100E100E080E3F
:1079F000040E040EFE7F000E000E000E000E000EA0
:107A0000000EC07F00000000000000000000000029
:107A10000000000000000000F03FF03F10001000E8
:107A2000100008000800C807280C181808100030BB
:107A30000030003000300C300C3004180418080CF2
:107A4000F003000000000000000000000000000043
:107A50000000000000000000800FC0102030103037
:107A60001800180008000C008C0F6C183C301C60CB
:107A70000C600C600C600C601860182030306018CE
:107A8000C00700000000000000000000000000002F
:107A90000000000000000000F83FF83F1C100C0838
:107AA00004080404000400020002000100010001B7
:107AB000800080008000C000C000C000C000C00086
:107AC000C0000000000000000000000000000000F6
:107AD0000000000000000000E007300C18180C3017
:107AE0000C300C301C3038187008E007B007180E46
:107AF0000C1C063806300630063006300C18180C00
:107B0000E003000000000000000000000000000092
:107B10000000000000000000E00318040C080C182E
:107B20000610063006300630063006380C3C183693
:107B3000F03100300018001800180C0C0C060C0373
:107B4000F001000000000000000000000000000044
:107B50000000000000000000000000000000000025
:107B60000000000000008001C003C003800100008D
:107B7000000000000000000000008001C003C003FE
:107B80008001000000000000000000000000000074
:107B900000000000000000000000000000000000E5
:107BA000000000000000C000C00000000000000055
:107BB0000000000000000000000000000000C00005
:107BC000C000800080004000400000000000000075
:107BD0000000000000000020001000080004000663
:107BE00000038001C0006000300018000C00180085
:107BF00030006000C000800100030006000400089F
:107C00000010002000000000000000000000000044
:107C10000000000000000000000000000000000064
:107C2000000000000000FE7F0000000000000000D7
:107C30000000FE7F000000000000000000000000C7
:107C40000000000000000000000000000000000034
:107C50000000000000000400080010002000600088
:107C6000C000800100030006000C0018003000185E
:107C7000000C000600038001C0006000200010001E
:107C800008000400000000000000000000000000E8
:107C9000000000000000C0073018083008600C60C9
:107CA0001C601C601C600030001C0006000180008D
:107CB000800080008000000000008001C003C0033D
:107CC0008001000000000000000000000000000033
:107CD0000000000000000000C007601810301820ED
:107CE0000C2F8C4D864CC64CC64C664C6644664484
:107CF000662666266615CC1C0C4008201830301805
:107D0000C0070000000000000000000000000000AC
:107D10000000000000000001C001C001C0014001DE
:107D2000600320032003200330061006100610060F
:107D3000F80F080C080C080C0C0C04180418061892
:107D40001F7C000000000000000000000000000098
:107D50000000000000000000FE07181C1838183052
:107D60001830183018301818180CF8071818183070
:107D700018201860186018601860186018301818FB
:107D8000FE0F0000000000000000000000000000E6
:107D90000000000000000000C027603810301820EC
:107DA0000C400C4004000600060006000600060019
:107DB0000600060006000C400C400C20183030185D
:107DC000C0070000000000000000000000000000EC
:107DD0000000000000000000FE03180E1818183004
:107DE0001830183018601860186018601860186033
:107DF0001860186018601830183018101818180E0D
:107E0000FE03000000000000000000000000000071
:107E10000000000000000000FE3F1830182018602D
:107E20001840180018081808180CF80F180C180833
:107E300018081800180018001840184018201830AA
:107E4000FE3F0000000000000000000000000000F5
:107E50000000000000000000FE7F1870184018C0ED
:107E600018801800181018101818F81F1818181073
:107E70001810180018001800180018001800180032
:107E80007E00000000000000000000000000000074
:107E90000000000000000000C013701C101018103B
:107EA0000C200C2004000600060006000600060058
:107EB00006FC063006300C300C3018301830300814
:107EC000C0070000000000000000000000000000EB
:107ED00000000000000000003F7E0C180C180C1879
:107EE0000C180C180C180C180C180C18FC1F0C187B
:107EF0000C180C180C180C180C180C180C180C1862
:107F00003F7E0000000000000000000000000000B4
:107F10000000000000000000F81F800180018001C7
:107F20008001800180018001800180018001800149
:107F30008001800180018001800180018001800139
:107F4000F81F00000000000000000000000000001A
:107F50000000000000000000E07F000600060006B0
:107F600000060006000600060006000600060006E1
:107F700000060006000600060006000600060006D1
:107F8000000600060E060E038E01FC000000000035
:107F900000000000000000007E7C1818180818047B
:107FA00018061802180198019801D801B80338037F
:107FB00018071806180E180C181C18181830183046
:107FC0007EFC000000000000000000000000000037
:107FD00000000000000000007E00180018001800DB
:107FE00018001800180018001800180018001800D1
:107FF00018001800180018001840184018201830F1
:10800000FE3F000000000000000000000000000033
:1080100000000000000000001FF81C381C381C384D
:108020001C3C343434343434343674326432643284
:1080300064326431C431C431C431C430C43084309A
:108040009FFC000000000000000000000000000095
:1080500000000000000000001F7C1C103C103410C9
:10806000341074106410E410C410C411841184130B
:10807000041304170416041E041C041C041C041816
:108080001F180000000000000000000000000000B9
:108090000000000000000000C003300C1818081099
:1080A0000C300C30066006600660066006600660F4
:1080B0000660066006600C200C3008101818300CA2
:1080C000C0030000000000000000000000000000ED
:1080D0000000000000000000FE0F181818301860A3
:1080E000186018601860186018301818F80F180019
:1080F00018001800180018001800180018001800C0
:108100007E000000000000000000000000000000F1
:108110000000000000000000C003300C18180C1014
:108120000C300C2006600660066006600660066083
:10813000066006600660E4612C331C321816300EAF
:10814000C007004C007C0038000000000000000068
:108150000000000000000000FE07181C183818304E
:108160001830183018301818180CF807980318032E
:10817000180718061806180E180C180C181C1818D2
:108180007E780000000000000000000000000000F9
:108190000000000000000000E027303818300C20FC
:1081A0000C200C000C0018007800E003800F001E6B
:1081B00000380070006004600460086018303818EF
:1081C000C80F0000000000000000000000000000D8
:1081D0000000000000000000FC3F8C21846182410F
:1081E0008241800180018001800180018001800145
:1081F0008001800180018001800180018001800177
:10820000E007000000000000000000000000000087
:1082100000000000000000003F7C0C100C100C104F
:108220000C100C100C100C100C100C100C100C106E
:108230000C100C100C100C100C100C10080838044A
:10824000E00300000000000000000000000000004B
:1082500000000000000000003EF818201820182040
:108260003010301030103010600860086008E00CEA
:10827000C004C004C00480038003800380030001A5
:1082800000010000000000000000000000000000ED
:108290000000000000000000DFF3866186218621D7
:1082A0008C210C218C238C138C138C134C1358129F
:1082B0005816580E380E380E380E300C10041004B4
:1082C000100400000000000000000000000000009A
:1082D00000000000000000007E3E1808380830044E
:1082E000300470026002E001C001C001800180031F
:1082F0004003400720062006100C100C0818081830
:108300003E7C0000000000000000000000000000B3
:1083100000000000000000007E7C1C1018101808EF
:108320003008300C700460046002C002C002C0015A
:108330008001800180018001800180018001800135
:10834000E007000000000000000000000000000046
:108350000000000000000000F83F18180818040C86
:10836000040E00060007000380038001C001C00066
:10837000E000600070003000382018201C100C183D
:10838000FE1F0000000000000000000000000000D0
:108390000000C03F4000400040004000400040005E
:1083A00040004000400040004000400040004000CD
:1083B00040004000400040004000400040004000BD
:1083C000400040004000C03F0000000000000000EE
:1083D0000000000000000800180018001000300025
:1083E0002000600060004000C0008000800180012B
:1083F000000100030002000600060004000C000853
:1084000000180018001000300020000000000000DC
:108410000000FC0300020002000200020002000251
:10842000000200020002000200020002000200023C
:10843000000200020002000200020002000200022C
:10844000000200020002FC03000000000000000027
:1084500000008007C0062008101000000000000087
:10846000000000000000000000000000000000000C
:1084700000000000000000000000000000000000FC
:1084800000000000000000000000000000000000EC
:1084900000000000000000000000000000000000DC
:1084A00000000000000000000000000000000000CC
:1084B00000000000000000000000000000000000BC
:1084C00000000000000000000000FFFF00000000AE
:1084D00000007800C0000001000000000000000063
:1084E000000000000000000000000000000000008C
:1084F000000000000000000000000000000000007C
:10850000000000000000000000000000000000006B
:10851000000000000000000000000000000000005B
:10852000000000000000F00318060C0C0C0C000CFE
:10853000800F700C1C0C0C0C060C060C064C0C4F1F
:10854000F8380000000000000000000000000000FB
:1085500000000000000010001E00180018001800A5
:10856000180018001800180FD81838303860186034
:108570001860186018601860186018203830781873
:10858000C80700000000000000000000000000001C
:1085900000000000000000000000000000000000DB
:1085A000000000000000C007700C181818180C1804
:1085B0000C000C000C000C000C20182018103008C7
:1085C000C0070000000000000000000000000000E4
:1085D0000000000000000010001E00180018001825
:1085E000001800180018E01B301C181818180C1878
:1085F0000C180C180C180C180C180818181C307AC9
:10860000E009000000000000000000000000000081
:10861000000000000000000000000000000000005A
:10862000000000000000C007300C181808100C30C3
:108630000C30FC3F0C000C000C00182018107018B7
:10864000C007000000000000000000000000000063
:108650000000000000000000003E80C380C0C0C0D9
:10866000C000C000C000FC1FC000C000C000C000AF
:10867000C000C000C000C000C000C000C000C000FA
:10868000F80F0000000000000000000000000000E3
:1086900000000000000000000000000000000000DA
:1086A000000000000000C077306C1018181818186F
:1086B00018181018300CF00718001800F00FF03FD1
:1086C00008700C600C600C603838E00F000000008F
:1086D00000000000000010001E0018001800180024
:1086E000180018001800980FD818383018301830B3
:1086F000183018301830183018301830183018303A
:108700007EFC0000000000000000000000000000EF
:1087100000000000000000008003800380030000D0
:10872000000000000001F80180018001800180014B
:108730008001800180018001800180018001800131
:10874000F81F000000000000000000000000000012
:108750000000000000000000003800380038000071
:10876000000000000010801F0018001800180018FA
:108770000018001800180018001800180018001839
:10878000001800180018180C1806F003000000006C
:1087900000000000000010001E0018001800180063
:1087A000180018001800183E180C180618031801B5
:1087B0009801D801380318071806180C181C181847
:1087C0007E7C0000000000000000000000000000AF
:1087D0000000000000000001F8018001800180011C
:1087E0008001800180018001800180018001800181
:1087F0008001800180018001800180018001800171
:10880000F81F000000000000000000000000000051
:108810000000000000000000000000000000000058
:10882000000000000800EE1C9C338C318C318C3130
:108830008C318C318C318C318C318C318C318C3150
:10884000DE7B0000000000000000000000000000CF
:108850000000000000000000000000000000000018
:108860000000000010001E0FD818383018301830E3
:1088700018301830183018301830183018301830B8
:108880007EFC00000000000000000000000000006E
:1088900000000000000000000000000000000000D8
:1088A000000000000000C007701C103018300C6081
:1088B0000C600C600C600C600C60183018303018C4
:1088C000C0070000000000000000000000000000E1
:1088D0000000000000000000000000000000000098
:1088E0000000000010009E0F581838301820186043
:1088F00018601860186018601860183038307818E0
:10890000980718001800180018007E0000000000EA
:108910000000000000000000000000000000000057
:10892000000000000000C023303C183818300C3024
:108930000C300C300C300C300C3008301838303C17
:10894000E033003000300030003000FC0000000058
:108950000000000000000000000000000000000017
:108960000000000060007E3C60666061E000E000A6
:1089700060006000600060006000600060006000F7
:10898000FE070000000000000000000000000000E2
:1089900000000000000000000000000000000000D7
:1089A000000000000000E0273038183018201800C0
:1089B0007000E003800F001C043004300C301C18E1
:1089C000EC0F0000000000000000000000000000AC
:1089D0000000000000000000000000008000800097
:1089E0008000C000E000FC1FC000C000C000C0004C
:1089F000C000C000C000C000C000C020C020801166
:108A0000000F000000000000000000000000000057
:108A10000000000000000000000000000000000056
:108A20000000000010201E3C18301830183018309C
:108A3000183018301830183018301830183830F412
:108A4000E013000000000000000000000000000033
:108A50000000000000000000000000000000000016
:108A60000000000000007E3C181818083808300488
:108A70003004700260026002E001C001C001C00069
:108A80008000000000000000000000000000000066
:108A900000000000000000000000000000000000D6
:108AA000000000000000DFF78E630C238C238C2372
:108AB0009813981358165816700E700E700E2004E6
:108AC0002004000000000000000000000000000082
:108AD0000000000000000000000000000000000096
:108AE000000000000000FC3E70087004E004C002BA
:108AF000C0018003800340076006200C100C18188A
:108B00003E7E0000000000000000000000000000A9
:108B10000000000000000000000000000000000055
:108B20000000000000007E7C18181808300830088B
:108B3000300460046004C002C002C00280018001F1
:108B400080018000800080004C003C00000000009C
:108B50000000000000000000000000000000000015
:108B6000000000000000FC1F0C0C040E04060003B3
:108B700080038001C000E0007020302038301C18D5
:108B8000FC1F0000000000000000000000000000CA
:108B90000000003000080004000400040004000489
:108BA000000400040004000400040002800100022C
:108BB0000004000400040004000400040004000495
:108BC000000400040004000800300000000100015F
:108BD000000100010001000100010001000100018D
:108BE000000100010001000100010001000100017D
:108BF000000100010001000100010001000100016D
:108C0000000100010001000100010001000000005E
:108C100000000C0010002000200020002000200098
:108C200020002000200020002000400080014000A3
:108C30002000200020002000200020002000200034
:108C400020002000200010000C0000000000380070
:108C5000C400864002610022001C000000000000E9
:108C60000000000000000000000000000000000004
:108C700000000000000000000000000000000000F4
:108C8000000000000000000000000000D6D020001E
:108C900020002000FE03220222022202FE03220202
:108CA000200020002000BEB0FC010401FC010401F2
:108CB000FC012000FF070401FC0120002401320216
:108CC000D4B0FE070204FA0402040204FE055204B2
:108CD00052044A0586050204FE07B5E7100010009D
:108CE000FF0111011101FF0111011101FF01110427
:108CF0001004E007D7D30000FC01800040002000F2
:108D00002000FF0720002000200020003800D6D0DF
:108D10008000800080008000FC1F8410841084107C
:108D200084108410FC1F841080008000800080006C
:108D3000BEB0F80F0808F80F0808F80F8000FF7F92
:108D40000000F80F08080808F80F80008410A2201F
:108D50004000D4B00000FE3F0220F2270220022093
:108D6000FA2F222122212221122912290A2E022041
:108D7000FE3F0220B5E7800080008000FC1F8410C9
:108D800084108410FC1F841084108410FC1F8450F5
:108D900080408040007FD7D30000FE1F0008000401
:108DA000000280018000FF7F800080008000800042
:108DB00080008000A0004000D6D00000000000002D
:108DC000001800000800000800000800080818F853
:108DD000FF1F180818180818180818180818180875
:108DE00018180818F8FF1F080808000800000800F5
:108DF000000800000800001800001800001800001B
:108E00000000BEB0000000000000400006C0FF07E8
:108E1000400006C0FF07400006C0FF0740080200F0
:108E20003000FEFF3F000000C0FF07C00002C0008E
:108E300002C00002C0FF0380100080110160100E0C
:108E40003010180C1E30001C00000000D4B00000D0
:108E500000000000080030F8FF1F08001008C010D4
:108E6000083F10080010080010080013C8FF100881
:108E700022100822100822100822100821120821AE
:108E80001488601648C013280010080010F8FF1F4F
:108E9000080010000000B5E7000000000000001806
:108EA00000000800000800000800F0FF0F10080490
:108EB000100804100804100804F0FF07100804103C
:108EC0000804100804100804F0FF07100800000848
:108ED0001000081000082000183000F01F000000EB
:108EE000D7D3000000000000000004F0FF0F0000D6
:108EF0000600000100C00000280000180000180053
:108F0000001830FEFF7F0018000018000018000055
:108F100018000018000018000018000018000018C1
:108F200000001F00000C00000000D6D00000000070
:108F300000000000008000000080010000800100AF
:108F40000080010000800100008001001080010C01
:108F5000F0FFFF0F308001043080010430800104F5
:108F6000308001043080010430800104308001042D
:108F700030800104F0FFFF073080010430800104DD
:108F800000800100008001000080010000800100DD
:108F900000800100008001000080010000800100CD
:108FA000008001000080000000000000BEB0000052
:108FB000000000000000000000000001800100FF30
:108FC000FF01000380010003800100FFFF01000397
:108FD00080010003800100FFFF010081810000008B
:108FE00003000000031CFCFFFF3F000040000003E3
:108FF000C00100FFFF010003C0000003C000000328
:10900000C00000FFFF000001410000040100000E4D
:10901000710000078101800101076000010E1898AE
:10902000011C04E0011800C0000000000000D4B0E2
:10903000000000000000000000000008F0FFFF1F1B
:109040003000000C3000000C3000100C30FE3F0CE3
:109050003004000C3000000C3000000C3000000C1C
:109060003000C00CF0FFFF0D3030060E3030060C23
:109070003010060C3010060C3010060C3018860C20
:109080003018860C3008060D300C860D3006EE0FB9
:109090003002FC0D3001000CF000000C3000000C20
:1090A000F0FFFF0F3000000C100000040000000073
:1090B000B5E7000000000000000000C0000000C094
:1090C000010000C0000000C0000000C0000000C09F
:1090D0000000E0FFFF0360C0000360C0000360C049
:1090E000000360C0000360C0000360C00003E0FF35
:1090F000FF0360C0000360C0000360C0000360C0E5
:10910000000360C00003E0FFFF0360C0000160C017
:10911000000000C0000800C0001000C0001000C027
:10912000001800C001380080FF1F00000000000090
:109130000000D7D300000000000000000000000085
:1091400000000003C0FFFF07000080070000C00010
:10915000000060000000180000000C000080030008
:109160000080030000800100008001080080011CD5
:10917000FCFFFF3F00800100008001000080010033
:1091800000800100008001000080010000800100DB
:1091900000800100008001000080010000800100CB
:1091A0000080010000FC010000E000000040000021
:1091B00000000000D491000800000020100300000F
:1091C0006C0100083093000810030020000D00001F
:1091D000C801000851627F6A0106190313F93B2098
:1091E000080801020201010413C5331A080A240207
:1091F000020613994D1C08030221222613A94120BF
:10920000080804010504040A13CD322008080504E7
:109210000305050F1355402008080602070606122D
:10922000131145200808070608070717138D472064
:10923000080808070908081C13214A20080809081B
:109240000309092113B54C1F080A0B0C0D0E6C13F2
:1092500099315B080B0C1A49785A0C0C1A21185AD0
:109260000D0C1AC50C6A0E2419781F0F101110115D
:10927000052419905A100C1A490C190A390C1AC1F4
:10928000901E1213141516C013DD435B08130C1A3D
:109290008D9C5A140C1A79185A150C1309446B0832
:1092A0001624190C271718191A1B071359465B089F
:1092B000180C1329485B08190C1AF5485A1A0C1A8D
:1092C00085245A1B0C1A09F0271C1D1E1F20081A82
:1092D000ED305A1D0C1ABDFC5A1E0C1A8D185A1F5F
:1092E0000C1319495B08200C1A9D0C2721222324FA
:1092F000250913814B5B08220C13354D5B08230CA9
:109300001A21185A240C1AAD0C5A250C13314C731F
:109310000826131142194E01FA2D0102030404D04C
:10932000090607080902040608ACA24A04282924F1
:0400000508000131BD
:00000001FF
