:020000040800F2
:1000000000000824A54C0008FD1000080511000898
:10001000191100082D11000841110008000000000E
:10002000000000000000000000000000F13E010898
:100030005511000800000000814101086511000809
:10004000F94C0008F94C0008F94C0008F94C00087C
:10005000F94C0008F94C0008F94C0008F94C00086C
:10006000F94C0008F94C0008F94C0008F94C00085C
:10007000F94C0008F94C0008F94C0008F94C00084C
:10008000F94C0008F94C0008F94C0008F94C00083C
:10009000F94C0008F94C0008F94C0008F94C00082C
:1000A000F94C0008F94C0008F94C0008F94C00081C
:1000B000F94C0008F94C0008F94C0008F94C00080C
:1000C000F94C0008F94C0008F94C0008F94C0008FC
:1000D000F94C0008F94C0008F94C0008F94C0008EC
:1000E000F94C0008F94C000800000000F94C000829
:1000F000F94C0008F94C0008F94C0008F94C0008CC
:10010000F94C0008F94C0008F94C0008F94C0008BB
:10011000F94C0008F94C0008F94C0008F94C0008AB
:10012000F94C0008F94C0008F94C0008F94C00089B
:10013000F94C000889110008F94C0008F94C000836
:1001400000000000000000000000000000000000AF
:10015000F94C0008F94C0008F94C0008F94C00086B
:10016000F94C0008F94C0008F94C0008F94C00085B
:10017000F94C0008F94C0008F94C00080000000098
:10018000F94C0008F94C00089D110008F94C0008D2
:10019000F94C0008F94C0008F94C0008F94C00082B
:1001A000F94C0008F94C0008F94C0008F94C00081B
:1001B000F94C0008F94C0008F94C0008F94C00080B
:1001C000F94C0008F94C0008F94C0008F94C0008FB
:1001D000F94C0008F94C0008F94C0008F94C0008EB
:1001E000F94C0008F94C0008F94C0008F94C0008DB
:1001F000F94C0008F94C0008F94C0008F94C0008CB
:10020000F94C0008F94C0008F94C0008F94C0008BA
:10021000F94C0008F94C0008F94C0008F94C0008AA
:10022000F94C0008F94C0008F94C000800000000E7
:10023000F94C0008F94C000800000000F94C0008D7
:10024000F94C0008F94C0008F94C0008F94C00087A
:10025000F94C0008F94C0008F94C0008F94C00086A
:10026000F94C0008F94C0008F94C0008F94C00085A
:10027000F94C0008F94C0008F94C00080000000097
:10028000F94C0008F94C0008F94C00080000000087
:0802900000000000F94C000819
:1002A00010B5054C237833B9044B13B10448AFF3B0
:1002B00000800123237010BD940000240000000082
:1002C0002C59020808B5034B1BB103490348AFF38F
:1002D000008008BD00000000980000242C5902088E
:1002E00010F8012B11F8013B012A28BF9A42F7D0E0
:1002F000D01A7047034613F8012B002AFBD1181AB5
:1003000001387047000000000000000000000000FD
:1003100001F0FF01102A2BDB10F0070F08D010F8B6
:10032000013B013A8B422DD010F0070F42B3F6D1BA
:10033000F0B441EA012141EA014122F007047FF0D3
:1003400000070023F0E80256083C85EA010586EA2A
:10035000010685FA47F5A3FA87F586FA47F6A5FA66
:1003600087F68EB9EED1F0BC01F0FF0102F0070272
:1003700032B110F8013B013A83EA010313B1F8D11D
:100380000020704701387047002D06BF35460338FE
:10039000073815F0010F07D1013015F4807F02BF37
:1003A000013015F4C03F0130F0BC0138704700BF88
:1003B00053B94AB9002908BF00281CBF4FF0FF31CC
:1003C0004FF0FF3000F088B9ADF1080C6DE904CEB4
:1003D00000F006F8DDF804E0DDE9022304B0704720
:1003E0002DE9F047089D0F4604468C46002B48D166
:1003F0008A42164661D9B2FA82F34BB1C3F12002A8
:1004000001FA03FC20FA02F29E4042EA0C0C9C40E6
:100410004FEA164EB7B2BCFBFEF1220C0EFB11CC1C
:1004200042EA0C4201FB07F0904209D9B21801F1EF
:10043000FF3C80F0EE80904240F2EB800239324483
:10044000121AA4B2B2FBFEF00EFB102244EA0244E0
:1004500000FB07F7A74209D9341900F1FF3280F0F9
:10046000DA80A74240F2D7803444023840EA0140A3
:10047000E41B00211DB1DC400023C5E90043BDE8B9
:10048000F0878B4206D90DB1C5E90001002108466D
:10049000BDE8F087B3FA83F1002948D1BB4202D30B
:1004A000824200F20781841A67EB0302012094461E
:1004B000002DE4D0C5E9004CE1E7002A00F092806D
:1004C000B2FA82F3002B40F0A8808A1A4FEA164E47
:1004D0001FFA86FC0121200CB2FBFEF70EFB17224F
:1004E00040EA02420CFB07F0904207D9B21807F12C
:1004F000FF3802D2904200F2E2804746121AA4B2BC
:10050000B2FBFEF00EFB102244EA02440CFB00FC9E
:10051000A44507D9341900F1FF3202D2A44500F2F4
:10052000CB801046A4EB0C0440EA0740A2E7C1F1DF
:1005300020068B4022FA06FC4CEA030C07FA01F471
:1005400020FA06F3F7404FEA1C49234300FA01F86A
:100550001FFA8CFEB7FBF9F01C0C09FB107744EA7C
:10056000074400FB0EF7A74202FA01F20AD91CEB7E
:10057000040400F1FF3A80F09B80A74240F298808B
:1005800002386444E41B9FB2B4FBF9F309FB134443
:1005900047EA044403FB0EFEA64509D91CEB0404FC
:1005A00003F1FF3780F08280A6457FD9023B644487
:1005B00043EA0040A4EB0E04A0FB02E7BC427346F2
:1005C000B94663D360D05DB1B8EB030264EB0904B4
:1005D00004FA06F622FA01F31E43CC40C5E9006492
:1005E00000214CE76208480842EAC1710B0C43EA5B
:1005F00000438AB242EA0342B3FBF6F1E407B44691
:100600003746B6461F23B0FBF6F0D21B41EA004145
:1006100061E7614614E7104628E7C3F1200120FA9C
:1006200001F29E4027FA01F19F403A434FEA164EED
:100630001FFA86FCB1FBFEF70EFB1710110C41EA06
:10064000004107FB0CF8884504FA03F43AD9711805
:1006500007F1FF3001D288451FD8A1EB0801B1FB9B
:10066000FEF808FB0CF70EFB181192B242EA0142A9
:10067000BA422FD2B21808F1FF31C6D2BA42C4D260
:10068000A8F102013244C0E7F0459CD2BEEB020360
:1006900067EB0C070138B94695E7A6EB080841441B
:1006A000B81EB1FBFEF808FB0CF7DCE73B467FE722
:1006B000504667E70846FBE63444023832E7023F1B
:1006C00032441BE7A1EB08013846B1FBFEF808FBFA
:1006D0000CF7C8E7414698E7704700BF80B500AF08
:1006E0002E4B2F4A1A602D4B00229A602B4B002272
:1006F000DA602A4B00221A74284B00225A74274BC6
:1007000000229A74254B10225A61244B01229A61CF
:10071000224B0122DA61214B01221A621F4B012276
:100720005A621E4B01229A621C4B0122DA621B4B59
:1007300001221A63194B00225A63184B00229A6354
:10074000164B0022DA63154B00221A64134B042265
:100750005A64124B00229A64104B0422DA640F4B45
:1007600000221A650D4B04225A650C4B00229A6533
:100770000A4B0022DA65094B00221A66074B002259
:100780005A66064B04229A66044807F005F90346A8
:10079000002B01D000F0D8FA00BF80BDB0000024CB
:1007A00000A0004080B5BAB000AF786007F1D40374
:1007B00000221A605A609A60DA601A6107F1100329
:1007C000C0220021184623F0B4FC7B681B68274A2E
:1007D000934246D14FF400424FF00003C7E904238F
:1007E0004FF08053C7F8803007F11003184609F026
:1007F00043FE0346002B01D000F0A6FA1C4BD3F8B1
:10080000EC301B4A43F48073C2F8EC30184BD3F839
:10081000EC3003F48073FB60FB68154BD3F8E030D9
:10082000134A43F00803C2F8E030114BD3F8E0302C
:1008300003F00803BB60BB680323C7F8D43002236E
:10084000C7F8D8300023C7F8DC300023C7F8E03001
:100850000923C7F8E43007F1D4031946054808F026
:10086000DBFA00BFE837BD4680BD00BF00A00040F6
:1008700000440258000C025880B582B000AF786086
:100880007B681B68094A93420BD1094BD3F8EC30C3
:10089000074A23F48073C2F8EC300321054808F0BE
:1008A00075FC00BF0837BD4680BD00BF00A00040FA
:1008B00000440258000C025880B500AF044A0021E1
:1008C00004480FF083FE0346034A136000BF80BD57
:1008D000A08D0208DD0800085001002480B582B018
:1008E00000AF786000F076FF0EF088FE00F0A2FF07
:1008F00000F0B8FF01200FF0FAFE00BFF8E700009B
:10090000B0B588B000AF0D4B3C461D460FCD0FC4AF
:1009100095E8070003C4227039466423182208486A
:100920000CF097F94FF0500383F31188BFF36F8FEA
:10093000BFF34F8FFB6100BF00BFFDE7DC5902082A
:10094000E0010024B0B58AB000AF78603960184B80
:1009500007F108041D460FCD0FC495E8070003C436
:10096000228007F108016423192212480CF071F962
:100970003B68002B09D03868FFF7BCFC03469AB2ED
:10098000642339680B480CF064F9642302220A4995
:1009900008480CF05EF94FF0500383F31188BFF361
:1009A0006F8FBFF34F8F7B6200BF00BFFDE700BFBB
:1009B000F8590208E0010024E05B020880B58CB021
:1009C00000AF07F11C0300221A605A609A60DA60D7
:1009D0001A61694BD3F8E030674A43F01003C2F85C
:1009E000E030654BD3F8E03003F01003BB61BB6926
:1009F000614BD3F8E030604A43F00403C2F8E030C2
:100A00005D4BD3F8E03003F004037B617B695A4B04
:100A1000D3F8E030584A43F02003C2F8E030564B98
:100A2000D3F8E03003F020033B613B69524BD3F82D
:100A3000E030514A43F08003C2F8E0304E4BD3F827
:100A4000E03003F08003FB60FB684B4BD3F8E030F1
:100A5000494A43F00103C2F8E030474BD3F8E03095
:100A600003F00103BB60BB68434BD3F8E030424A5C
:100A700043F00203C2F8E0303F4BD3F8E03003F01C
:100A800002037B607B683C4BD3F8E0303A4A43F08A
:100A90000803C2F8E030384BD3F8E03003F0080325
:100AA0003B603B68002248F27801344808F090FC33
:100AB00000224FF47C51324808F08AFC00220621C3
:100AC000304808F085FC00224FF440712E4808F0B1
:100AD0007FFC002204212D4808F07AFC48F27803BC
:100AE000FB6101233B6200237B620023BB6207F1B1
:100AF0001C031946214808F08FF94FF47C53FB6121
:100B000001233B6200237B620023BB6207F11C03CD
:100B100019461B4808F080F90623FB6101233B625C
:100B200000237B620023BB6207F11C0319461548B2
:100B300008F072F94FF44073FB6101233B6200231C
:100B40007B620023BB6207F11C0319460E4808F0C4
:100B500063F90423FB6101233B6200237B620023D2
:100B6000BB6207F11C031946084808F055F900BF9D
:100B70003037BD4680BD00BF004402580010025807
:100B8000000802580004025800000258000C0258E5
:100B900080B500AF00F090F804F0B6F900F012F85C
:100BA000FFF70CFFFFF79AFD00F0E8F800F076FC85
:100BB00000F0C0FC0FF0A6FCFFF77EFE0FF0C8FCB3
:100BC00000BFFDE780B59CB000AF07F124034C22C5
:100BD0000021184623F0ADFA3B1D202200211846C3
:100BE00023F0A7FA022008F027FC00233B60304BDB
:100BF0009B692F4A43F4404393612D4B9B6903F457
:100C000040433B602B4BDB6A2A4A43F00103D3622B
:100C1000284BDB6A03F001033B603B6800BF244BB9
:100C20009B6903F40053B3F5005FF8D101237B62A5
:100C30004FF48033BB620223BB640223FB640523B1
:100C40003B65C0237B650223BB650823FB6502234C
:100C50003B6608237B660023BB660023FB6607F127
:100C60002403184608F022FC0346002B01D000F0B4
:100C70006BF83F237B600323BB600023FB600923E9
:100C80003B6100237B610023BB610023FB610023E8
:100C90003B623B1D0121184609F062F80346002B18
:100CA00001D000F051F800BF7037BD4680BD00BFD5
:100CB000004802580004005880B584B000AF3B469D
:100CC00000221A605A609A60DA6004F003FB012384
:100CD0003B7000237B7000237B601F233B728723C4
:100CE0007B720023BB720023FB7201233B73012341
:100CF0007B730023BB730023FB733B46184604F051
:100D000021FB01233B7001237B704FF040537B603C
:100D10000E233B7200237B720123BB720323FB7201
:100D200000233B7300237B730023BB730023FB73FF
:100D30003B46184604F006FB042004F0E3FA00BF2B
:100D40001037BD4680BD0000B0B58AB000AF094B7A
:100D50003C1D1D460FCD0FC40FCD0FC42B68238043
:100D6000391D6423212204480BF073FF72B600BFC3
:100D700000BFFDE7145A0208E001002480B500AF6F
:100D8000274B284A1A60264B4FF480025A60244BA6
:100D900000229A60224B0322DA60214B00221A6162
:100DA0001F4B00225A611E4B4FF080629A611C4B10
:100DB0000022DA611A4B00221A62194B00225A6291
:100DC000174B00229A62164B0022DA62144B4FF046
:100DD00080425A63124B00229A63114B0022DA635D
:100DE0000F4B00221A640E4B00225A640C4B002257
:100DF0009A640B4B0022DA64094B00221A65084BF7
:100E000000225A65064B00229A6505480BF060F9EE
:100E10000346002B01D0FFF797FF00BF80BD00BF46
:100E2000540100240050014080B5BAB000AF786092
:100E300007F1D40300221A605A609A60DA601A61DE
:100E400007F11003C0220021184623F072F97B68D5
:100E50001B68264A934245D14FF400524FF00003DD
:100E6000C7E9042300237B6707F11003184609F044
:100E700003FB0346002B01D0FFF766FF1C4BD3F8A2
:100E8000F0301B4A43F48013C2F8F030184BD3F80B
:100E9000F03003F48013FB60FB68154BD3F8E030AF
:100EA000134A43F02003C2F8E030114BD3F8E0308E
:100EB00003F02003BB60BB684FF46073C7F8D43005
:100EC0000223C7F8D8300023C7F8DC300023C7F866
:100ED000E0300523C7F8E43007F1D403194605488C
:100EE00007F09AFF00BFE837BD4680BD00500140C3
:100EF000004402580014025880B582B000AF7860F8
:100F00007B681B68094A93420CD1094BD3F8F03037
:100F1000074A23F48013C2F8F0304FF4607105489B
:100F200008F034F900BF0837BD4680BD00500140CD
:100F3000004402580014025880B582B000AF0C4B38
:100F4000D3F8F4300A4A43F00203C2F8F430084BF5
:100F5000D3F8F43003F002037B607B6800220F219A
:100F60006FF0010004F081F900BF0837BD4680BD75
:100F70000044025880B584B000AF78607B68BB60E5
:100F80000023FB817B68002B10D002E0FB8901333A
:100F9000FB81FB89BA6813441B78002BF6D1FA89D0
:100FA0006423796803480BF054FE00E000BF10375B
:100FB000BD4680BDE001002480B588B000AF7860F8
:100FC00039607868FFF7D6FF1548FFF7D3FF002395
:100FD000FB6113E0FB69C3F107039B003A6822FA47
:100FE00003F303F00F030F4AD15C07F10802FB691A
:100FF00013440A461A70FB690133FB61FB69072B36
:10100000E8D90D233B740A237B740023BB7407F1DA
:1010100008031846FFF7AEFF00BF2037BD4680BD6E
:10102000385A0208C48D020880B582B000AF7860DB
:101030002648FFF79FFF7868FFF79CFF2448FFF7DB
:1010400099FF12F0B5F90346012B0AD012F0A0F96E
:101050000346184611F03CFD03461846FFF78AFF89
:1010600002E01C48FFF786FF1B48FFF783FF1B4B7E
:10107000DB6A19461A48FFF79FFF184B9B6A19460F
:101080001848FFF799FF154B5B6B19461648FFF799
:1010900093FF124B9B6B19461448FFF78DFF1448C2
:1010A00005F0DEFE034619461248FFF785FF104B98
:1010B0001B6803F58053D3F8603119460E48FFF7DB
:1010C0007BFF00BF0837BD4680BD00BF3C5A020809
:1010D000485A0208505A0208E05B020800ED00E09E
:1010E000585A0208605A0208685A0208705A0208E0
:1010F000741E0024785A0208805A020880B400AF97
:1011000000BFFDE780B500AF0248FFF78DFF00BFCD
:10111000FDE700BF885A020880B500AF0248FFF71C
:1011200083FF00BFFDE700BF9C5A020880B500AFF7
:101130000248FFF779FF00BFFDE700BFB05A020881
:1011400080B500AF0248FFF76FFF00BFFDE700BFAB
:10115000C45A020880B400AF00BFBD465DF8047BEE
:101160007047000080B500AF064B1B6803F03EFFE0
:1011700012F01EF90346012B01D013F035F800BF21
:1011800080BD00BF10E000E080B500AF024805F070
:101190006FFA00BF80BD00BF741E002480B500AF91
:1011A00002480BF00BFF00BF80BD00BFE001002430
:1011B00080B400AF01231846BD465DF8047B70473C
:1011C00080B483B000AF78603960054B16221A6096
:1011D0004FF0FF3318460C37BD465DF8047B70476F
:1011E000609B012480B582B000AF78604FF0FF3182
:1011F0007868FFF7E5FF00BFFDE780B586B000AF78
:10120000F860B9607A6000237B610AE0AFF3008088
:101210000146BB685A1CBA60CAB21A707B690133B6
:101220007B617A697B689A42F0DB7B6818461837E5
:10123000BD4680BD80B586B000AFF860B9607A6009
:1012400000237B6109E0BB685A1CBA601B78184612
:10125000AFF300807B6901337B617A697B689A42D6
:10126000F1DB7B6818461837BD4680BD80B483B07B
:1012700000AF78604FF0FF3318460C37BD465DF87D
:10128000047B704780B483B000AF786039603B68FE
:101290004FF400525A60002318460C37BD465DF8E3
:1012A000047B704780B483B000AF78600123184698
:1012B0000C37BD465DF8047B704780B485B000AF45
:1012C000F860B9607A60002318461437BD465DF8AF
:1012D000047B704780B487B000AF7860144A154B28
:1012E000D31A7B617B693B61134B1B68002B02D1D6
:1012F000114B124A1A60104B1A687B6813443A6902
:101300009A4205D20E4B0C221A604FF0FF3309E0CF
:10131000094B1B68FB60084B1A687B681344064A3C
:101320001360FB6818461C37BD465DF8047B7047A8
:101330000000082400100000DC010024709B012440
:10134000609B012480B400AF434BD3F88830424AFD
:1013500043F47003C2F88830404B1B6803F00F035E
:10136000062B07D83D4B1B6823F00F033B4A43F085
:10137000070313603A4B1B68394A43F001031360BB
:10138000374B00221A61364B1A683549354B1340EA
:101390000B60324B1B6803F00803002B07D02F4B68
:1013A0001B6823F00F032D4A43F0070313602C4BF7
:1013B00000229A612A4B0022DA61294B00221A622C
:1013C000274B294A9A62264B284ADA62244B284A3C
:1013D0001A63234B00225A63214B254A9A63204B00
:1013E0000022DA631E4B224A1A641D4B00225A6403
:1013F0001B4B1B681A4A23F480231360184B0022EE
:101400001A661C4B1A681C4B1340B3F1005F02D2E2
:101410001A4B01221A60124BD3F8D43003F48053D4
:10142000002B13D10E4BD3F8D4300D4A43F4805324
:10143000C2F8D430124B43F2D2021A60084BD3F8F0
:10144000D430074A23F48053C2F8D43000BFBD46DD
:101450005DF8047B704700BF00ED00E00020005203
:10146000004402587FEDF6EA000202020000FF018C
:10147000800201010010005C0000FFFF08810051A4
:1014800000400052044BDA6842F00202DA605A6807
:101490009204FCD5704700BF0048025880B500AFE9
:1014A000224B234A1A60214B4FF4E1325A601F4B02
:1014B00000229A601D4B0022DA601C4B00221A6148
:1014C0001A4B0C225A61194B00229A61174B0022C9
:1014D000DA61164B00221A62144B00225A62134B37
:1014E00000229A6211480BF064FB0346002B01D0E6
:1014F000FFF72AFC00210D480DF0B5FF0346002B35
:1015000001D0FFF721FC002108480DF0EAFF034657
:10151000002B01D0FFF718FC04480DF06BFF0346C9
:10152000002B01D0FFF710FC00BF80BDE0010024BC
:101530000078004080B500AF224B234A1A60214B4F
:101540004FF4E1325A601F4B00229A601D4B00227B
:10155000DA601C4B00221A611A4B0C225A61194B9B
:1015600000229A61174B0022DA61164B00221A62A0
:10157000144B00225A62134B00229A6211480BF05E
:1015800018FB0346002B01D0FFF7DEFB00210D48BE
:101590000DF069FF0346002B01D0FFF7D5FB0021BA
:1015A00008480DF09EFF0346002B01D0FFF7CCFB4F
:1015B00004480DF01FFF0346002B01D0FFF7C4FBCA
:1015C00000BF80BD74020024007C004080B5BEB026
:1015D00000AF786007F1E40300221A605A609A6055
:1015E000DA601A6107F12003C0220021184622F0B8
:1015F000A0FD7B681B68634A934273D14FF00202DF
:101600004FF00003C7E908230023C7F8983007F11B
:101610002003184608F030FF0346002B01D0FFF7E7
:1016200093FB594BD3F8E830574A43F08043C2F854
:10163000E830554BD3F8E83003F08043FB61FB6999
:10164000514BD3F8E030504A43F02003C2F8E03069
:101650004D4BD3F8E03003F02003BB61BB694A4B2C
:10166000D3F8E030484A43F01003C2F8E030464B6C
:10167000D3F8E03003F010037B617B694023C7F8A7
:10168000E4300223C7F8E8300023C7F8EC30002329
:10169000C7F8F0300723C7F8F43007F1E403194620
:1016A0003A4807F0B9FB4FF48073C7F8E4300223DF
:1016B000C7F8E8300023C7F8EC300023C7F8F03053
:1016C0000723C7F8F43007F1E4031946304807F060
:1016D000A3FB00220621522003F0C7FD522003F095
:1016E000DEFD4AE07B681B682A4A934245D14FF0F1
:1016F00002024FF00003C7E908230023C7F898301F
:1017000007F12003184608F0B7FE0346002B01D06E
:10171000FFF71AFB1C4BD3F8E8301B4A43F0004399
:10172000C2F8E830184BD3F8E83003F000433B61CF
:101730003B69154BD3F8E030134A43F01003C2F86D
:10174000E030114BD3F8E03003F01003FB60FB688E
:101750000323C7F8E4300223C7F8E8300023C7F8B2
:10176000EC300023C7F8F0300823C7F8F43007F155
:10177000E4031946064807F04FFB00BFF837BD46A3
:1017800080BD00BF00780040004402580014025899
:1017900000100258007C004080B5A4B000AF07F1F3
:1017A0007C0314221946094800F0F4FC07F17C037D
:1017B000381D074A782122F0EBFB3B1D184600F04C
:1017C0003FFE00BF9037BD4680BD00BF2803002408
:1017D000D85A020880B582B000AF00F0FBFB00F0E1
:1017E000E9F80346FB71FB79002B02D002F0BAFF47
:1017F00002E00C4802F008FF00F06AF800F0C4FDB7
:10180000FB79002B02D0084800F01AFE074800F0D0
:1018100017FE00F001F9064800F012FE00BF08377D
:10182000BD4680BD28030024385B0208785B0208AF
:10183000C45B020880B500AF01F090FF00F0A4FD8A
:10184000074800F0FDFD01F0BDFE02F041FE00F092
:10185000F7F901F027FDFFF79FFF00BF80BD00BF34
:10186000E45B020880B500AF01F0BCFE00F042FA74
:1018700001F080FD00F064F800BF80BD80B588B045
:1018800000AF0346FB7107F10C0300221A605A6097
:101890009A60DA601A61FB791A464FF400410B48EE
:1018A00007F096FD4FF40043FB6001233B610023EA
:1018B0007B610023BB6107F10C031946034807F065
:1018C000ABFA00BF2037BD4680BD00BF00100258F4
:1018D00080B500AF00227821134807F079FD00227F
:1018E0004FF47C51114807F073FD00224FF4407112
:1018F0000F4807F06DFD002204210E4807F068FD37
:10190000002202210C4807F063FD012204210A484D
:1019100007F05EFD0120FFF7B1FF0EF043FE034626
:10192000064A136000BF80BD00100258000802582C
:1019300000000258000C025800040258080300245A
:1019400080B582B000AF0EF02DFE7860154B1B689D
:101950007A68D31AF92B21D9124A7B681360124B8B
:101960001B7883F00103DAB20F4B1A700E4B1B7811
:10197000002B14BF01230023DBB21A4602210B48BF
:1019800007F026FD0A4B1B78002B14BF0123002310
:10199000DBB21A460421054807F01AFD00BF0837DC
:1019A000BD4680BD080300240C0300240004025837
:1019B0000800002480B586B000AF3B4600221A60C4
:1019C0005A609A60DA601A614FF400433B6000236A
:1019D0007B600123BB600023FB603B4619460D483A
:1019E00007F01AFA14200EF082FE4FF40041094865
:1019F00007F0D6FC0346FB750120FFF73FFFFB7D98
:101A0000002B01D1012300E0002318461837BD4602
:101A100080BD00BF0010025880B500AF0020FFF766
:101A20002DFF64200EF063FE0120FFF727FF4FF427
:101A300096700EF05CFE00BF80BD000080B584B0E3
:101A400000AF78600023FB6019E01149FA68134683
:101A50005B0013449B000B441B681946786802F036
:101A6000EDFE0346002B07D1FA6813465B001344D2
:101A70009B00074A134406E0FB680133FB60FB68E8
:101A80000F2BE2D9002318461037BD4680BD00BF9A
:101A9000E88D020880B584B000AF78600B46FB701B
:101AA0001346BB707868FFF7C9FFF860FB68002B2E
:101AB00003D0FB689B7A002B01D1002319E0BB788F
:101AC000002B08D0FB685A68FB681B891946104632
:101AD00007F097FC0CE0FB685868FB681989FB78F5
:101AE000002B14BF01230023DBB21A4607F070FC61
:101AF000012318461037BD4680BD80B584B000AFC5
:101B0000786039607868FFF799FFF860FB68002B10
:101B100002D03B68002B01D1002310E0FB685A681B
:101B2000FB681B891946104607F03AFC0346012B57
:101B300001D1012200E000223B681A7001231846FF
:101B40001037BD4680BD0000B0B588B002AF7860E8
:101B5000396000237B617B68002B3DD03B68002B04
:101B60003AD07B6800221A7000233B6130E07A682B
:101B70007B69D0183A687B69D11A3B69002B01D187
:101B8000174C00E0174C184D3A6913465B0013449C
:101B90009B002B441B6800932346144A22F0F8F95B
:101BA000F860FB68002B05DB3A687B69D21AFB689A
:101BB0009A4206D83B68013B7A68134400221A70A7
:101BC0000BE0FB687A6913447B613B6901333B613D
:101BD0003B690F2BCBD900E000BF1837BD46B0BD25
:101BE000185F0208745C0208E88D0208785C02083D
:101BF00080B483B000AF0346FB71FB79082B28BF8C
:101C00000823DBB21A46044B53F8223018460C372F
:101C1000BD465DF8047B7047A88E020880B483B08F
:101C200000AF78607B68072B01D9082302E07B684E
:101C30001B0CDBB218460C37BD465DF8047B7047C1
:101C400080B58AB002AF3B4620220021184622F020
:101C500070FA264806F070F9244806F07BF8234B0A
:101C600001229A63214B0022DA63204B08221A6476
:101C70001E4B04225A641D4B08221A661B4B00227D
:101C80005A661A4B04229A66184805F085FE0346E8
:101C9000002B03D0164B00221A7023E000233B6078
:101CA00000237B600223BB600123FB6000233B61B8
:101CB00000237B613B4619460C4806F06FF8012370
:101CC0000093012300220021084806F0DDF80748B0
:101CD00006F007F90346002B01D1012200E00022A3
:101CE000034B1A702037BD4680BD00BFB0000024F2
:101CF0000D03002480B58CB000AF27E007F1280366
:101D000000221A605A6007F128033A46402117481A
:101D100006F0E4F90346002B18D13B68144A13601F
:101D2000FB681846FFF77AFF03461A46114B1A70F4
:101D3000104B1B781A4607F1280319460E4822F06B
:101D4000A8FA0E4B1B6801330C4A13600C4B1B782E
:101D5000002B06D04021054806F03AFB0346002B35
:101D6000CCD100BF3037BD4680BD00BFB0000024DD
:101D700018030024240300241C030024140300245B
:101D80000D03002480B590B000AFF860B960134631
:101D9000FB7107F11C0324220021184622F0C9F927
:101DA00007F1140300221A605A60234B1B78002BA2
:101DB00005D0BB68002B02D0FB79082B01D900238A
:101DC00036E0FA7907F11403B968184622F061FA8F
:101DD000FB68FB61FB68B3F5006F02D34FF08043F3
:101DE00000E000233B6200237B62FB791846FFF78B
:101DF000FFFE0346BB620023FB6200233B6300231C
:101E00007B630023BB630023FB6307F1140207F12C
:101E10001C031946094806F006F90346002B06D1B3
:101E2000074B1B680133064A1360012300E00023BF
:101E300018464037BD4680BD0D030024B000002485
:101E40001003002480B584B002AF78603960094B7C
:101E50001B781946084B1B68084A126801920093C8
:101E60000B46074A3968786822F092F800BF0837B5
:101E7000BD4680BD0D03002410030024140300247C
:101E8000805C020880B58CB002AF78603960124B7C
:101E9000197807F108022023104802F033FE104B96
:101EA0001B68002B05D10F4A3968786822F070F85A
:101EB0000EE00D4B1A68084B1B78194607F1080312
:101EC000019300911346094A3968786822F060F856
:101ED00000BF2837BD4680BD240300241C03002416
:101EE000140300249C5C020818030024A45C02086C
:101EF00080B483B000AF78607B68002B01D10023F1
:101F000014E07B681B78002B0DD07B681B78DF2BDF
:101F100009D87B6803331B78002B04D07B6803331C
:101F20001B78FF2B01D1002300E0012318460C375A
:101F3000BD465DF8047B704780B487B000AF786021
:101F40000023FB757B68002B01D100233BE07B68FD
:101F50001B781A067B6801331B781B041A437B68C5
:101F600002331B781B0213437A680332127813433F
:101F70003B613B69002B03D03B69B3F1FF3F01D1CB
:101F8000002320E01F23BB7518E0BB7D1A463B6988
:101F9000D340DBB203F00103FB73FB7B002B02D1C8
:101FA0000123FB7504E0FB7D002B01D000230AE038
:101FB00097F91630DBB2013BDBB2BB7597F91630EF
:101FC000002BE2DA012318461C37BD465DF8047B7E
:101FD0007047000080B400AF164BC0221A70154B3A
:101FE000A8225A70134B01229A70124B0A22DA70FF
:101FF000104BC0221A710F4BA8225A710D4B0122AF
:102000009A710C4B0122DA710A4BFF221A72094BAA
:10201000FF225A72074BFF229A72064B0022DA7295
:10202000044B4FF47A629A8100BFBD465DF8047B91
:10203000704700BF2803002480B582B000AF7860ED
:102040000B467B807B88054A0549786800F00AF8D2
:10205000034618460837BD4680BD00BF2C03002448
:102060003003002480B586B000AFF860B9607A60B4
:102070007B80FB68002B02D07B88002B01D10023E2
:1020800037E0F868FFF734FF0346002B05D0B86847
:10209000FFF752FF0346002B01D1002329E0002364
:1020A000FB751FE0FB7DFA681A44FB7D1178134A2B
:1020B000D154FB7DBA681A44FB7D11780F4A134452
:1020C0000A461A727B68002B04D0FB7D7A681344A1
:1020D0001A7800E00022FB7D08490B441A71FB7D51
:1020E0000133FB75FB7D032BDCD9044A7B8893818C
:1020F000012318461837BD4680BD00BF28030024C1
:1021000080B588B002AF786039607B68002B02D060
:102110003B68002B01D1002335E007F1100107F1E6
:10212000140207F10803019307F10C0300930B4617
:102130001749786821F062FF0346042B01D0002381
:1021400021E07B69FF2B08D83B69FF2B05D8FB6892
:10215000FF2B02D8BB68FF2B01D9002313E07B695A
:10216000DAB23B681A703A693B680133D2B21A702E
:10217000FA683B680233D2B21A70BA683B6803331C
:10218000D2B21A70012318461837BD4680BD00BF71
:102190004459020880B588B004AFF860B9607A602D
:1021A000BB68002B21D07B68002B1ED0FB68002B66
:1021B00003D1BB6800221A7018E0FB681B78184630
:1021C000FB6801331B781A46FB6802331B781946FB
:1021D000FB6803331B780293019100920346054A82
:1021E0007968B86821F0D4FE00E000BF1037BD4622
:1021F00080BD00BF4459020880B500AF01221349D9
:1022000013480AF08FFE0346002B1CD0104B1B68AE
:1022100008221A620E4B1B6802221A620C4B1B68C2
:1022200004221A620A4B1B6801221A62084B002220
:10223000C3F89020064B2022C3F88C2001220349CA
:1022400003480AF06FFE00BF80BD00BF08040024F1
:10225000E001002480B582B000AF78607B68002B7D
:1022600009D07868FEF746F803469AB2C823796821
:1022700003480AF0EEFC00BF0837BD4680BD00BF32
:10228000E001002480B500AF0248FFF7E3FF00BF84
:1022900080BD00BF2C5B020880B582B000AF114842
:1022A0000BF078FA78607B68002B17D00D4B1B6819
:1022B00008221A620B4B1B6802221A62094B1B6828
:1022C00004221A62074B1B6801221A62054B002286
:1022D000C3F89020034B2022C3F88C2000BF08379E
:1022E000BD4680BDE001002480B5B4B004AF786085
:1022F00007F1AC03142219461F48FFF74BFF1F4993
:102300007868FDF7EDFF0346002B16D10EF04AF971
:102310000246194B9B8907F10C00029307F1AC03AD
:10232000019300927B68164AA02121F031FE07F14B
:102330000C031846FFF78EFF1AE00EF033F9024641
:102340000D4B9B8907F10C00039307F1AC0302933B
:1023500007F1AC03019300927B680A4AA02121F0A7
:1023600017FE07F10C031846FFF774FFFFF78AFF0B
:10237000C037BD4680BD00BF28030024BC5C0208F6
:10238000C85C0208E85C020880B58AB000AF214B47
:102390001B78002B39D11F4B01221A701E4B0022D3
:1023A0001A800EF0FFF8024641F2883313441B4AAC
:1023B00013601B48FFF74EFF1A48FFF74BFF1A4800
:1023C000FFF748FF1948FFF745FF1948FFF78CFF53
:1023D000FFF712FF174B1B68002B17D13B1D242260
:1023E0000021184621F0A5FE134B7B604FF480536B
:1023F000BB612023FB613B1D1A4600210F480EF0F4
:10240000E5F803460B4A136000E000BF2837BD46DD
:1024100080BD00BF00040024F8030024FC03002456
:102420004C5D02087C5D0208A85D0208C45D0208DC
:10243000F05D020804040024F85D02088525000808
:1024400080B582B000AF78607868FFF703FF00BF07
:102450000837BD4680BD000080B584B000AF78600D
:102460007B68144A934220D1134B1B889BB20133E3
:102470009BB2DBB2FB81114B1B889BB2FA899A425B
:102480000BD00D4B1B889BB21A460D4B19780D4B88
:102490009954094AFB89138004E00B4B1B680133F4
:1024A000094A1360FFF7A8FE00E000BF1037BD46E1
:1024B00080BD00BFE00100240C0500240E050024AF
:1024C000080400240C0400241005002480B582B008
:1024D00000AF78607B68054A934202D1FFF78CFE1B
:1024E00000E000BF0837BD4680BD00BFE00100240A
:1024F00080B582B000AF78607868FFF7ADFF00BFAD
:102500000837BD4680BD80B582B000AF786078687E
:10251000FFF7DCFF00BF0837BD4680BD80B5E0B0E7
:1025200000AF144B1B88002B03D1134B00221A70F1
:102530001BE0104B1B881A46104B002199543B4658
:102540004FF4C07219460D4801F04AF90C48FFF7E4
:1025500081FE3B461846FFF77DFEFFF793FE054BD5
:1025600000221A80044B01221A7007F5C077BD467D
:1025700080BD00BFF80300240104002438030024B8
:10258000E05B020880B582B000AFFFF785FE51E046
:102590003A4B1B889BB21A46394B9B5CFB71374BFD
:1025A0001B889BB201339BB2DBB29AB2334B1A80C9
:1025B000FB790D2B02D0FB790A2B0AD1314B1B780A
:1025C000002B03D02F4B00221A7033E0FFF7A6FF39
:1025D00030E0FB79082B02D0FB797F2B0AD12A4B04
:1025E0001B88002B26D0284B1B88013B9AB2264B18
:1025F0001A801FE0244B1B880133BF2B12D8214BBC
:1026000000221A70204B1B885A1C91B21E4A11805E
:1026100019461E4AFB795354FB793F2B0AD1FFF729
:102620007DFF07E0184B00221A801948FFF712FEC1
:10263000FFF728FE114B1B889AB2164B1B889BB2E2
:102640009A42A5D1104B1B88002B12D10DF0AAFF86
:102650000246114B1B68D31A002B0ADB0DF0A2FFB8
:10266000024641F2883313440B4A13600B48FFF7CC
:102670003BFE01200EF03BF887E700BF0E0500246B
:102680000C04002401040024F8030024380300246F
:10269000045E02080C050024FC030024BC5C020854
:1026A00080B5AAB000AFF860B9607A603B60B868E6
:1026B000FDF720FEC7F89C00FB68C7F8A430FB6854
:1026C000002B08D0BB68002B05D07B68002B02D004
:1026D0003B68002B6ED1002374E0D7F8A420FB6880
:1026E0009A4205D0D7F8A430013B1B78262B51D154
:1026F000D7F89C20B968D7F8A40021F02FFD034635
:10270000002B47D1D7F8A420D7F89C3013441B786E
:102710003D2B3FD1D7F89C300133D7F8A420134488
:10272000C7F898302621D7F8980021F00AFDC7F89D
:102730009400D7F89430002B05D1D7F89800FDF716
:10274000D9FD034604E0D7F89420D7F89830D31A7F
:10275000C7F8A030D7F8A0307F2B02D97F23C7F865
:10276000A03007F11403D7F8A020D7F89810184626
:1027700021F08FFD07F11402D7F8A0301344002296
:102780001A7007F114033A687968184602F00CFAD7
:10279000034617E02621D7F8A40021F0D2FCC7F8A1
:1027A000A400D7F8A430002B0AD0D7F8A430013306
:1027B000C7F8A430D7F8A4301B78002B8DD100E0E7
:1027C00000BF00231846A837BD4680BD80B588B03D
:1027D00000AFF860B9607A600023FB610023FB76EC
:1027E0002DE07A68FB69D31A7B617B69B3F5806F52
:1027F00002D94FF480637B61BA68FB69D11800236A
:102800007A69F86815F002F838613B69002B10DC32
:10281000FB7E0133FB76FB7E072B06D90C4B1B6836
:1028200001330B4A136000230EE002200DF05FFF1E
:1028300005E03B69FA691344FB610023FB76FA6902
:102840007B689A42CDD3012318462037BD4680BD10
:102850002C05002480B5B0B002AFF860B9607A6092
:102860007868FDF747FDC7F8B40007F11000D7F806
:10287000B4300093BB680E4AA02121F089FBC7F851
:10288000B000D7F8B030002B0DDDD7F8B02007F13D
:1028900010031946F868FFF799FFD7F8B420796854
:1028A000F868FFF793FF00BFB837BD4680BD00BF93
:1028B000285E020880B5ACB000AF78603960386837
:1028C000FDF718FDC7F8AC0007F10800D7F8AC30E9
:1028D0000D4AA02121F05CFBC7F8A800D7F8A8306A
:1028E000002B0DDDD7F8A82007F1080319467868FA
:1028F000FFF76CFFD7F8AC2039687868FFF766FF00
:1029000000BFB037BD4680BD785E020880B582B09A
:1029100000AF7860412204497868FFF757FF00BF95
:102920000837BD4680BD00BFCC8E020880B59AB086
:1029300008AF786007F13003142219462448FFF7E6
:1029400029FC07F11C03142219462248FFF722FC38
:1029500007F10803142219461F48FFF71BFC1C4B04
:102960009B8919461A4B9B8907F130020793502324
:10297000069307F10803059307F11C03049307F17D
:1029800030030393029107F10803019307F11C033D
:1029900000931346114A4FF4C051114821F0F8FA40
:1029A00078647B6C002B03DB7B6CB3F5C05F04D3D6
:1029B0000C497868FFF77EFF07E07B6C0A4A1360DA
:1029C000074A0A497868FFF745FF4837BD4680BD8A
:1029D00028030024300300242C030024108F020855
:1029E0003C050024E85E020838050024F85E020871
:1029F00080B58AB000AFF860B9607A603B600023B0
:102A00003B62BB68002B65D03B68002B62D03B6803
:102A10001B68002B5EDD3B681B681A46BB681344CD
:102A200000221A703149B86821F0AAFBF861FB69ED
:102A3000002B51D02E49B86821F0A2FB78627B6A46
:102A4000002B04D12B49B86821F09AFB78627B6A8D
:102A5000002B43D07B6A0F33184621F081F838628F
:102A60003B6A002B3CDDFB691A1DBB68D31ABB61B6
:102A700021E03B681B681A467B689B1A013B7B611F
:102A80003B681B681A46BB6899187A690023F86886
:102A900014F0A6FE38613B69002B23DD3B681A6801
:102AA0003B691A443B681A603B681B681A46BB685E
:102AB000134400221A703B681A68BB69D31A3A6A39
:102AC0009A4210DD3B681B681A467B68013B9A42BC
:102AD000CFD308E000BF06E000BF04E000BF02E083
:102AE00000BF00E000BF2837BD4680BD145F02086C
:102AF0001C5F02082C5F020880B5ADF5347D02AF83
:102B000007F53273A3F531731860112202210220F8
:102B100014F084FFC7F8C402D7F8C432002B04DADB
:102B20004FF47A700DF0E3FD88E007F52C73102266
:102B30000021184621F0FDFA022387F8B132002364
:102B4000C7F8B4323E4B9B89184615F075FD034615
:102B5000A7F8B2324FF001024FF00003C7E9A823F3
:102B60000023C7F8A83207F528731022009241F21B
:102B7000060240F6FF71D7F8C40215F065F907F5B3
:102B80002C7310221946D7F8C40214F021FA034618
:102B9000002B08D0D7F8C40214F07AFA4FF47A70F8
:102BA0000DF0A5FD4AE0264B9A89264B1A803BE0A2
:102BB0001023C7F88C3207F10C0107F5237301933A
:102BC00007F5247300930023FF22D7F8C40214F002
:102BD00079FDC7F8C002D7F8C032002B24DD07F515
:102BE0003273A3F52F72D7F8C032134400221A7043
:102BF00007F5867107F10C034FF4C072184600F018
:102C0000EFFD07F586731846FDF774FB0246D7F80B
:102C10008C3207F58671019307F524730093002326
:102C2000D7F8C40214F054FE054B9A89054B1B8853
:102C30009A42BDD0D7F8C40214F02AFA65E700BF63
:102C4000280300241C05002490B5ADF2344D04AFD8
:102C500007F58463A3F21C43186007F58463A3F5AA
:102C6000846319600023C7F81C3407F5447307F523
:102C7000826207F58461A1F58460C149006821F092
:102C8000BDF90346022B08D007F58463A3F21C4369
:102C9000BC491868FFF70EFED6E107F544733F21E3
:102CA000184621F04EFAC7F81C04D7F81C34002B44
:102CB00006D0D7F81C345A1CC7F81C2400221A70FE
:102CC00007F58463A3F58463AF49186821F058FAC7
:102CD000C7F81804D7F81834002B04D0D7F81834E4
:102CE0000433C7F8183407F54473A8491846FDF7AC
:102CF000F7FA0346002B07D107F58463A3F21C43C0
:102D00001868FFF713FE9FE107F54473A0491846C2
:102D1000FDF7E6FA0346002B07D107F58463A3F21B
:102D20001C431868FFF7F2FD8EE107F544739949DB
:102D30001846FDF7D5FA0346002B40F0FD80D7F882
:102D40001C34002B00F0C28007F58463A3F5EA73FE
:102D5000914A144620686168A26807C3A2891A8054
:102D600007F51A7218238D49D7F81C04FFF798FC51
:102D70000346002B08D007F51A7389491846FDF75A
:102D8000AFFA0346002B08D007F58463A3F21C4377
:102D900084491868FFF78EFD56E107F52F72182356
:102DA0008149D7F81C04FFF77BFC0346002B62D057
:102DB00007F5297218237D49D7F81C04FFF770FC2A
:102DC0000346002B57D007F5237218237849D7F80C
:102DD0001C04FFF765FC0346002B4CD007F520725E
:102DE0000C237449D7F81C04FFF75AFC0346002B48
:102DF00041D007F5197207F52F7311461846FFF7F2
:102E00007FF90346002B36D007F5187207F52973B2
:102E100011461846FFF774F90346002B2BD007F52F
:102E2000177207F5237311461846FFF769F9034631
:102E3000002B20D007F24A2207F5207311461846CE
:102E400001F0B2FD0346002B15D007F58463A3F50E
:102E5000EB731B8807F5177207F5187107F51970E2
:102E6000FFF700F90346002B05D04B4801F010FC9A
:102E70000346002B14D1484A07F58463A3F5EA738F
:102E8000144607CB20606160A2601B88A38107F510
:102E90008463A3F21C4348491868FFF70BFDD3E095
:102EA0003D4A07F58463A3F5EA73144607CB206017
:102EB0006160A2601B88A38107F58463A3F21C43B1
:102EC0003E4A3F491868FFF7C5FCBDE007F53F7370
:102ED000142219463048FFF75DF907F53A731422BA
:102EE00019463848FFF756F907F535731422194685
:102EF0003548FFF74FF9284B9B89194607F53F7274
:102F000007F1C80050230393029107F5357301932D
:102F100007F53A73009313462C4A4FF4807121F061
:102F200037F807F1C80207F58463A3F21C43284968
:102F30001868FFF78FFC87E007F5447325491846AA
:102F4000FDF7CEF90346002B76D107F582632249BF
:102F5000184601F073FC0346002B41D1D7F8183412
:102F6000002B3DD0D7F818341B78002B38D007F150
:102F70000800D7F81834194AC02121F009F847E0B1
:102F80003C5F0208485F0208145F0208545F0208B1
:102F9000585F0208685F020828030024745F020873
:102FA000785F0208805F0208E4850208945F0208E7
:102FB0009C5F0208A05F0208A85F0208C05F0208C9
:102FC000DC5F0208300300242C030024F85F0208B1
:102FD00040600208606002086C60020874600208C9
:102FE000D7F81C34002B0AD007F10802C023184977
:102FF000D7F81C04FFF754FB0346002B08D107F554
:103000008463A3F21C4313491868FFF753FC1BE0C9
:1030100007F1C80107F108034FF4C072184600F029
:10302000DFFB07F1C80207F58463A3F21C430A49DA
:103030001868FFF70FFC07E007F58463A3F21C4351
:1030400006491868FFF736FC07F22447BD4690BDD5
:103050003467020878600208DC5F020888600208B2
:1030600080B5ADF58A6D02AF07F58963A3F24443DD
:1030700018600123C7F82434824B00221A700622FC
:103080000121022014F0CAFCC7F84404D7F84434E4
:10309000002B09DA7C4B1B6801337B4A13604FF429
:1030A0007A700DF024FBECE007F224430422009236
:1030B000042240F6FF71D7F8440414F0C5FE07F56A
:1030C000856310220021184621F033F8022387F887
:1030D00029340023C7F82C34502015F0ADFA0346EC
:1030E000A7F82A3407F5856310221946D7F8440457
:1030F00013F06EFF0346002B07D10421D7F84404D8
:1031000014F020F80346002B0DD0D7F8440413F038
:10311000BFFF5D4B1B6801335B4A13604FF47A704D
:103120000DF0E5FAADE0574B01221A7000220021A4
:10313000D7F8440413F040FEC7F84004D7F84034F1
:10314000002BC0F28D800123C7F80C344FF0000231
:103150004FF0000307F58261C1E900234B4BC7F82C
:10316000183407F20C430422009201220621D7F8FA
:10317000400414F069FE07F582631022009241F2C8
:10318000060240F6FF71D7F8400414F05DFE4FF0E0
:1031900000024FF0000307F58261C1E900233C4BB8
:1031A000C7F8183407F582631022009241F2050235
:1031B00040F6FF71D7F8400414F046FE07F108010D
:1031C000002340F2FF32D7F8400414F009FB034615
:1031D000C7F808342F4B1B6801332E4A1360D7F809
:1031E0000834002B37DD0DF0DDF9C7F83C042A4B1D
:1031F0001B680133284A136007F5816307F1080152
:103200004FF48062D7F84004FFF7F2FBD7F8083498
:1032100007F58962A2F588620021D15407F10803FD
:103220001946D7F84004FFF70FFD0DF0BBF9024631
:10323000D7F83C34D31AC7F83834184AD7F838349A
:103240001360174B1B68D7F838249A4203D9144AE5
:10325000D7F838341360D7F8400413F019FF65E746
:1032600000BF084B00221A70D7F8440413F010FF77
:10327000054B1B680133044A13604FF47A700DF05C
:1032800036FAF6E61F05002420050024400D030051
:1032900020A107002405002428050024300500246F
:1032A0003405002480B500AF00F002F800BF80BDF7
:1032B00080B592B000AF07F1240324220021184604
:1032C00020F037FF194B7B624FF4C053BB631823C8
:1032D000FB633B4624220021184620F02AFF144BB2
:1032E0003B604FF400537B611823BB61114B1B689B
:1032F000002B09D107F124031A4600210E480DF0D6
:1033000065F903460B4A13600C4B1B68002B08D170
:103310003B461A4600210A480DF058F90346074A71
:10332000136000BF4837BD4680BD00BF94600208EF
:10333000A060020814050024F92A000818050024DA
:103340006130000880B400AF074B1B68002B03D02E
:10335000064B1B68002B02D1054B01221A7000BFDF
:10336000BD465DF8047B7047140500241805002451
:103370001E05002480B500AF054B1B78DBB2002B87
:1033800004D0034B00221A70FFF792FF00BF80BDEC
:103390001E0500242DE9F041A4B014AFF863B96311
:1033A000404B1B7898463F4B5B78FB623D4B9B78CC
:1033B000BB623C4BDB787B623B4B93F82D3003F0D8
:1033C0000103DBB2002B02D001237B6301E0002369
:1033D0007B63354B93F82D309B0803F00103DBB280
:1033E000002B02D001233B6301E000233B632F4B02
:1033F0001B78DBB23B622E4B1A68FA612D4B1968C1
:10340000B9612D4B186878612C4B1C683C612C4BC2
:103410001D68FD602B4B1E68BE602B4B1B687B60DC
:103420002A4B5E68294B1D68294803F019FD0446A4
:10343000274803F022FD0146254B1B6803F5805306
:10344000D3F86021224B1B68D3F8003212931192FB
:1034500010910F940E950D967B680C93BE680B9699
:10346000FD680A953C69099478690890B9690791E3
:10347000FA6906923B6A05933B6B04937B6B03935B
:103480007B6A0293BB6A0193FB6A00934346114A2D
:10349000B96BF86B20F07CFD00BF4037BD46BDE83E
:1034A000F08100BF28030024EC1D00241F05002428
:1034B0002405002428050024200500242C050024D0
:1034C000300500243405002438050024241F00247E
:1034D000741E0024AC600208F0B597B00AAF7861A2
:1034E00039614FF0FF337B624FF0FF333B624FF0A7
:1034F000FF33FB614FF0FF33BB614FF0FF33FB62E3
:103500002D4B1B68BB622C4B5B68002B22D0BB6A27
:103510001F2B1FD807F124030122B96A274803F0A3
:10352000B9F907F120030222B96A244803F0B2F97D
:1035300007F11C030322B96A204803F0ABF907F135
:1035400018031F22B96A1D4803F0A4F91A4801F0B4
:1035500053FCF862184B5B68FB607C6A3D6AFE694D
:10356000BA69BA60154803F07BFC7860134803F031
:1035700084FC0146114B1B6803F58053D3F860317E
:103580000E4A1268D2F800220992089307917968CE
:103590000691BA680592049603950294FB6A01931A
:1035A000BB6A0093FB68064A3969786920F0F0FC31
:1035B00000BF3437BD46F0BD241F0024741E002414
:1035C0009061020880B500AF00220821034805F091
:1035D000FFFE034B00221A7000BF80BD001002588E
:1035E0003C1D002480B582B000AF27E0FB790D2B95
:1035F00002D0FB790A2B12D1174B1B88002B1DD050
:10360000154B1B881A46154B00219954144B1B6807
:103610000133134A1360104B00221A800EE00E4B48
:103620001B8801337F2B09D80B4B1B885A1C91B286
:10363000094A11801A46F979084B9954F91D00235B
:103640000122084809F09EFB0346002BCED000BFA4
:1036500000BF0837BD4680BDC41D00243C1D0024AA
:10366000BC1D00247402002480B584B000AF7860D3
:103670007B68002B01D100232DE00122082118488E
:1036800005F0A6FE7868FCF735FE03469AB24FF4C3
:10369000FA737968134809F0DCFA0346FB733223A6
:1036A000022211490F4809F0D4FA022001F0BEFCB1
:1036B000002208210A4805F08BFEFB7B002B04D179
:1036C0000A4B1B680133094A1360FB7B002B01D1B5
:1036D000012300E0002318461037BD4680BD00BF1F
:1036E0000010025874020024E05B0208C01D002490
:1036F00080B584B002AF78603960074B1A68074B19
:103700001B6800931346064A3968786820F040FC2D
:1037100000BF0837BD4680BDC01D0024BC1D00246D
:103720002462020880B582B000AF78603960084B2F
:103730001B78002B01D0064B00E0064B064A396887
:10374000786820F025FC00BF0837BD4680BD00BF6B
:103750003C1D00249C5C02087460020880B400AF29
:1037600000BFBD465DF8047B7047000080B596B091
:1037700004AF7860396007F1340314221946144805
:10378000FEF708FD07F12003142219461148FEF741
:1037900001FD07F10C03142219460F48FEF7FAFC4D
:1037A0000B4B9B89194607F1340250230393029176
:1037B00007F10C03019307F1200300931346074A16
:1037C0003968786820F0E4FB00BF4837BD4680BD0B
:1037D000280300242C03002430030024386202084C
:1037E00090B5ADF5337D04AF07F52E73A3F52B73BC
:1037F000186007F52E73A3F52C73196007F52E7367
:10380000A3F52D731A6007F52E73A3F52C731B68AF
:10381000002B00F0418607F52E73A3F52D731B686E
:10382000002B00F0398607F52E73A3F52C731B6867
:1038300000221A7007F52E73A3F52B731B68002B5B
:103840000ED107F52E73A3F52D7107F52E73A3F591
:103850002C73CA4A0968186820F09AFB00F01DBE54
:1038600007F52E73A3F52B7307F5EC701B68C44A9C
:10387000C02120F08DFB07F5EC73184600F0A0FF87
:10388000C7F8B402D7F8B4321B78002B0ED107F575
:103890002E73A3F52D7107F52E73A3F52C73B74A7C
:1038A0000968186820F074FB00F0F7BDB549D7F837
:1038B000B40200F0C3FF0346002B07D0B249D7F88B
:1038C000B40200F0BBFF0346002B0FD107F52E73A7
:1038D000A3F52D7107F52E73A3F52C70AB4BA84AF9
:1038E0000968006820F054FB00F0D7BDA849D7F85C
:1038F000B40200F0A3FF0346002B0ED107F52E7390
:10390000A3F52D7107F52E73A3F52C73A14A096851
:10391000186820F03DFB00F0C0BD9F49D7F8B40205
:1039200000F08CFF0346002B0ED107F52E73A3F594
:103930002D7107F52E73A3F52C73984A0968186842
:1039400020F026FB00F0A9BD9549D7F8B40200F09D
:1039500075FF0346002B10D1FDF7BAFF07F52E7354
:10396000A3F52D7107F52E73A3F52C738B4A096807
:10397000186820F00DFB00F090BD8A49D7F8B4021A
:1039800000F05CFF0346002B0ED107F52E73A3F564
:103990002D7107F52E73A3F52C73834A09681868F7
:1039A00020F0F6FA00F079BD8049D7F8B40200F0B3
:1039B00045FF0346002B0ED107F52E73A3F52D719D
:1039C00007F52E73A3F52C73794A0968186820F05F
:1039D000DFFA00F062BD7749D7F8B40200F02EFF9D
:1039E0000346002B32D107F1140350211846FEF78D
:1039F00029FA07F1640350211846FFF779FE07F111
:103A0000B4035021184600F0B9FD07F58273782100
:103A10001846FFF7ABFE07F5827207F52E73A3F584
:103A20002D7107F52E73A3F52C7007F1B4030293E3
:103A300007F16403019307F11403009313465E4AF0
:103A40000968006820F0A4FA00F027BD5B49D7F8A8
:103A5000B40200F0F3FE0346002B0ED107F52E73DF
:103A6000A3F52D7207F52E73A3F52C731268196850
:103A70005348FEF78FFB00F010BD07225149D7F8DD
:103A8000B40200F025FF0346002B5CD14C4A07F539
:103A9000E273144620686168A26807C3A2891A808D
:103AA000D7F8B4320733184600F05CFF024607F53A
:103AB000EA7319461046FEF723FB0346002B29D074
:103AC0003F4B9A8907F5EA7311461846FEF7B4FA98
:103AD0000346002B1ED03A4800F0DAFD0346002BC7
:103AE00018D0374B1C4607F5E27307CB20606160A6
:103AF000A2601B88A38107F52E73A3F52D7107F52E
:103B00002E73A3F52C73304A0968186820F040FA28
:103B100000F0C3BC2A4B1C4607F5E27307CB2060BC
:103B20006160A2601B88A38107F52E73A3F52D7138
:103B300007F52E73A3F52C73244A0968186820F042
:103B400027FA00F0AABC2249D7F8B40200F076FEAA
:103B50000346002B40D11A4B9B891A4607F52E735A
:103B6000A3F52D7107F52E73A3F52C701346194A92
:103B70000968006820F00CFA00F08FBC5C62020853
:103B80007460020878620208806202088862020893
:103B9000A8620208B0620208B86202089C690208C2
:103BA000C0620208C8620208D4620208405D0208CE
:103BB000E462020838660208206402082C640208E5
:103BC0002803002434640208C05F02083C64020831
:103BD0005464020858620208C049D7F8B40200F0E1
:103BE0002DFE0346002B0ED107F52E73A3F52D7283
:103BF00007F52E73A3F52C7312681968B848FEF701
:103C0000C9FA00F04ABC0922B649D7F8B40200F05C
:103C10005FFE0346002B60D107F52E73A3F5847376
:103C2000B14A144620686168A26807C3A2891A8055
:103C3000D7F8B4320933184600F094FE024607F56F
:103C4000E07319461046FEF75BFA0346002B2AD0B4
:103C5000A54B9B8907F5E071A44AA348FEF702FA39
:103C60000346002B1FD0A04800F012FD0346002B96
:103C700019D09D4A07F52E73A3F58473144607CB1C
:103C800020606160A2601B88A38107F52E73A3F5F5
:103C90002D7107F52E73A3F52C73954A09681868E2
:103CA00020F076F9F9E3904A07F52E73A3F58473B3
:103CB000144607CB20606160A2601B88A38107F5D2
:103CC0002E73A3F52D7107F52E73A3F52C73894A76
:103CD0000968186820F05CF9DFE38749D7F8B40277
:103CE00000F0ACFD0346002B0DD107F52E73A3F5B4
:103CF0002D7207F52E73A3F52C73126819687B4893
:103D0000FEF748FAC9E309227C49D7F8B40200F06B
:103D1000DFFD0346002B60D107F52E73A3F58E73EC
:103D2000714A144620686168A26807C3A2891A8094
:103D3000D7F8B4320933184600F014FE024607F5EE
:103D4000D67319461046FEF7DBF90346002B2AD03E
:103D5000654B9B8907F5D67261496348FEF782F986
:103D60000346002B1FD0604800F092FC0346002B56
:103D700019D05D4A07F52E73A3F58E73144607CB51
:103D800020606160A2601B88A38107F52E73A3F5F4
:103D90002D7107F52E73A3F52C73554A0968186821
:103DA00020F0F6F879E3504A07F52E73A3F58E73E9
:103DB000144607CB20606160A2601B88A38107F5D1
:103DC0002E73A3F52D7107F52E73A3F52C734C4AB2
:103DD0000968186820F0DCF85FE309224949D7F840
:103DE000B40200F075FD0346002B61D107F52E7378
:103DF000A3F596733C4A144620686168A26807C31D
:103E0000A2891A80D7F8B4320933184600F0AAFD07
:103E1000024607F5CD731946104600F0C5FD03466E
:103E2000002B2BD007F52E73A3F58F731B88194633
:103E30002D48FEF701F90346002B1FD02A4800F059
:103E400027FC0346002B19D0274A07F52E73A3F54C
:103E50009673144607CB20606160A2601B88A38123
:103E600007F52E73A3F52D7107F52E73A3F52C73AB
:103E70001F4A0968186820F08BF80EE31A4A07F504
:103E80002E73A3F59673144607CB20606160A26081
:103E90001B88A38107F52E73A3F52D7107F52E73EB
:103EA000A3F52C73184A0968186820F071F8F4E239
:103EB0001649D7F8B40200F0C1FC0346002B27D105
:103EC00007F52E73A3F52D7207F52E73A3F52C734A
:103ED00011681868FFF74AFCDFE200BF606402085F
:103EE000300300246C640208280300242C030024FF
:103EF000C05F02087864020894640208A0640208A3
:103F0000AC640208C8640208D4640208EC640208C5
:103F1000C849D7F8B40200F091FC0346002B07D043
:103F2000C549D7F8B40200F089FC0346002B0CD138
:103F300007F52E73A3F52D7207F52E73A3F52C73D9
:103F400011681868FFF726FAA7E2BC49D7F8B4024F
:103F500000F074FC0346002B0CD107F52E73A3F57B
:103F60002D7207F52E73A3F52C7311681868FFF7EF
:103F7000B3FA92E2B249D7F8B40200F05FFC03460C
:103F8000002B07D0AF49D7F8B40200F057FC034626
:103F9000002B0FD1FFF7D6F907F52E73A3F52D717E
:103FA00007F52E73A3F52C73A74A096818681FF04C
:103FB000EFFF72E2A549D7F8B40200F03FFC0346D8
:103FC000002B0DD107F52E73A3F52D7107F52E7378
:103FD000A3F52C739E4A096818681FF0D9FF5CE2AC
:103FE0009C49D7F8B40200F029FC0346002B0CD101
:103FF00007F52E73A3F52D7207F52E73A3F52C7319
:1040000011681868FDF7A0FD47E20A229249D7F827
:10401000B40200F05DFC0346002B34D1D7F8B43273
:104020000A33184600F09EFCC7F8980207F28B137B
:104030001946D7F89802FDF760FD0346002B14D00F
:1040400007F52E73A3F22D131B781A4607F52E736E
:10405000A3F52D7107F52E73A3F52C7013467F4A37
:10406000096800681FF094FF17E207F52E73A3F5A7
:104070002D7107F52E73A3F52C73794A096818681A
:104080001FF086FF09E209227649D7F8B40200F052
:104090001FFC0346002B74D1D7F8B4320933C7F89C
:1040A000A4322C21D7F8A40220F04BF8C7F8A002C4
:1040B000D7F8A032002B56D0D7F8A03200221A70C1
:1040C000D7F8A40200F07CFBC7F8A402D7F8A0320E
:1040D0000133184600F074FBC7F8A002D7F8A032ED
:1040E0001B7887F89F3297F89F3201335E4A13445A
:1040F0001B7803F00303022B03D197F89F32203B78
:1041000001E097F89F32542B07D101220021D7F804
:10411000A402FDF7BFFC03460EE0D7F8A0321B78DF
:10412000312B01D1012300E0002300221946D7F8EA
:10413000A402FDF7AFFC034687F89E3297F89E3243
:10414000002B01D0494B00E0454B07F52E72A2F53C
:104150002D7107F52E72A2F52C70454A096800688A
:104160001FF016FF99E107F52E73A3F52D7107F5E2
:104170002E73A3F52C733F4A096818681FF008FFD7
:104180008BE13D49D7F8B40200F058FB0346002B01
:104190000CD107F52E73A3F52D7207F52E73A3F539
:1041A0002C7311681868FDF74DFE76E13349D7F896
:1041B000B40200F043FB0346002B0CD107F52E732D
:1041C000A3F52D7207F52E73A3F52C7311681868EB
:1041D000FDF758FE61E109222949D7F8B40200F041
:1041E00077FB0346002B40F09580D7F8B4320933B3
:1041F000C7F8B0322C21D7F8B0021FF0A2FFC7F8E1
:10420000AC0207F52E73A3F2391300221A70D7F807
:10421000AC32002B36D107F52E73A3F52D7107F5BF
:104220002E73A3F52C73134A096818681FF0B0FEAB
:1042300033E100BFF864020804650208086502085B
:1042400014650208206502082C650208386502081A
:10425000446502085865020864650208586202084D
:104260007065020888650208FDA302089C690208BF
:104270007460020894650208B4650208C06502080B
:10428000C8650208D7F8AC3200221A70D7F8B0021D
:1042900000F096FA03460022002118461FF098FD10
:1042A000C7F8A802D7F8AC32581C07F27F1307F5FD
:1042B000C071082200F0A6FB0346002B1CD007F5B6
:1042C0002E73A3F239131A7807F5C0731946D7F87D
:1042D000A802FDF757FD0346002B0DD007F52E73FE
:1042E000A3F52D7107F52E73A3F52C736D4A09689C
:1042F00018681FF04DFED0E007F52E73A3F52D7161
:1043000007F52E73A3F52C73674A096818681FF028
:104310003FFEC2E06549D7F8B40200F08FFA0346C9
:10432000002B0CD107F52E73A3F52D7207F52E7314
:10433000A3F52C7311681868FFF7DAF9ADE05C4952
:10434000D7F8B40200F07AFA0346002B0CD107F537
:104350002E73A3F52D7207F52E73A3F52C73116838
:104360001868FFF7DFF998E00B225249D7F8B4023A
:1043700000F0AEFA0346002B1DD1D7F8B4320B3350
:10438000184600F0EFFA03461846FFF76DF90346AA
:10439000002B01D0434B00E0474B07F52E72A2F5EE
:1043A0002D7107F52E72A2F52C70444A0968006839
:1043B0001FF0EEFD71E04249D7F8B40200F03EFA7A
:1043C0000346002B0CD107F52E73A3F52D7207F5CC
:1043D0002E73A3F52C731168186800F0CFF85CE019
:1043E0000A223849D7F8B40200F072FA0346002BCB
:1043F00044D107F52E73A3F59D7300221A70D7F8E8
:10440000B43203F10A0007F5BF7307F1B4012022AB
:1044100000F0F8FA0346002B22D007F52E73A3F51F
:104420009D731A7807F5827107F1B403184600F0FE
:104430006FF80346002B13D007F52E73A3F59D7379
:10444000197807F52E73A3F52D7307F52E72A2F5D3
:104450002C7207F582701B68126800F053FB1CE099
:1044600007F52E73A3F52D7107F52E73A3F52C73A5
:10447000154A096818681FF08BFD0EE007F52E73CA
:10448000A3F52D7107F52E73A3F52C730F4A096858
:1044900018681FF07DFD00E000BF07F52F77BD46CF
:1044A00090BD00BF9C690208D4650208F06502084F
:1044B000FC650208086602081466020874600208B7
:1044C00034660208406602084C6602086C66020800
:1044D00080B500AF0C4BDB68072B0FD00A4807F004
:1044E0001BFF094B0722DA60074807F0F1FD03467E
:1044F000002B06D1054B01221A7002E0034B01226A
:104500001A7000BF80BD00BF54010024C61D0024E6
:1045100080B586B002AFF860B9601346FB71144BEA
:104520001B78002B08D0FB68002B05D0BB68002B44
:1045300002D0FB79002B01D1002314E0FB799BB260
:104540004FF4FA720092BA68F9680A4807F00EFF51
:104550000346002B06D1084B1B680133064A136043
:10456000012300E0002318461037BD4680BD00BF80
:10457000C61D002454010024C81D002480B584B049
:1045800002AF78603960084B1B781A46074B1B68EE
:1045900000931346064A396878681FF0F9FC00BF9B
:1045A0000837BD4680BD00BFC61D0024C81D0024BD
:1045B0008866020880B485B000AF78603960104B1F
:1045C000FB600023BB600FE07A68BB6813441B7874
:1045D0001A46FB685340FB60FB680A4A02FB03F380
:1045E000FB60BB680133BB60BA683B689A42EBD39F
:1045F000FB6818461437BD465DF8047B704700BF62
:10460000C59D1C819301000190B585B000AF786015
:104610001D4BFB607B68002B08D0FB681B681B4AA6
:10462000934203D1FB689B88012B01D0002326E035
:10463000FB6808330E211846FFF7BCFFB860FB6823
:104640009B69BA689A4201D0002318E0FB689B8AF4
:10465000002B07D0FB681B7A002B03D0FB681B7A6A
:10466000DF2B01D900230AE07A68FB68144608337F
:1046700007CB20606160A2601B88A38101231846DC
:104680001437BD4690BD00BF00001E0831304358AE
:10469000B0B598B000AF786007F16003583B1F33A6
:1046A0005B095C0107F1480300221A605A609A60B6
:1046B000DA601A6100237B647B68002B01D1002340
:1046C00047E02022FF2120461FF033FD234B2360CB
:1046D0000123A3807A6804F10803154628686968F5
:1046E000AA6807C3AA891A8004F108030E21184694
:1046F000FFF760FF0346A36104F01EF90023BB64CB
:104700000223FB6407233B6501237B652023BB65F4
:1047100007F1440207F148031146184604F00AFA6B
:10472000034687F85F3097F85F30002B08D12346A7
:104730001A460B49012004F06DF8034687F85F30F4
:1047400004F034F997F85F30002B01D1012300E029
:10475000002318466037BD46B0BD00BF3130435816
:1047600000001E0880B588B000AF07F108030022E2
:104770001A605A609A60DA601A6100237B6004F064
:10478000DBF80023BB600223FB6007233B610123AE
:104790007B612023BB613A1D07F1080311461846CF
:1047A00004F0C8F90346FB7704F000F9FB7F002B07
:1047B00001D1012300E0002318462037BD4680BD0B
:1047C00080B584B000AF78607B68002B04D17B6833
:1047D0002EE07B6801337B607B681B78002B09D05F
:1047E0007B681B780133144A13441B7803F00803D9
:1047F000002BEED17868FBF77DFD02467B68134401
:10480000FB6002E0FB68013BFB60FA687B689A4250
:104810000AD9FB68013B1B780133074A13441B7814
:1048200003F00803002BEDD1FB6800221A707B68AF
:1048300018461037BD4680BDFDA3020880B487B07E
:1048400000AF786039602DE07B685A1C7A601B7875
:10485000FB75FB7D01331D4A13441B7803F00303F2
:10486000022B02D1FB7D203B00E0FB7D3B613B68DE
:104870005A1C3A601B78FB73FB7B0133134A1344C9
:104880001B7803F00303022B02D1FB7B203B00E0EB
:10489000FB7BBB603A69BB689A4203D03A69BB684C
:1048A000D31A0DE07B681B78002B03D03B681B7884
:1048B000002BC9D17B681B781A463B681B78D31A3A
:1048C00018461C37BD465DF8047B7047FDA30208FF
:1048D00080B489B000AFF860B9607A6033E0FB68FB
:1048E0005A1CFA601B78FB77FB7F01331C4A134488
:1048F0001B7803F00303022B02D1FB7F203B00E077
:10490000FB7FBB61BB685A1CBA601B78FB75FB7DE3
:104910000133134A13441B7803F00303022B02D123
:10492000FB7D203B00E0FB7D3B61BA693B699A421D
:1049300005D1BB69002B02D03B69002B03D1BA69BA
:104940003B69D31A05E07B685A1E7A60002BC6D1FA
:10495000002318462437BD465DF8047B704700BF2E
:10496000FDA3020880B483B000AF786002E07B68EA
:1049700001337B607B68002B0DD07B681B78002B9C
:1049800009D07B681B780133064A13441B7803F077
:104990000803002BEBD17B6818460C37BD465DF849
:1049A000047B7047FDA3020880B584B000AF786037
:1049B00039607B68002B02D03B68002B01D10023BB
:1049C0001CE007F108030022194678681FF000FA7E
:1049D000F860BB681846FFF7C5FF0346BB60BB68BD
:1049E0001B78002B03D1FB68B3F5803F01D3002374
:1049F00004E0FB689AB23B681A800123184610371E
:104A0000BD4680BD80B588B000AFF860B9603B603E
:104A10001346FB710023FB77FB68002B05D0BB68B6
:104A2000002B02D03B68002B5CD1002364E007F12F
:104A3000140300210A461A800A469A70F868FFF7A4
:104A400091FFF860FB681B78002B50D0FB681B7847
:104A50002C2B03D1FB680133FB6043E0FA7FFB7929
:104A60009A4209D2FB681B780133254A13441B780C
:104A700003F04403002B01D100233DE0FB681B78C9
:104A80003B75FB6801331B7801331D4A13441B78C7
:104A900003F04403002B07D0FB6801331B787B75C0
:104AA000FB680233FB6002E0FB680133FB6007F147
:104AB000100107F11403102218461FF089F9B8619C
:104AC0003B691B78002B02D1BB69FF2B01D9002366
:104AD00012E0FB7F5A1CFA771A46BB681344BA6986
:104AE000D2B21A70FB681B78002BA0D100E000BF87
:104AF0003B68FA7F1A70012318462037BD4680BDF7
:104B0000FDA3020890B58BB002AFF8607A603B60FD
:104B10000B46FB720023FB617B68002B3AD03B689D
:104B2000002B37D07B6800221A700023FB762CE024
:104B30007A68FB69D0183A68FB69D11AFB7E002BB2
:104B400001D1164C00E0164CFB7EFA6813441B782A
:104B500000932346134A1FF01BFA78617B69002BF0
:104B600005DB3A68FB69D21A7B699A4206D83B6832
:104B7000013B7A68134400221A700CE07B69FA69E1
:104B80001344FB61FB7E0133FB76FA7EFB7A9A428B
:104B9000CED300E000BF2437BD4690BD5059020877
:104BA000545902085859020880B586B000AFF86021
:104BB000B9607A6000237B61FB68002B05D0BB687D
:104BC000002B02D07B68002B51D1002364E0FB68EE
:104BD0001B78252B32D1FB6801331B780133304A17
:104BE00013441B7803F04403002B27D0FB680233E7
:104BF0001B7801332A4A13441B7803F04403002B2B
:104C00001CD0FB6801331B783B74FB6802331B78B4
:104C10007B740023BB7407F1100310220021184697
:104C20001FF0D6F801467B695A1C7A61BA681344B2
:104C3000CAB21A70FB680333FB6018E0FB681B788C
:104C40002B2B0AD17B695A1C7A61BA681344202243
:104C50001A70FB680133FB6009E0FB685A1CFA60BC
:104C60007A69511C7961B9680A441B781370FB6832
:104C70001B78002B04D07B6901337A689A42A6D84E
:104C8000BA687B69134400221A70FB681B78002BFA
:104C900001D1012300E0002318461837BD4680BD2E
:104CA000FDA30208DFF838D0FCF7ECFBFCF74AFB69
:104CB0000C480D490D4A002302E0D458C450043377
:104CC000C4188C42F9D30A4A0A4C002301E013604D
:104CD0000432A242FBD31FF0B5FAFBF759FFFEE7FF
:104CE00000000824000000249400002410A50208FD
:104CF00094000024709B0124FEE780B483B000AFD1
:104D0000786039607B68002B0BD03B68DB68002B38
:104D100007D03B689B68002B03D03B681B69002BC6
:104D200002D14FF0FF3314E03B681A687B689A6049
:104D30003B685A687B68DA603B68DA687B685A616E
:104D40003B689A687B681A613B681A697B689A615C
:104D5000002318460C37BD465DF8047B704780B5CC
:104D600086B000AF78600023FB6000237B610023E6
:104D70003B617B685B68002B39D17B689B68002BAB
:104D800002D07B689B6898477B6820221A600023CA
:104D90007B611CE07B685B6907F10C02122178697A
:104DA00098470346002B03DA6FF004033B610BE0E6
:104DB000FB6803F01F037A699A4205D17B687A6920
:104DC0001A6000233B6105E07B6901337B617B69ED
:104DD0001F2BDFD97B681B681F2B02D96FF00203E2
:104DE0003B613B69002B02D17B6801225A603B6921
:104DF00018461837BD4680BD80B584B000AF7860D6
:104E00000023FB607B685B697A68106807F10C021D
:104E1000012198470346002B02DA6FF004036EE08D
:104E20007B685B697A68106807F10C02012198477A
:104E30000346002B02DA6FF0040360E0FB6803F026
:104E40000403002B01D1012359E07B685B697A6878
:104E5000106807F10C02002198470346002B02DA84
:104E60006FF004034BE0FB6803F48053002B1BD16D
:104E7000FB6803F40053002B06D0FB6803F4807337
:104E8000002B01D002233AE0FB6803F40053002B0F
:104E900001D0032333E0FB6803F48073002B01D0BF
:104EA00004232CE005232AE07B685B697A6810689C
:104EB00007F10C021F2198470346002B02DA6FF01E
:104EC00004031CE0FB6803F48053002B01D106238C
:104ED00015E0FB6803F01C03182B01D102230EE040
:104EE000FB6803F01C03082B01D1032307E0FB68D8
:104EF00003F01C03142B01D1042300E00523184602
:104F00001037BD4680BD000080B582B000AF0320E1
:104F100000F0A0F905F0DAF80246154B9B691B0A70
:104F200003F00F031349CB5C03F01F0322FA03F3D2
:104F30007B600F4B9B6903F00F030E4AD35C03F0B9
:104F40001F037A6822FA03F30B4A13600B4A7B684B
:104F500013600F2000F014F80346002B01D001234A
:104F600002E0FBF7E9FF002318460837BD4680BD85
:104F700000440258D88D02080400002400000024D8
:104F800080B582B000AF7860154B1B78002B01D143
:104F9000012321E0134B1A68114B1B7819464FF47B
:104FA0007A73B3FBF1F3B2FBF3F3184600F085F923
:104FB0000346002B01D001230EE07B680F2B0AD89B
:104FC000002279684FF0FF3000F04FF9064A7B6805
:104FD0001360002300E0012318460837BD4680BD5A
:104FE00010000024000000240C00002480B400AF56
:104FF000064B1B781A46064B1B681344044A136081
:1050000000BFBD465DF8047B704700BF1000002460
:10501000CC1D002480B400AF034B1B681846BD466E
:105020005DF8047B704700BFCC1D002480B584B0C0
:1050300000AF7860FFF7EEFFB8607B68FB60FB684D
:10504000B3F1FF3F05D00A4B1B781A46FB681344A7
:10505000FB6000BFFFF7DEFF0246BB68D31AFA68A9
:105060009A42F7D800BF00BF1037BD4680BD00BFD1
:105070001000002480B400AF034B1B681B0C1846C3
:10508000BD465DF8047B70470010005C80B483B0BF
:1050900000AF7860064B5B6823F4600204497B68CC
:1050A00013434B6000BF0C37BD465DF8047B70476F
:1050B0000004005880B485B000AF78607B6803F0CE
:1050C0000703FB600B4BDB68BB60BA684FF6FF035E
:1050D0001340BB60FB681A02BB681A43064B1343BC
:1050E000BB60044ABB68D36000BF1437BD465DF89F
:1050F000047B704700ED00E00000FA0580B400AFCB
:10510000044BDB681B0A03F007031846BD465DF835
:10511000047B704700ED00E080B483B000AF03462D
:10512000FB80B7F90630002B0BDBFB8803F01F0276
:105130000749B7F906305B09012000FA02F241F88D
:10514000232000BF0C37BD465DF8047B704700BFCD
:1051500000E100E080B483B000AF03463960FB801B
:10516000B7F90630002B0ADB3B68DAB20C49B7F915
:1051700006301201D2B20B4483F800230AE03B68E8
:10518000DAB20849FB8803F00F03043B1201D2B2E4
:105190000B441A7600BF0C37BD465DF8047B7047A0
:1051A00000E100E000ED00E080B489B000AFF860FD
:1051B000B9607A60FB6803F00703FB61FB69C3F128
:1051C0000703042B28BF0423BB61FB690433062BB0
:1051D00002D9FB69033B00E000237B614FF0FF3203
:1051E000BB6902FA03F3DA43BB681A407B699A4051
:1051F0004FF0FF317B6901FA03F3D9437B680B4021
:10520000134318462437BD465DF8047B7047000001
:1052100080B582B000AF78607B68013BB3F1807FDE
:1052200001D301230FE00A4A7B68013B53600F2141
:105230004FF0FF30FFF78EFF054B00229A60044BC2
:1052400007221A60002318460837BD4680BD00BFFC
:1052500010E000E080B582B000AF78607868FFF7BA
:1052600029FF00BF0837BD4680BD80B586B000AFBE
:105270000346B9607A60FB81FFF740FF78617A6886
:10528000B9687869FFF790FF0246B7F90E3011460A
:105290001846FFF75FFF00BF1837BD4680BD80B5D9
:1052A00082B000AF0346FB80B7F906301846FFF71F
:1052B00033FF00BF0837BD4680BD80B582B000AF68
:1052C00078607868FFF7A4FF034618460837BD46A4
:1052D00080BD000080B400AFBFF35F8F00BF074BFD
:1052E0005B6A064A23F480335362054B00225A60FE
:1052F00000BFBD465DF8047B704700BF00ED00E0D5
:1053000090ED00E080B483B000AF78600B4A7B681A
:1053100043F0010353600A4B5B6A094A43F480334C
:105320005362BFF34F8F00BFBFF36F8F00BF00BF4B
:105330000C37BD465DF8047B704700BF90ED00E080
:1053400000ED00E080B483B000AF78607B685A78ED
:105350001B4B9A601A4B1B69194A23F00103136116
:10536000174A7B685B68D3607B681B7B1A077B6886
:10537000DB7A1B061A437B689B7ADB041A437B6843
:105380005B7B9B041A437B689B7B5B041A437B68B3
:10539000DB7B1B041A437B685B7A1B021A437B6826
:1053A0001B7A5B0013437A6812781146044A0B4358
:1053B000136100BF0C37BD465DF8047B704700BF2A
:1053C00090ED00E080B586B000AF7860FFF722FE78
:1053D00038617B68002B01D10123DCE27B6893F804
:1053E0003530DBB2022B08D07B6880225A657B689F
:1053F000002283F834200123CDE27B681B68644AD5
:1054000093424AD07B681B68624A934245D07B68CE
:105410001B68614A934240D07B681B685F4A934295
:105420003BD07B681B685E4A934236D07B681B6822
:105430005C4A934231D07B681B685B4A93422CD014
:105440007B681B68594A934227D07B681B68584A7F
:10545000934222D07B681B68564A93421DD07B68DA
:105460001B68554A934218D07B681B68534A934285
:1054700013D07B681B68524A93420ED07B681B682E
:10548000504A934209D07B681B684F4A934204D02C
:105490007B681B684D4A934208D17B681B681A6879
:1054A0007B681B6822F001021A6007E07B681B68BA
:1054B0001A687B681B6822F001021A607B681B680F
:1054C000334A93424AD07B681B68324A934245D0A4
:1054D0007B681B68304A934240D07B681B682F4A28
:1054E00093423BD07B681B682D4A934236D07B6841
:1054F0001B682C4A934231D07B681B682A4A93422E
:105500002CD07B681B68294A934227D07B681B6894
:10551000274A934222D07B681B68264A93421DD0BB
:105520007B681B68244A934218D07B681B68234A17
:10553000934213D07B681B68214A93420ED07B684C
:105540001B68204A934209D07B681B681E4A93421D
:1055500004D07B681B681D4A934201D1012300E0FF
:105560000023002B34D07B681B681A687B681B689B
:1055700022F01E021A607B681B685A697B681B68F0
:1055800022F080025A617B681B687B612BE000BFC0
:105590001000024028000240400002405800024033
:1055A0007000024088000240A0000240B8000240A3
:1055B0001004024028040240400402405804024003
:1055C0007004024088040240A0040240B804024073
:1055D0007B681B681A687B681B6822F00E021A60E1
:1055E0007B681B687B617B681B687F4A934272D033
:1055F0007B681B687D4A93426DD07B681B687C4A40
:10560000934268D07B681B687A4A934263D07B6878
:105610001B68794A93425ED07B681B68774A934245
:1056200059D07B681B68764A934254D07B681B68CC
:10563000744A93424FD07B681B68734A93424AD0A6
:105640007B681B68714A934245D07B681B68704A2F
:10565000934240D07B681B686E4A93423BD07B6884
:105660001B686D4A934236D07B681B686B4A934235
:1056700031D07B681B686A4A93422CD07B681B68D8
:10568000684A934227D07B681B68674A934222D0BE
:105690007B681B68654A93421DD07B681B68644A1F
:1056A000934218D07B681B68624A934213D07B6890
:1056B0001B68614A93420ED07B681B685F4A934225
:1056C00009D07B681B685E4A934204D07B681B68E4
:1056D0005C4A934201D1012300E00023002B1CD03F
:1056E0007B681B6E1A687B681B6E22F480721A60DE
:1056F00013E0FFF78FFC02463B69D31A052B0CD948
:105700007B6820225A657B68032283F835207B68FA
:10571000002283F8342001233DE17B691B6803F0FC
:105720000103002BE5D17B681B682F4A93424AD0C6
:105730007B681B682D4A934245D07B681B682C4AC6
:10574000934240D07B681B682A4A93423BD07B68D7
:105750001B68294A934236D07B681B68274A9342CC
:1057600031D07B681B68264A93422CD07B681B682B
:10577000244A934227D07B681B68234A934222D055
:105780007B681B68214A93421DD07B681B68204AB6
:10579000934218D07B681B681E4A934213D07B68E3
:1057A0001B681D4A93420ED07B681B681B4A9342BC
:1057B00009D07B681B681A4A934204D07B681B6837
:1057C000184A934201D1012300E00023002B3BD073
:1057D0007B689B6DBB607B68DB6D03F01F033F2222
:1057E0009A40BB689A603AE01000024028000240EC
:1057F0004000024058000240700002408800024011
:10580000A0000240B80002401004024028040240F8
:1058100040040240580402407004024088040240E0
:10582000A0040240B8040240085402581C54025814
:105830003054025844540258585402586C54025878
:1058400080540258945402587B689B6DFB607B68BF
:10585000DB6D03F01F0301229A40FB685A607B68EE
:105860001B684F4A934272D07B681B684D4A934233
:105870006DD07B681B684C4A934268D07B681B687C
:105880004A4A934263D07B681B68494A93425ED080
:105890007B681B68474A934259D07B681B68464A1D
:1058A000934254D07B681B68444A93424FD07B6834
:1058B0001B68434A93424AD07B681B68414A934223
:1058C00045D07B681B68404A934240D07B681B6888
:1058D0003E4A93423BD07B681B683D4A934236D098
:1058E0007B681B683B4A934231D07B681B683A4A0D
:1058F00093422CD07B681B68384A934227D07B6840
:105900001B68374A934222D07B681B68354A934212
:105910001DD07B681B68344A934218D07B681B6893
:10592000324A934213D07B681B68314A93420ED0AF
:105930007B681B682F4A934209D07B681B682E4AFC
:10594000934204D07B681B682C4A934201D1012307
:1059500000E00023002B15D07B685B6E7A68926EA6
:105960005A607B68DB6E002B0CD07B68DB6E1A689C
:105970007B68DB6E22F480721A607B681B6F7A682A
:10598000526F5A607B68012283F835207B680022C1
:1059900083F83420002318461837BD4680BD00BF69
:1059A000100002402800024040000240580002401F
:1059B0007000024088000240A0000240B80002408F
:1059C00010040240280402404004024058040240EF
:1059D0007004024088040240A0040240B80402405F
:1059E000085402581C540258305402584454025867
:1059F000585402586C540258805402589454025817
:105A000080B584B000AF78607B68002B01D10123A2
:105A100037E27B6893F83530DBB2022B04D07B6829
:105A200080225A6501232CE27B681B685C4A934202
:105A30004AD07B681B685B4A934245D07B681B68F1
:105A4000594A934240D07B681B68584A93423BD0E6
:105A50007B681B68564A934236D07B681B68554A60
:105A6000934231D07B681B68534A93422CD07B68A9
:105A70001B68524A934227D07B681B68504A934266
:105A800022D07B681B684F4A93421DD07B681B68FD
:105A90004D4A934218D07B681B684C4A934213D0FE
:105AA0007B681B684A4A93420ED07B681B68494A50
:105AB000934209D07B681B68474A934204D07B68B5
:105AC0001B68464A934201D1012300E00023002BCA
:105AD00000F086807B68042283F835207B681B6891
:105AE0002F4A93424AD07B681B682E4A934245D086
:105AF0007B681B682C4A934240D07B681B682B4A0A
:105B000093423BD07B681B68294A934236D07B681E
:105B10001B68284A934231D07B681B68264A93420F
:105B20002CD07B681B68254A934227D07B681B6872
:105B3000234A934222D07B681B68224A93421DD09D
:105B40007B681B68204A934218D07B681B681F4AF9
:105B5000934213D07B681B681D4A93420ED07B682A
:105B60001B681C4A934209D07B681B681A4A9342FF
:105B700004D07B681B68194A934208D17B681B6874
:105B80001A687B681B6822F001021A6078E17B6862
:105B90001B681A687B681B6822F001021A606FE1BB
:105BA000100002402800024040000240580002401D
:105BB0007000024088000240A0000240B80002408D
:105BC00010040240280402404004024058040240ED
:105BD0007004024088040240A0040240B80402405D
:105BE0007B681B68704A93424AD07B681B686F4A87
:105BF000934245D07B681B686D4A934240D07B68D6
:105C00001B686C4A93423BD07B681B686A4A93428C
:105C100036D07B681B68694A934231D07B681B6829
:105C2000674A93422CD07B681B68664A934227D010
:105C30007B681B68644A934222D07B681B68634A76
:105C400093421DD07B681B68614A934218D07B68E1
:105C50001B68604A934213D07B681B685E4A93427C
:105C60000ED07B681B685D4A934209D07B681B6835
:105C70005B4A934204D07B681B685A4A934208D11E
:105C80007B681B681A687B681B6822F001021A6037
:105C900007E07B681B681A687B681B6822F00102BA
:105CA0001A607B681B681A687B681B6822F00E020A
:105CB0001A607B681B683C4A934272D07B681B6801
:105CC0003A4A93426DD07B681B68394A934268D048
:105CD0007B681B68374A934263D07B681B68364AEF
:105CE00093425ED07B681B68344A934259D07B68EC
:105CF0001B68334A934254D07B681B68314A9342F5
:105D00004FD07B681B68304A93424AD07B681B683F
:105D10002E4A934245D07B681B682D4A934240D05F
:105D20007B681B682B4A93423BD07B681B682A4ADE
:105D3000934236D07B681B68284A934231D07B68F7
:105D40001B68274A93422CD07B681B68254A9342E4
:105D500027D07B681B68244A934222D07B681B684B
:105D6000224A93421DD07B681B68214A934218D077
:105D70007B681B681F4A934213D07B681B681E4ACE
:105D800093420ED07B681B681C4A934209D07B6803
:105D90001B681B4A934204D07B681B68194A9342D4
:105DA00032D1012331E000BF100002402800024040
:105DB000400002405800024070000240880002404B
:105DC000A0000240B8000240100402402804024033
:105DD000400402405804024070040240880402401B
:105DE000A0040240B8040240085402581C5402584F
:105DF0003054025844540258585402586C540258B3
:105E000080540258945402580023002B28D07B68F9
:105E10001B6E1A687B681B6E22F480721A607B68A6
:105E20009B6DFB607B68DB6D03F01F0301229A40D2
:105E3000FB685A607B685B6E7A68926E5A607B681A
:105E4000DB6E002B0CD07B68DB6E1A687B68DB6E28
:105E500022F480721A607B681B6F7A68526F5A60F6
:105E60007B68012283F835207B68002283F8342088
:105E70007B681B6D002B03D07B681B6D786898478F
:105E8000002318461037BD4680BD00BF80B584B0E2
:105E900000AF78607B68002B01D10123E3E07B68D1
:105EA000D3F88430002B06D17B682022C3F88420ED
:105EB00078680AF09FF86E4BD3F8F4306C4A43F0E0
:105EC0000203C2F8F4306A4BD3F8F43003F0020353
:105ED000BB60BB687B681B7A002B03D10020FFF7F7
:105EE000D5F803E04FF40000FFF7D0F8614B5B6892
:105EF0007B681B6803F580531B687A68126843F05F
:105F0000010302F580521360FFF784F8F86011E096
:105F1000FFF780F80246FB68D31AB3F5FA7F09D978
:105F20007B680422C3F888207B68E022C3F88420C1
:105F3000012398E07B681B6803F580531B6803F01E
:105F40000103002BE4D1786800F03AFF04F038FA3E
:105F50000346494AA2FB03239A0C7B681B68013A5B
:105F6000C3F8DC20786801F037F97B681B6803F51B
:105F70008053D3F8003123F4E0137A68126843F4B5
:105F8000002302F58052C2F800317B685B6903F0A0
:105F90000303002B09D07B680122C3F888207B68AB
:105FA000E022C3F8842001235DE07B681B6803F5D1
:105FB0008053D3F80821314B13407A68526951005D
:105FC0007A6812680B4302F58052C2F8083178688B
:105FD00001F09FF9786801F0E5F97B685B680533AB
:105FE0001B781A027B685B6804331B7819467B6850
:105FF0001B680A43C3F800237B685B6803331B7884
:106000001A067B685B6802331B781B041A437B68A3
:106010005B6801331B781B021A437B685B681B7843
:1060200019467B681B680A43C3F804237B681B6816
:10603000D3F80C177B681A68114B0B43C2F80C3766
:106040007B681B68D3F810177B681A680D4B0B43ED
:10605000C2F810377B680022C3F888207B681022C2
:10606000C3F88420002318461037BD4680BD00BF0A
:10607000004402580004005883DE1B430180FFFFE8
:106080006000020C00C0200C80B582B000AF7860C8
:106090007B68D3F88430102B65D17B682022C3F84D
:1060A00084207B6801229A657B680422DA6678681E
:1060B00000F0FCF97B681B6803F58053D3F80431CA
:1060C0007A68126843F0010302F58052C2F8043185
:1060D0007B681B6803F58053D3F808317A6812682F
:1060E00043F0010302F58052C2F808317B681B6857
:1060F00003F58053D3F860317A68126843F48173F2
:1061000002F58052C2F860317B681B68D3F8002D1D
:106110007B681B6842F00102C3F8002D7B681B6896
:106120001A687B681B6842F002021A607B681B6871
:106130001A687B681B6842F001021A607B681B6862
:1061400003F58053D3F834117B681A684DF2C1030C
:106150000B4302F58052C2F834317B684022C3F809
:106160008420002300E0012318460837BD4680BD87
:1061700080B485B000AF78607B68D3F88430402B62
:1061800065D17B682022C3F884207B681B6803F5F7
:106190008053D3F834117B681A68304B0B4002F5FA
:1061A0008052C2F834317B681B6803F58053D3F802
:1061B00004317A68126823F0010302F58052C2F8B4
:1061C00004317B681B6803F58053D3F808317A6883
:1061D000126823F0010302F58052C2F808317B688F
:1061E0001B681A687B681B6822F001021A607B68D2
:1061F0001B68D3F8002D7B681B6842F00102C3F8CE
:10620000002D7B681B681A687B681B6822F00202FD
:106210001A600023FB600EE07B68FA68123253F8C4
:106220002230BB60BB68DB6823F08042BB68DA6069
:10623000FB680133FB60FB68032BEDD97B68002210
:106240009A657B681022C3F88420002300E00123B4
:1062500018461437BD465DF8047B70473E2FFFFF9C
:1062600080B582B000AF786039603B68002B09D1FF
:106270007B68D3F8883043F001027B68C3F888203C
:1062800001233AE07B68D3F88430402B34D13B685B
:106290005A6B7B68DA6301223968786801F0E0F8AC
:1062A0000346002B09D07B68D3F8883043F0020204
:1062B0007B68C3F8882001231FE0BFF34F8F00BF26
:1062C0007B689B6A5A1C7B689A627B689B6A032B7B
:1062D00004D97B689B6A1A1F7B689A627B68996AFB
:1062E0007B681A687B68063153F8213002F58052CA
:1062F000C2F82031002300E0012318460837BD46CC
:1063000080BD80B58AB000AF786039600023BB6182
:106310000023FB753B68002B09D17B68D3F88830DC
:1063200043F001027B68C3F888200123BAE07B6850
:10633000D3F88430402B01D00123B3E07B68DB6DC0
:106340007B627B687A6A123253F82230FB617B6889
:10635000DB6EC3F104033B617BE0FB69DB6803F0A8
:106360000053002B03D17B68DB6F002B5FD0FB69F0
:10637000DB6803F00053002B05D07B6800221A660F
:106380007B6800225A66FB69DB68C3F30E027B68F8
:106390005B6ED31AFB60FB69DB6803F08053002B54
:1063A0002AD0FB69DA687B681A670123FB75FB69F1
:1063B0005B6803F48043002B1ED07B6A3B623B6A20
:1063C00001333B623B6A032B02D93B6A043B3B62CD
:1063D0007B683A6A123253F82230BB60BB68DB68D4
:1063E00003F08043002B07D0BB685A687B689A672C
:1063F000BB681A687B685A677B6803F17C007B681E
:1064000003F18001FB691B691A46FB689BB209F026
:10641000B9FF7B681B6E5A1C7B681A667B685A6ED4
:10642000FB681A447B685A66FB6900221A617B6A22
:1064300001337B627B6A032B02D97B6A043B7B625C
:106440007B687A6A123253F82230FB61BB690133F0
:10645000BB61FB69DB68002B07DBBA693B699A42C9
:1064600003D2FB7D002B3FF478AF7B68DA6EBB690B
:106470001A447B68DA667B68DB6E002B02D0786892
:1064800000F014F87B687A6ADA65FB7D012B08D18D
:106490007B68DA6F3B681A607B680022DA6700234A
:1064A00000E0012318462837BD4680BD80B588B07E
:1064B00000AF78600023BB600123FB747B689B6E98
:1064C000FB617B68FA69123253F822307B617B688A
:1064D000DB6EBB613DE07B691B69002B13D107F1CB
:1064E0000803184609F016FFBB68002B02D10023F1
:1064F000FB740CE0BB681A467B691A61BB681A46DC
:106500007B691A6003E07B691A697B691A60FB7C0E
:10651000002B1ED07B689B6D002B04D07B694FF055
:106520004142DA6003E07B694FF00142DA60FB69C7
:106530000133FB61FB69032B02D9FB69043BFB615F
:106540007B68FA69123253F822307B61BB69013BE8
:10655000BB61BB69002B02D0FB7C002BBBD17B68ED
:10656000DB6EBA699A421BD0FB69033303F0030365
:10657000FB60BFF35F8F00BF7B681969FA68134641
:106580005B001344DB00CA187B681B6803F580536B
:10659000C3F828217B68FA699A667B68BA69DA666B
:1065A00000BF2037BD4680BD80B586B000AF7860A3
:1065B0007B681833BB60BB689B6A7B61BB68DB6A26
:1065C0003B610123FB7347E00123BB737B69013B04
:1065D0007B61BA683B6904339B0013445B68002B02
:1065E0000AD13B6901333B613B69032B02D93B690B
:1065F000043B3B610023BB73BB7B002B2CD07B682F
:10660000D9683A6913465B001344DB000B44DB682E
:10661000002B1FDBBA683B6904339B0013445B68A3
:10662000184609F009FFBA683B6904339B0013441C
:1066300000225A603B6901333B613B69032B02D95D
:106640003B69043B3B61BB687A699A62BB683A6903
:10665000DA6201E00023FB737B69002B02D0FB7B35
:10666000002BB1D1002318461837BD4680BD00006D
:1066700080B586B000AF78607B681B68D3F8B03017
:106680007B617B681B6803F58053D3F860313B6105
:106690007B681B6803F58053D3F83431FB606D4B86
:1066A0009B6ABB603B6903F04003002B10D0FB6882
:1066B00003F04003002B0BD07B681B6803F580536D
:1066C0001A4648F24003C2F86031786809F018F9B8
:1066D0003B6903F00103002B10D0FB6803F00103BA
:1066E000002B0BD07B681B6803F580531A4648F2D9
:1066F0000103C2F86031786809F012F93B6903F4CC
:106700008043002B47D0FB6803F48043002B42D02A
:106710007B68D3F8883043F008027B68C3F8882090
:106720003B6903F48053002B1ED07B681B6803F584
:106730008053D3F8602141F2021313407A68C2F803
:106740008C307B681B6803F58053D3F834317A684A
:10675000126823F4404302F58052C2F834317B685A
:10676000E022C3F8842013E07B681B6803F58053A4
:10677000D3F8603103F4CD427B68C3F88C207B688A
:106780001B6803F580531A464FF4CD43C2F86031BD
:10679000786809F0D5F87B6903F48043002B04D1B5
:1067A0007B6903F40053002B19D07B68D3F8883041
:1067B00043F010027B68C3F888207B681B68D3F81D
:1067C000B8207B68C3F890207B68E022C3F884205F
:1067D000786809F0B5F87B680022C3F890207B69DF
:1067E00003F01003002B0FD07B681B68D3F8C03078
:1067F00003F060027B68C3F89420786800F02CF8FE
:106800007B680022C3F894207B6903F02003002BEF
:106810000FD07B681B68D3F8D03003F00F027B6881
:10682000C3F89820786800F021F87B680022C3F84C
:106830009820BB6803F48003002B06D0054B4FF46F
:1068400080029A62786800F01BF800BF1837BD46D6
:1068500080BD00BF8000005880B483B000AF786076
:1068600000BF0C37BD465DF8047B704780B483B031
:1068700000AF786000BF0C37BD465DF8047B704701
:1068800080B483B000AF786000BF0C37BD465DF8C0
:10689000047B704780B586B000AFF860B9607A605D
:1068A0003B60FB681B68D3F8003203F00103002B48
:1068B00001D001233EE0FB681B68D3F800327B6106
:1068C0007B6923F07872BB685B0513437B617B694E
:1068D00023F4F8127B681B0413437B617B6943F04C
:1068E0000C037B617B6943F001037B61FB681B68E0
:1068F0007A69C3F80022FEF78DFB386109E0FEF7E4
:1069000089FB02463B69D31AB3F57A7F01D901238B
:1069100010E0FB681B68D3F8003203F00103002B82
:10692000EDD1FB681B68D3F804329BB21A463B6872
:106930001A60002318461837BD4680BD80B586B062
:1069400000AFF860B9607A603B60FB681B68D3F801
:10695000003203F00103002B01D001233CE0FB686F
:106960001B68D3F800327B617B6923F07872BB68C7
:106970005B0513437B617B6923F4F8127B681B047E
:1069800013437B617B6923F00C0343F004037B61B9
:106990007B6943F001037B613B689AB2104BC3F8FB
:1069A00004220F4A7B69C2F80032FEF733FB3861DC
:1069B00009E0FEF72FFB02463B69D31AB3F57A7F55
:1069C00001D9012308E0FB681B68D3F8003203F00B
:1069D0000103002BEDD1002318461837BD4680BDBA
:1069E0000080024080B483B000AF786039603B68BB
:1069F000002B01D10123C3E17B681B681B6803F0F6
:106A00000C023B68DA627B681B681B6803F01003AA
:106A1000002B14BF01230023DBB21A463B6883F826
:106A200028207B681B681B6803F060023B685A6281
:106A30007B681B681B6803F48073002B0CBF012369
:106A40000023DBB21A463B6883F820207B681B6872
:106A50001B6803F40073002B14BF01230023DBB277
:106A60001A463B68DA777B681B681B6803F480630F
:106A7000002B0CBF01230023DBB21A463B689A7738
:106A80007B681B681B6803F40063002B14BF0123A1
:106A90000023DBB21A463B685A777B681B681B6889
:106AA00003F48053002B14BF01230023DBB21A46EA
:106AB0003B681A777B681B681B6803F400523B68CD
:106AC0009A617B681B681B6803F480423B685A61CB
:106AD0007B681B681B6803F48033002B14BF012301
:106AE0000023DBB21A463B689A747B681B681B68FC
:106AF00003F40033002B0CBF01230023DBB21A4642
:106B00003B685A747B681B681B6803F40023002BE6
:106B10000CBF01230023DBB21A463B681A747B6862
:106B20001B681B6803F48013002B14BF0123002390
:106B3000DBB21A463B68DA737B681B681B6803F498
:106B40000013002B14BF01230023DBB21A463B685D
:106B50009A737B681B681B6803F48003002B14BFC7
:106B600001230023DBB21A463B685A737B681B681B
:106B70001B6803F40003002B14BF01230023DBB2C6
:106B80001A463B681A737B681B681B6803F0E06257
:106B90003B689A607B681B681B6803F00063002BEE
:106BA00014BF01230023DBB21A463B681A717B68CD
:106BB0001B681B6803F0E0423B681A607B681B6837
:106BC0005B68C3F30D023B685A637B681B685B68B4
:106BD00003F48033002B0CBF01230023DBB21A46E1
:106BE0003B6883F832207B681B685B6803F40033E2
:106BF000002B14BF01230023DBB21A463B6883F845
:106C000031207B681B685B6803F48023002B14BF72
:106C100001230023DBB21A463B6883F830207B68EF
:106C20001B685B6803F08073002B14BF01230023F3
:106C3000DBB21A463B6883F838207B681B685B68C8
:106C40005B0E03F01F023B68DA637B681B68DB683E
:106C500003F48073002B14BF01230023DBB21A4618
:106C60003B6883F840207B681B68DB6803F00F02F9
:106C70003B685A647B681B681B6F03F00203002BA0
:106C800014BF01230023DBB21A463B6883F854206B
:106C90007B681B681B6F03F08003002B0CBF012374
:106CA0000023DBB21A463B6883F84C207B681B68E4
:106CB0001B6F03F070023B681A657B681B681B6FD3
:106CC0001B0C9AB23B689A647B681B68D3F89030BF
:106CD00003F00103002B14BF01230023DBB21A468B
:106CE0003B6883F856207B681B68D3F8903003F02C
:106CF0000203002B14BF01230023DBB21A463B68BA
:106D000083F855207B681B68D3F8003D03F07202BE
:106D10003B689A657B681B68D3F8303D03F023021B
:106D20003B68DA657B681B68D3F8303D03F00803E5
:106D3000002B14BF01230023DBB21A463B6883F803
:106D400062207B681B68D3F8303D03F01003002BF2
:106D500014BF01230023DBB21A463B6883F861208D
:106D60007B681B68D3F8303D03F04003002B0CBF59
:106D700001230023DBB21A463B6883F8602000231E
:106D800018460C37BD465DF8047B704780B582B06D
:106D900000AF786039603B68002B01D101230BE024
:106DA0007B68D3F88430102B05D13968786800F0FF
:106DB00071F8002300E0012318460837BD4680BD66
:106DC00080B584B000AF78607B681B68D3F8003270
:106DD000FB60FB6823F47063FB6003F0F1FAB860BA
:106DE000BB681A4A934204D8FB6843F40073FB6003
:106DF00022E0BB68164A934204D2FB6843F4407316
:106E0000FB6019E0BB68134A934215D9BB68124A6C
:106E1000934204D8FB6843F48073FB600CE0BB68CA
:106E20000E4A934204D8FB6843F48063FB6003E09E
:106E3000FB6843F4A063FB607B681B68FA68C3F8D7
:106E4000002200BF1037BD4680BD00BFBF0E160236
:106E500000879303FFE0F5057FD1F0087FB2E60ECF
:106E600080B483B000AF78607B68D3F88830184670
:106E70000C37BD465DF8047B704780B483B000AF2B
:106E800078607B68D3F88C3018460C37BD465DF8C7
:106E9000047B704780B485B000AF786039603B6890
:106EA0009A683B681B681A433B681B79DB061A43E8
:106EB0003B681B7BDB051A433B685B7B9B051A43E6
:106EC0003B689B7B5B051A433B68DB7B1B051343DD
:106ED0003A68127C002A02D14FF4002200E000221E
:106EE00013433A68527C002A02D14FF4003200E08A
:106EF00000221A433B689B7C1B041A433B685B6976
:106F00001A433B689B691A433B681B7F1B031A4368
:106F10003B685B7FDB0213433A68927F002A02D111
:106F20004FF4806200E000221A433B68DB7F5B0283
:106F300013433A6892F82020002A02D14FF480725D
:106F400000E000221A433B685B6A1A433B6893F8EF
:106F500028301B011A433B68DB6A1343FB607B68E4
:106F60001B681A68564B13407A681268F9680B431D
:106F700013603B68DB6B5A063B6893F838301B069E
:106F80001A433B6893F830309B041A433B6893F8EC
:106F900031305B0413433A6892F83220002A02D160
:106FA0004FF4803200E000221A433B685B6B1343CE
:106FB000FB607B681B685A68424B13407A68126812
:106FC000F9680B4353603B6893F840301A023B6802
:106FD0005B6C1343FB607B681B68DA683A4B1340B9
:106FE0007A681268F9680B43D3603B6893F85430B1
:106FF0005A003B681B6D13433A6892F84C20002AF4
:1070000001D1802200E000221A433B689B6C1B04E4
:107010001343FB607B681B681A6F4FF60D731340B8
:107020007A681268F9680B4313673B6893F8563027
:107030001A463B6893F855305B001343FB607B684E
:107040001B68D3F8903023F003017B681B68FA6853
:107050000A43C3F890207B681B68D3F8003D23F0F7
:1070600072013B689A6D7B681B680A43C3F8002D68
:107070003B68DB6D3A6892F86020002A01D140221B
:1070800000E000221A433B6893F861301B011A4369
:107090003B6893F86230DB001343FB607B681B683E
:1070A000D3F8303D23F07B017B681B68FA680A4304
:1070B000C3F8302D00BF1437BD465DF8047B704720
:1070C000838004000080F8C0F0FEFFFF80B485B02C
:1070D00000AF786039607B681B6803F580531A68DD
:1070E000384B13403A6811687A6812680B4302F50E
:1070F000805213603B681B791A033B689B681A43F4
:107100003B681B7BDB031343FB607B681B6803F559
:1071100080535A682C4B13407A681268F9680B4305
:1071200002F5805253603B685B7B1A043B681B6A24
:107130001343FB607B681B6803F58053D3F8002181
:10714000224B13407A681268F9680B4302F58052AB
:10715000C2F800313B681A693B681B7D1B011A436A
:107160003B685B7F1B031343FB607B681B6803F575
:107170008053D3F80421164B13407A681268F968DB
:107180000B4302F58052C2F804313B681B7FDA07DB
:107190003B689B691343FB607B681B6803F5805366
:1071A000D3F808210B4B13407A681268F9680B4337
:1071B00002F58052C2F8083100BF1437BD465DF8B1
:1071C000047B7047FD87FFFFFE2FFFFF00C0FEFF1F
:1071D000EFEFC0FFFFFFC07F80B5A4B000AF7860C5
:1071E000012387F83B3000233B65002387F84930B3
:1071F000002387F84B30012387F83030012387F8CC
:107200005E30012387F83A30002387F85430012399
:1072100087F88C304FF400537B64002387F8643088
:107220000023BB66002387F88D30002387F88E305B
:107230004FF4C3633B66002387F8383000237B6339
:10724000012387F83D30002387F83E30002387F87C
:1072500048300023FB6700237B670023BB650023C6
:1072600087F86C30002387F88230012387F84A3092
:107270002023C7F88830012387F84C30002387F893
:107280005D304FF04053FB624FF480433B6400237A
:1072900087F839300223C7F88430002387F880301C
:1072A000002387F88130002387F85C30012387F8BA
:1072B0003C3000233B67012387F8783007F12C032B
:1072C00019467868FFF7E6FD01233B7301233B6114
:1072D0000023BB60002387F8243000237B75002344
:1072E0003B754FF400133B6200233B774FF40013D0
:1072F000BB61002387F825304FF40673BB6207F1AA
:10730000080319467868FFF7E1FE00BF9037BD46D5
:1073100080BD80B485B000AF78600023FB601DE0C5
:107320007B68D968FA6813465B001344DB000B44A2
:10733000BB60BB6800221A60BB6800225A60BB6851
:1073400000229A60BB680022DA60B9687B68FA683C
:10735000063243F82210FB680133FB60FB68032B05
:10736000DED97B6800229A627B681B6803F5805334
:107370001A460323C2F82C317B68DA687B681B68E5
:1073800003F58053C3F814217B68DA687B681B68B7
:1073900003F58053C3F8202100BF1437BD465DF8C4
:1073A000047B704780B485B000AF78600023FB6039
:1073B00023E07B681969FA6813465B001344DB001D
:1073C0000B44BB60BB6800221A60BB6800225A6095
:1073D000BB6800229A60BB680022DA60BB680022AA
:1073E0001A61BB6800225A61B9687B68FA68123278
:1073F00043F82210FB680133FB60FB68032BD8D9EC
:107400007B680022DA657B6800221A667B680022AE
:107410009A667B680022DA667B6800229A657B6840
:107420001B6803F580531A460323C2F830317B688A
:107430001A697B681B6803F58053C3F81C217B68BD
:107440001B6903F148027B681B6803F58053C3F88E
:10745000282100BF1437BD465DF8047B704700004B
:1074600080B491B000AFF860B9607A60FB681833FF
:107470007B627B6A1B69FB637B6A1B693B6200233F
:107480007B637B6AFA6B53F822303B63BB689B6873
:10749000FB620023BB623B6BDB6803F00043B3F18C
:1074A000004F07D07A6AFB6B04339B0013445B6880
:1074B000002B01D0022366E2BB681B6803F00403C3
:1074C000002B44D03B6BDA68754B1340BA68526AA4
:1074D0001A433B6BDA603B6BDB6843F480323B6BF7
:1074E000DA60FB681B681A6EFB681B6842F4801246
:1074F0001A66BB681B6803F00803002B27D03B6BA0
:107500009B689AB2BB68DB6A1B041A433B6B9A60A8
:107510003B6BDB6843F400323B6BDA603B6BDB6850
:1075200023F44022BB681B6B1A433B6BDA60FB6899
:107530001B685A6EFB681B6842F480125A66FB682F
:107540001B681A6DFB681B6842F080621A65BB6895
:107550001B6803F01003002B0ED03B6B9A68514B55
:107560001340BA6892691A433B6B9A603B6BDB68C5
:1075700043F080623B6BDA60BB681B6803F0040376
:10758000002B05D1BB681B6803F01003002B36D01D
:107590003B6BDB6843F080423B6BDA60BFF35F8F8D
:1075A00000BF3B6BDB6843F000423B6BDA60FB6B78
:1075B0000133FB63FB6B032B02D9FB6B043BFB63C7
:1075C0007B6AFA6B53F822303B637B6B01337B633E
:1075D0003B6BDB6803F00043B3F1004F0FD17B6AD4
:1075E0003A6A53F822303B63BFF35F8F00BF3B6BB7
:1075F000DB6823F000423B6BDA600223C3E17B6B64
:1076000001337B63FB6A1B681A463B6B1A603B6B5A
:107610009A68244B1340FA6A52681A433B6B9A608B
:10762000FB6A9B68002B12D0FB6A9B68FB62FB6ABB
:107630001B681A463B6B5A603B6B9A681A4B1340A7
:10764000FA6A526812041A433B6B9A6008E03B6B7B
:1076500000225A603B6B9A68134B13403A6B93605D
:10766000BB681B6803F01003002B21D03B6BDB6869
:1076700023F4F002BB681B6ADB041A433B6BDA603D
:107680003B6BDA68094B1340BA68D2691A433B6B0B
:10769000DA603B6BDB6843F480223B6BDA602EE000
:1076A0000000FFFF00C0FFFFFFFF00C00000FCFF65
:1076B0003B6BDA687B4B1340BA6852681A433B6BEA
:1076C000DA60BB681B6803F00103002B08D03B6B3A
:1076D000DB6823F44032BB685B691A433B6BDA60BA
:1076E000BB681B6803F02003002B08D03B6BDB68F2
:1076F00023F04062BB681B691A433B6BDA60BB68CE
:107700001B6803F00403002B08D03B6B9B6823F439
:107710004042BB689B6A1A433B6B9A603B6BDB68D9
:1077200043F000523B6BDA603B6BDB6823F0804236
:107730003B6BDA60BFF35F8F00BF3B6BDB6843F0EE
:1077400000423B6BDA60BB681B6803F00203002B4E
:1077500000F0DA803B6BDB6823F06072BB68DB68AB
:107760001A433B6BDA60CFE03B6BDB6823F080525F
:107770003B6BDA60FB6B0133FB63FB6B032B02D9C2
:10778000FB6B043BFB637B6AFA6B53F822303B6371
:107790003B6BDB6823F000523B6BDA603B6BDB68D2
:1077A00003F00043B3F1004F07D07A6AFB6B043358
:1077B0009B0013445B68002B29D03B6AFB637B6A08
:1077C000FA6B53F822303B630023BB6319E0BFF32D
:1077D0005F8F00BF3B6BDB6823F000423B6BDA60DE
:1077E000FB6B0133FB63FB6B032B02D9FB6B043B8D
:1077F000FB637B6AFA6B53F822303B63BB6B01334C
:10780000BB63BA6B7B6B9A42E1D30223BBE07B6B19
:1078100001337B63FB6A9B68FB62FB6A1B681A4649
:107820003B6B1A603B6B9A681F4B1340FA6A5268B5
:107830001A433B6B9A60FB6A9B68002B12D0FB6A71
:107840009B68FB62FB6A1B681A463B6B5A603B6B8A
:107850009A68164B1340FA6A526812041A433B6B3B
:107860009A6008E03B6B00225A603B6B9A680F4BB2
:1078700013403A6B9360BB681B6803F01003002B46
:1078800018D03B6BDA680A4B1340BA68D2691A43C6
:107890003B6BDA603B6BDB6843F480223B6BDA6066
:1078A00020E000BF0080FFFF00C0FFFFFFFF00C01F
:1078B0000000FCFF3B6BDA68364B1340BA68526835
:1078C0001A433B6BDA60BB681B6803F00103002BB3
:1078D00008D03B6BDB6823F44032BB685B691A431A
:1078E0003B6BDA60BB6A0133BB62BFF35F8F00BFE3
:1078F0003B6BDB6843F000423B6BDA603B6BDB6861
:1079000023F080423B6BDA60FB6A9B68002B7FF4BC
:107910002BAF7B68002B06D03B6B9B6843F000428B
:107920003B6B9A6005E03B6B9B6823F000423B6B2E
:107930009A603B6BDB6843F080523B6BDA607B6A9A
:107940005A6A796AFB6B04339B000B445A607B6A6A
:10795000FA6B1A61EFF31083BB61BB69FB61012312
:107960007B617B6983F3108800BF7B6A9A6ABB6A7C
:1079700013445A1C7B6A9A62FB693B613B6983F33F
:10798000108800BF002318464437BD465DF8047BCD
:10799000704700BF0080FFFF80B598B000AF7860EF
:1079A000844A07F10C0311464C2218461CF071FC66
:1079B0007B68002B01D10123C6E17B681B687E4AEE
:1079C000934206D17B681B6803F580731A467B6877
:1079D0005A607B6893F89830DBB2002B06D17B6845
:1079E000002283F899207868F8F7DCFE7B681B6832
:1079F0009A697B681B6822F010029A61FDF70AFB06
:107A0000F86514E0FDF706FB0246FB6DD31A0A2B5E
:107A10000DD97B68D3F89C3043F001027B68C3F832
:107A20009C207B68032283F8982001238CE17B68EB
:107A30001B689B6903F00803082BE3D07B681B6875
:107A40009A697B681B6842F001029A61FDF7E2FACD
:107A5000F86514E0FDF7DEFA0246FB6DD31A0A2B37
:107A60000DD97B68D3F89C3043F001027B68C3F8E2
:107A70009C207B68032283F89820012364E17B68C3
:107A80001B689B6903F00103002BE3D07B681B6834
:107A90009A697B681B6842F002029A617B681B7CD2
:107AA000012B08D17B681B689A697B681B6822F0F0
:107AB00040029A6107E07B681B689A697B681B68D3
:107AC00042F040029A617B685B7C012B08D17B68A5
:107AD0001B689A697B681B6842F480429A6107E0E0
:107AE0007B681B689A697B681B6822F480429A61F4
:107AF0007B689B7C012B08D17B681B689A697B683B
:107B00001B6822F480529A6107E07B681B689A69BF
:107B10007B681B6842F480529A617B681B689B6992
:107B200023F440717B689A687B681B680A439A61FA
:107B30007B681B689A697B681B6822F0A4029A61C3
:107B40007B681B681A697B681B6822F010021A6147
:107B50007B68DB68012B08D17B681B689A697B68AE
:107B60001B6842F004029A6130E07B68DB68002BFE
:107B70002CD07B68DB68022B20D07B681B689A695D
:107B80007B681B6842F080029A617B681B681A69F7
:107B90007B681B6842F010021A617B68DB68032B6C
:107BA00014D17B681B689A697B681B6842F02002CD
:107BB0009A610BE06059020800A000407B681B68D6
:107BC0009A697B681B6842F020029A617B689B6916
:107BD000013B5A067B68DB69013B1B021A437B6849
:107BE0001B6A013B42EA03017B685B69013B1A04A3
:107BF0007B681B680A43DA617B689B68B3F5407F4A
:107C000015D17B689B6A5A1E7B68DB6A013B1B02AD
:107C10001A437B681B6B013B1B0142EA03017B6833
:107C20005B6A013B1A047B681B680A43DA607B6865
:107C30001B6E002B0AD07B681B68D3F8C0107B68D2
:107C40005A6E7B681B680A43C3F8C0207B68DA6DF4
:107C50007B681B6E1344002B11D07B681B68D3F824
:107C6000C83023F007017B689B6E9B0060333B4468
:107C700053F8542C7B681B680A43C3F8C8207B6800
:107C80001B6C002B11D07B681B68D3F8BC3023F031
:107C900007017B685B6C9B0060333B4453F8542CBA
:107CA0007B681B680A43C3F8BC207B689B6C002B75
:107CB00012D07B681B68D3F8BC3023F070017B685E
:107CC000DB6C9B0060333B4453F8543C1A017B68E7
:107CD0001B680A43C3F8BC207B681B6D002B12D0C5
:107CE0007B681B68D3F8BC3023F4E0617B685B6D74
:107CF0009B0060333B4453F8543C1A027B681B687A
:107D00000A43C3F8BC207B681B68114A934207D121
:107D10007B685B689A687B685B6822F003029A6004
:107D20007B680022C3F894207B680022C3F89C2063
:107D30007B68012283F89820786800F067FB03468F
:107D400087F85B3097F85B3018466037BD4680BDDA
:107D500000A0004080B582B000AF78607B68002B47
:107D600001D1012316E0786800F0E6F87B681B6813
:107D7000DA6D7B681B6822F00302DA657868F8F731
:107D80007BFD7B680022C3F89C207B68002283F87F
:107D90009820002318460837BD4680BD80B487B0C0
:107DA00000AF786039607B6893F89830FB73FB7B99
:107DB000012B02D0FB7B022B57D13B681B68002BA9
:107DC0002BD13B68DB68072B0DD13B681B691A047C
:107DD0003B68DB691B021A433B689B69134343F012
:107DE00060537B610EE03B689B689A073B68DB68E9
:107DF000DB061A433B681B691B041A433B685B693B
:107E000013437B617B68DA6E3B685B689B001344BD
:107E1000BB60BB687A691A6025E03B68DB685A077B
:107E20003B681B6913437B613B68DB68072B03D10D
:107E30003B689B693B6106E03B689B689A073B682F
:107E40005B6913433B617B681A6F3B685B68DB00CF
:107E50001344BB60BB687A691A60BB680433BB60BB
:107E6000BB683A691A60002308E07B68D3F89C304D
:107E700043F002027B68C3F89C20012318461C379C
:107E8000BD465DF8047B704780B485B000AFF860F4
:107E9000B9607A603B60FB6893F89830DBB2012BE5
:107EA00010D1BB681A017B689B001A433B685B00DA
:107EB00042EA0301FB681B68BA690A43C3F88020E1
:107EC000002308E0FB68D3F89C3043F00402FB6811
:107ED000C3F89C20012318461437BD465DF8047B87
:107EE000704780B483B000AF78607B6893F89830B7
:107EF000DBB2012B11D17B68022283F898207B68CA
:107F00001B689A697B681B6822F001029A617B6892
:107F10000022C3F89C20002308E07B68D3F89C3043
:107F200043F004027B68C3F89C20012318460C37F9
:107F3000BD465DF8047B704780B485B000AF7860C3
:107F40000023FB607B6893F89830DBB2022B5BD197
:107F50007B681B689A697B681B6842F001029A6122
:107F600013E0FB68322B0DD97B68D3F89C3043F0CB
:107F700001027B68C3F89C207B68032283F8982069
:107F800001234AE0FB680133FB607B681B689B6947
:107F900003F00103002BE4D00023FB607B681B6827
:107FA0009A697B681B6822F010029A6113E0FB68F3
:107FB000322B0DD97B68D3F89C3043F001027B68EB
:107FC000C3F89C207B68032283F89820012324E0D7
:107FD000FB680133FB607B681B689B6903F0080347
:107FE000082BE4D07B681B689A697B681B6842F0A9
:107FF00002029A617B680022C3F894207B68012208
:1080000083F89820002308E07B68D3F89C3043F085
:1080100008027B68C3F89C20012318461437BD462C
:108020005DF8047B704780B586B000AFF860B9603A
:108030007A60FB6893F89830DBB2022B41D1FB6881
:108040001B68D3F8C03003F07C53002B09D1FB68C8
:10805000D3F89C3043F02002FB68C3F89C20012336
:1080600038E0FB681B68D3F8C43003F40013002B1E
:1080700009D0FB68D3F89C3043F40072FB68C3F866
:108080009C20012326E0FB681B68D3F8C4301B0C3E
:1080900003F01F037B617B697A68B968F86800F0B8
:1080A0003BFBFB681B6801217A6901FA02F2C3F805
:1080B000D02001227B699A40FB68C3F894200023FA
:1080C00008E0FB68D3F89C3043F00802FB68C3F873
:1080D0009C20012318461837BD4680BD80B48BB064
:1080E00000AFF860B9607A603B600023FB61FB6819
:1080F00093F89830FB76FB7E022B40F05781BB68EB
:10810000402B53D1FB681B68D3F8A03003F4FE0367
:10811000002B09D1FB68D3F89C3043F02002FB68A8
:10812000C3F89C2001234AE1FB681B68D3F8A43004
:1081300003F07F03002B09D1FB68D3F89C3043F494
:108140008072FB68C3F89C20012338E1FB681B6840
:10815000D3F8A4301B0A03F03F03FB61FB681B68E4
:10816000D3F8A43003F08073B3F1807F13D1FB68A0
:108170001B68D3F8A03003F00043B3F1004F0AD1DD
:10818000FB695A1CFB681B68D3F8A0301B0C13401A
:1081900003F07F03FB61FB685A6FFB685B6CF96956
:1081A00001FB03F39B0013447B626FE0BB68412B30
:1081B00053D1FB681B68D3F8B03003F4FE03002BE7
:1081C00009D1FB68D3F89C3043F02002FB68C3F868
:1081D0009C200123F3E0FB681B68D3F8B43003F064
:1081E0007F03002B09D1FB68D3F89C3043F48072E5
:1081F000FB68C3F89C200123E1E0FB681B68D3F80F
:10820000B4301B0A03F03F03FB61FB681B68D3F823
:10821000B43003F08073B3F1807F13D1FB681B6827
:10822000D3F8B03003F00043B3F1004F0AD1FB693B
:108230005A1CFB681B68D3F8B0301B0C134003F0CA
:108240007F03FB61FB689A6FFB68DB6CF96901FBDC
:1082500003F39B0013447B6218E0FB681B6DBA6854
:108260009A4209D3FB68D3F89C3043F02002FB68A4
:10827000C3F89C200123A2E0FB68DA6FFB685B6D0A
:10828000B96801FB03F39B0013447B627B6A1B68A4
:1082900003F080427B685A607B685B68002B07D1E3
:1082A0007B6A1B689B0CC3F30A027B681A6005E0BB
:1082B0007B6A1B6823F060427B681A607B6A1B68DC
:1082C00003F000527B689A607B6A1B6803F00042EF
:1082D0007B681A617B6A04337B627B6A1B689AB293
:1082E0007B68DA617B6A1B681B0C03F00F027B68FA
:1082F000DA607B6A1B6803F480127B685A617B6AD0
:108300001B6803F400127B689A617B6A1B681B0E72
:1083100003F07F027B681A627B6A1B68DA0F7B6856
:108320005A627B6A04337B627B6A7B6100233B6217
:108330000AE07A693B6A1A4439683B6A0B4412784E
:108340001A703B6A01333B627B68DB681F4AD35C6F
:108350001A463B6A9342ECD3BB68402B05D1FB68BD
:108360001B68FA69C3F8A8201EE0BB68412B05D141
:10837000FB681B68FA69C3F8B82015E0BB681F2BBF
:1083800008D8FB681B680121BA6801FA02F2C3F839
:10839000982009E0BB6803F01F02FB681B680121FD
:1083A00001FA02F2C3F89C20002308E0FB68D3F82E
:1083B0009C3043F00802FB68C3F89C200123184658
:1083C0002C37BD465DF8047B704700BF40A1020812
:1083D00080B485B000AF786039603B68402B07D12E
:1083E0007B681B68D3F8A43003F07F03FB6006E0D2
:1083F0007B681B68D3F8B43003F07F03FB60FB6835
:1084000018461437BD465DF8047B704780B485B0CC
:1084100000AF78607B685B6BBB607B681B68D3F8E0
:108420008420A74B1340BA6891007A6812680B4306
:10843000C2F884307B681B68D3F8843023F47F0152
:108440007B689B6B1A047B681B680A43C3F8842013
:108450007B689B6BBA681344BB607B681B68D3F86E
:108460008820974B1340BA6891007A6812680B43D2
:10847000C2F888307B681B68D3F8883023F4FE018B
:108480007B68DB6B1A047B681B680A43C3F888208F
:108490007B68DB6B5B00BA681344BB607B681B685E
:1084A000D3F8A020864B1340BA6891007A6812680E
:1084B0000B43C2F8A0307B681B68D3F8A03023F4CC
:1084C000FE017B681B6C1A047B681B680A43C3F8B7
:1084D000A0207B681B6C7A68526C02FB03F3BA68BD
:1084E0001344BB607B681B68D3F8B020744B134007
:1084F000BA6891007A6812680B43C2F8B0307B68A2
:108500001B68D3F8B03023F4FE017B689B6C1A041F
:108510007B681B680A43C3F8B0207B689B6C7A6851
:10852000D26C02FB03F3BA681344BB607B681B6820
:10853000D3F8AC20624B1340BA6891007A68126895
:108540000B43C2F8AC307B681B6D7A68526D02FB3E
:1085500003F3BA681344BB607B681B68D3F8F02050
:10856000574B1340BA6891007A6812680B43C2F8FF
:10857000F0307B681B68D3F8F03023F47C117B6803
:108580009B6D1A047B681B680A43C3F8F0207B6864
:108590009B6D5B00BA681344BB607B681B68D3F8B3
:1085A000C020474B1340BA6891007A6812680B43A9
:1085B000C2F8C0307B681B68D3F8C03023F47C114C
:1085C0007B68DB6D1A047B681B680A43C3F8C02014
:1085D0007B681B68D3F8C03023F07C517B681B6E2E
:1085E0001A067B681B680A43C3F8C0207B685A6B75
:1085F000344B13449A007B68DA667B68DA6E7B68DA
:108600009B6B9B001A447B681A677B681A6F7B68B8
:10861000DB6BDB001A447B685A677B685A6F7B68A8
:108620001B6C7968496C01FB03F39B001A447B685F
:108630009A677B689A6F7B689B6C7968C96C01FB51
:1086400003F39B001A447B68DA677B68DA6F7B6808
:108650001B6D7968496D01FB03F39B001A447B682D
:10866000C3F880207B68D3F880207B689B6DDB009B
:108670001A447B68C3F884207B68D3F884207B6825
:10868000DB6D7968896E01FB03F39B001A447B68FC
:10869000C3F888207B68D3F888207B681B6E7968D4
:1086A000896E01FB03F39B001A447B68C3F890209A
:1086B0007B68D3F89030044A934215D906E000BF96
:1086C0000300FFFF002B0010FCD300407B68D3F8B1
:1086D0009C3043F020027B68C3F89C207B68032217
:1086E00083F89820012310E07B68DB6EFB6005E0D7
:1086F000FB6800221A60FB680433FB607B68D3F8D8
:108700009030FA689A42F3D3002318461437BD46D6
:108710005DF8047B704700BF80B489B000AFF8609B
:10872000B9607A603B60BB685B68002B0AD1BB68AC
:108730001A69BB689B681A43BB681B689B04134398
:10874000FB610AE0BB681A69BB689B681A43BB6897
:108750001B68134343F08043FB61BB681B6A1A0626
:10876000BB68DB691A43BB689B691A43BB685B69DA
:108770001A43BB68DB681B0413433B61FB68D3F8F7
:108780008420FB689B6E396801FB03F39B00134454
:10879000BB61BB69FA691A60BB690433BB61BB6921
:1087A0003A691A60BB690433BB6100237B6120E036
:1087B0007B6903337A6813441B781A067B6902339A
:1087C00079680B441B781B041A437B690133796871
:1087D0000B441B781B02134379687A690A441278A8
:1087E0001A43BB691A60BB690433BB617B690433FC
:1087F0007B61BB68DB68064AD35C1A467B6993429F
:10880000D6D300BF00BF2437BD465DF8047B704758
:1088100040A1020880B58AB000AFF860B9607A6004
:10882000BB683B627B68FB610823FB75404B1B7D8B
:10883000012B01D1022376E03D4B01221A75BB6862
:10884000B3F1006F06D3BB68B3F1016F02D201230D
:10885000BB610CE0BB68B3F1016F06D3BB68B3F139
:10886000026F02D20223BB6101E001235BE0304BC7
:1088700000229A61B9694CF2503000F0C1F8034609
:1088800087F8273097F82730002B47D1BB69012B99
:1088900006D1284BDB68274A43F00203D36007E088
:1088A000244BD3F80C31234A43F00203C2F80C31B5
:1088B000BFF36F8F00BFBFF34F8F00BFFB691A6814
:1088C0003B6A1A603B6A04333B62FB690433FB6119
:1088D000FB7D013BFB75FB7D002BEFD1BFF36F8F61
:1088E00000BFBFF34F8F00BFB9694CF2503000F0AA
:1088F00087F8034687F82730BB69012B06D10D4B5B
:10890000DB680C4A23F00203D36007E0094BD3F87D
:108910000C31084A23F00203C2F80C31044B002248
:108920001A7597F8273018462837BD4680BD00BF16
:10893000D01D00240020005280B400AF184BDB682B
:1089400003F00103002B0DD0154B164A5A60144B4F
:10895000154A5A60124BDB6803F00103002B01D06B
:10896000012318E00E4BD3F80C3103F00103002B68
:1089700010D00B4B0B4AC3F80421094B0A4AC3F829
:108980000421074BD3F80C3103F00103002B01D075
:10899000012300E000231846BD465DF8047B7047C4
:1089A0000020005223016745AB89EFCD80B400AFB2
:1089B000124BDB68114A43F00103D3600F4BDB68B5
:1089C00003F00103002B01D1012311E00B4BD3F87D
:1089D0000C310A4A43F00103C2F80C31074BD3F8BB
:1089E0000C3103F00103002B01D1012300E000232F
:1089F0001846BD465DF8047B704700BF002000525A
:108A000080B586B000AF7860396004237B610023B5
:108A10003B61FCF7FFFAF8603B68022B13D1404B37
:108A20007B6110E07B68B3F1FF3F0CD0FCF7F2FAFA
:108A30000246FB68D31A7A689A4202D37B68002BFD
:108A400001D1032368E07A69364B1340002B0AD129
:108A5000354B1A697B6913407A699A420CBF01232E
:108A60000023DBB20CE0304BD3F81031DA437B69E2
:108A7000134023F00043002B0CBF01230023DBB283
:108A8000002BCFD13B68012B05D1274B1A69274B0F
:108A900013403B6107E0244BD3F81021234B1340D4
:108AA00043F000433B613B6923F00043002B16D0A9
:108AB0001F4B9A693B6913431D4A93613A69194BED
:108AC0001340002B03D1184A3B69536105E0164A55
:108AD0003B6923F00043C2F8143101231CE03B68DA
:108AE000012B0BD1104B1B6903F48033B3F5803F8E
:108AF00011D10D4B4FF480325A610CE00A4BD3F880
:108B0000103103F48033B3F5803F04D1064B4FF4AA
:108B10008032C3F81421002318461837BD4680BDA3
:108B200004000080F0FF10E0002000520000EE176B
:108B3000D01D002480B584B000AF78603960002378
:108B4000FB735E4B1B7D012B01D10223B2E05B4B1B
:108B500001221A75594B00229A617B685B6803F009
:108B60000103002B09D001214CF25030FFF748FFE0
:108B70000346002B01D00123FB737B685B6803F085
:108B80000203002B09D002214CF25030FFF738FFCE
:108B90000346002B01D00123FB73FB7B002B40F02D
:108BA00085807B681B68012B36D17B681A697B68DE
:108BB0005B681946104600F087F87B685B6803F035
:108BC0000103002B0FD001214CF25030FFF718FFAA
:108BD0000346002B01D00123FB73394BDB68384A75
:108BE00023F00803D3607B685B6803F00203002B6B
:108BF0005CD002214CF25030FFF702FF0346002BFD
:108C000001D00123FB732E4BD3F80C312C4A23F0F7
:108C10000803C2F80C3149E03B684FF0FF321A609C
:108C20007B689B68BB6039E07B6859687B681B691F
:108C30001A46B86800F0B2F87B685B6803F001037D
:108C4000002B0CD001214CF25030FFF7D9FE034627
:108C5000FB731B4BDA681A491A4B1340CB607B68D5
:108C60005B6803F00203002B0ED002214CF250305F
:108C7000FFF7C6FE0346FB73114BD3F80C211049D6
:108C8000104B1340C1F80C31FB7B002B03D03B6829
:108C9000BA681A600AE0BB680133BB607B68DA68B7
:108CA0007B689B681344BA689A42BDD3034B002289
:108CB0001A75FB7B18461037BD4680BDD01D0024B9
:108CC00000200052FBF8FFFF80B483B000AF786053
:108CD00039603B6803F00303032B22D12E4BDB6882
:108CE0002D4A23F03003D3602B4BD3F80C312A4AA2
:108CF00023F03003C2F80C31274BDA6826497B6831
:108D00001343CB60244BD3F80C2123497B681343D6
:108D1000C1F80C31204B9B691F4A43F0100393614B
:108D200033E03B6803F00103002B11D01A4BDB68E2
:108D3000194A23F03003D360174BDA6816497B6871
:108D40001343CB60144BDB68134A43F08803D360B2
:108D50003B6803F00203002B17D00F4BD3F80C3104
:108D60000D4A23F03003C2F80C310B4BD3F80C2121
:108D700009497B681343C1F80C31074BD3F80C3118
:108D8000054A43F08803C2F80C3100BF0C37BD46DA
:108D90005DF8047B704700BF0020005280B485B0AE
:108DA00000AFF860B9607A60BB6803F00103002B84
:108DB00010D0184BDB68174A23F4E663D360154BD9
:108DC000DA68FB6819027B680B431343114A43F0CE
:108DD0008403D360BB6803F00203002B14D00D4B57
:108DE000D3F80C310B4A23F4E663C2F80C31094B7B
:108DF000D3F80C21FB6819027B680B431343054A27
:108E000043F08403C2F80C3100BF1437BD465DF84F
:108E1000047B70470020005280B489B000AF7860B6
:108E200039600023FB618E4B7B619EE13B681A68D1
:108E30000121FB6901FA03F313403B613B69002BFD
:108E400000F090813B685B6803F00303012B05D0C1
:108E50003B685B6803F00303022B30D17B689B689F
:108E6000BB61FB695B00032202FA03F3DB43BA69CF
:108E70001340BB613B68DA68FB695B0002FA03F3ED
:108E8000BA691343BB617B68BA699A607B685B68A7
:108E9000BB610122FB6902FA03F3DB43BA691340A9
:108EA000BB613B685B681B0903F00102FB6902FAC6
:108EB00003F3BA691343BB617B68BA695A603B68C4
:108EC0005B6803F00303032B09D13B685B6803F085
:108ED0000303032B1BD13B689B68012B17D07B68D6
:108EE000DB68BB61FB695B00032202FA03F3DB432F
:108EF000BA691340BB613B689A68FB695B0002FA80
:108F000003F3BA691343BB617B68BA69DA603B68F3
:108F10005B6803F00303022B23D1FB69DA087B684B
:108F2000083253F82230BB61FB6903F007039B0052
:108F30000F2202FA03F3DB43BA691340BB613B68BB
:108F40001A69FB6903F007039B0002FA03F3BA698D
:108F50001343BB61FB69DA087B680832B96943F8DF
:108F600022107B681B68BB61FB695B00032202FA6D
:108F700003F3DB43BA691340BB613B685B6803F0F2
:108F80000302FB695B0002FA03F3BA691343BB6196
:108F90007B68BA691A603B685B6803F44033002B56
:108FA00000F0E0802F4BD3F8F4302E4A43F0020358
:108FB000C2F8F4302B4BD3F8F43003F00203FB601B
:108FC000FB68294AFB699B08023352F82330BB61D6
:108FD000FB6903F003039B000F2202FA03F3DB4358
:108FE000BA691340BB617B68204A934252D07B68C8
:108FF0001F4A934231D07B681E4A93422BD07B6834
:109000001D4A934225D07B681C4A93421FD07B683F
:109010001B4A934219D07B681A4A934213D07B684B
:10902000194A93420DD07B68184A934207D07B6857
:10903000174A934201D109232DE00A232BE008238C
:1090400029E0072327E0062325E0052323E0042366
:1090500021E003231FE002231DE001231BE000BFEA
:1090600080000058004402580004005800000258D4
:109070000004025800080258000C02580010025860
:109080000014025800180258001C02580020025810
:10909000002402580023FA6902F003029200934070
:1090A000BA691343BB613849FB699B080233BA694B
:1090B00041F823204FF0B0431B68BB613B69DB43A1
:1090C000BA691340BB613B685B6803F48013002BF3
:1090D00003D0BA693B691343BB614FF0B042BB692F
:1090E00013604FF0B0435B68BB613B69DB43BA6917
:1090F0001340BB613B685B6803F40013002B03D093
:10910000BA693B691343BB614FF0B042BB6953601E
:109110007B695B68BB613B69DB43BA691340BB6138
:109120003B685B6803F40033002B03D0BA693B69EA
:109130001343BB617B69BA695A607B691B68BB6179
:109140003B69DB43BA691340BB613B685B6803F46E
:109150008033002B03D0BA693B691343BB617B6941
:10916000BA691A60FB690133FB613B681A68FB69E5
:1091700022FA03F3002B7FF459AE00BF00BF24375F
:10918000BD465DF8047B70470004005880B487B08A
:1091900000AF7860396000237B61754B3B61D9E09B
:1091A00001227B6902FA03F33A681340FB60FB6813
:1091B000002B00F0CC806F4A7B699B08023352F889
:1091C0002330BB607B6903F003039B000F2202FA8C
:1091D00003F3BA681340BB607B68674A934237D099
:1091E0007B68664A934231D07B68654A93422BD0B4
:1091F0007B68644A934225D07B68634A93421FD0C0
:109200007B68624A934219D07B68614A934213D0CB
:109210007B68604A93420DD07B685F4A934207D0D7
:109220007B685E4A934201D1092312E00A2310E0D1
:1092300008230EE007230CE006230AE0052308E0DC
:10924000042306E0032304E0022302E0012300E0FC
:1092500000237A6902F0030292009340BA689A42AE
:1092600036D13B691A68FB68DB431A403B691A60D8
:109270003B695A68FB68DB431A403B695A604FF010
:10928000B0435A68FB68DB434FF0B04113404B607A
:109290004FF0B0431A68FB68DB434FF0B041134016
:1092A0000B607B6903F003039B000F2202FA03F3B8
:1092B000BB60304A7B699B08023352F82310BB68BD
:1092C000DA432C487B699B080A40023340F823208C
:1092D0007B681A687B695B00032101FA03F31A4378
:1092E0007B681A607B69DA087B68083253F82210C1
:1092F0007B6903F007039B000F2202FA03F3DB43B1
:109300007A69D20819407B68083243F822107B68DA
:10931000DA687B695B00032101FA03F3DB431A403F
:109320007B68DA607B685A6801217B6901FA03F384
:10933000DB431A407B685A607B689A687B695B00F4
:10934000032101FA03F3DB431A407B689A607B69CF
:1093500001337B613A687B6922FA03F3002B7FF4C7
:109360001FAF00BF00BF1C37BD465DF8047B7047D0
:109370008000005800040058000002580004025801
:1093800000080258000C025800100258001402583D
:1093900000180258001C02580020025800240258ED
:1093A00080B485B000AF78600B467B807B681A691B
:1093B0007B881340002B02D00123FB7301E00023C4
:1093C000FB73FB7B18461437BD465DF8047B704782
:1093D00080B483B000AF78600B467B8013467B700F
:1093E0007B78002B03D07A887B689A6103E07B88C6
:1093F0001A047B689A6100BF0C37BD465DF8047B98
:10940000704780B485B000AF78600B467B807B6886
:109410005B69FB607A88FB6813401A04FB68D943D8
:109420007B880B401A437B689A6100BF1437BD46A6
:109430005DF8047B7047000080B584B000AF7860B1
:10944000194BDB6803F00403042B0AD0164BDB68CE
:1094500003F007037A689A4201D001231FE000233A
:109460001DE0114BDB6823F007020F497B681343B3
:10947000CB60FBF7CFFDF86009E0FBF7CBFD0246C0
:10948000FB68D31AB3F57A7F01D9012307E0064BB5
:109490005B6803F40053B3F5005FEED10023184678
:1094A0001037BD4680BD00BF0048025880B58CB063
:1094B00000AF78607B68002B02D1012300F048BC2C
:1094C0007B681B6803F00103002B00F08880994B38
:1094D0001B6903F03803FB62964B9B6ABB62FB6A15
:1094E000102B07D0FB6A182B11D1BB6A03F00303C2
:1094F000022B0CD18F4B1B6803F40033002B6DD073
:109500007B685B68002B69D1012300F021BC7B687C
:109510005B68B3F5803F06D1864B1B68854A43F4F0
:10952000803313602EE07B685B68002B0CD1814B8D
:109530001B68804A23F4803313607E4B1B687D4A8E
:1095400023F4802313601DE07B685B68B3F5A02FD4
:109550000CD1784B1B68774A43F480231360754B1A
:109560001B68744A43F4803313600BE0714B1B6833
:10957000704A23F4803313606E4B1B686D4A23F4EA
:10958000802313607B685B68002B13D0FBF742FDE0
:10959000786208E0FBF73EFD02467B6AD31A642B33
:1095A00001D90323D4E3634B1B6803F40033002B7E
:1095B000F0D014E0FBF72EFD786208E0FBF72AFDFF
:1095C00002467B6AD31A642B01D90323C0E3594BAB
:1095D0001B6803F40033002BF0D100E000BF7B6870
:1095E0001B6803F00203002B00F0CA80514B1B697B
:1095F00003F038033B624F4B9B6AFB613B6A002BD5
:1096000007D03B6A182B56D1FB6903F00303002BEC
:1096100051D1484B1B6803F00403002B05D07B6835
:10962000DB68002B01D1012392E3424B1B6823F03E
:1096300019027B68DB683F4913430B60FBF7EAFCC8
:10964000786208E0FBF7E6FC02467B6AD31A022B3D
:1096500001D903237CE3374B1B6803F00403002B81
:10966000F0D0FBF707FD034641F20302934217D8FF
:109670007B681B69402B08D12E4B5B6823F47C333D
:109680002C4A43F4003353607AE02A4B5B6823F49E
:109690007C327B681B691B03264913434B606FE0D8
:1096A000244B5B6823F0FE427B681B691B06214943
:1096B00013434B6064E07B68DB68002B47D01D4B95
:1096C0001B6823F019027B68DB681A4913430B609F
:1096D000FBF7A0FC786208E0FBF79CFC02467B6A83
:1096E000D31A022B01D9032332E3124B1B6803F078
:1096F0000403002BF0D0FBF7BDFC034641F203024C
:10970000934219D87B681B69402B08D1094B5B68D1
:1097100023F47C33074A43F40033536030E0054BB5
:109720005B6823F47C327B681B691B03014913438C
:109730004B6025E0004402589A4B5B6823F0FE42E0
:109740007B681B691B06974913434B6018E0954BD8
:109750001B68944A23F001031360FBF75BFC7862FB
:1097600008E0FBF757FC02467B6AD31A022B01D9AB
:109770000323EDE28B4B1B6803F00403002BF0D1B5
:109780007B681B6803F01003002B00F0A980854B59
:109790001B6903F03803BB61824B9B6A7B61BB6929
:1097A000082B07D0BB69182B3AD17B6903F0030360
:1097B000012B35D17B4B1B6803F48073002B05D044
:1097C0007B68DB69802B01D00123C1E2FBF752FCEF
:1097D000034641F20302934217D87B681B6A202B91
:1097E00008D1704B5B6823F0F8436E4A43F0804326
:1097F000536075E06B4B5B6823F0F8427B681B6A33
:109800009B06684913434B606AE0664BDB6823F0B4
:109810007C527B681B6A1B0662491343CB605FE086
:109820007B68DB69002B42D05E4B1B685D4A43F0CE
:1098300080031360FBF7EEFB786208E0FBF7EAFBBE
:1098400002467B6AD31A022B01D9032380E2554BCF
:109850001B6803F48073002BF0D0FBF70BFC03466E
:1098600041F20302934217D87B681B6A202B08D170
:109870004C4B5B6823F0F8434A4A43F08043536003
:109880002EE0484B5B6823F0F8427B681B6A9B061E
:10989000444913434B6023E0424BDB6823F07C5286
:1098A0007B681B6A1B063F491343CB6018E03D4BA6
:1098B0001B683C4A23F080031360FBF7ABFB786224
:1098C00008E0FBF7A7FB02467B6AD31A022B01D9FB
:1098D00003233DE2334B1B6803F48073002BF0D16C
:1098E0007B681B6803F00803002B36D07B685B693C
:1098F000002B19D02B4B5B6F2A4A43F001035367AF
:10990000FBF788FB786208E0FBF784FB02467B6A82
:10991000D31A022B01D903231AE2224B5B6F03F007
:109920000203002BF0D018E01E4B5B6F1D4A23F0A2
:1099300001035367FBF76EFB786208E0FBF76AFBF5
:1099400002467B6AD31A022B01D9032300E2154B8E
:109950005B6F03F00203002BF0D17B681B6803F000
:109960002003002B39D07B689B69002B1CD00D4B4A
:109970001B680C4A43F480531360FBF74BFB78627F
:1099800008E0FBF747FB02467B6AD31A022B01D99A
:109990000323DDE1034B1B6803F40053002BF0D0DD
:1099A0001BE000BF004402589B4B1B689A4A23F4FB
:1099B00080531360FBF72EFB786208E0FBF72AFB6D
:1099C00002467B6AD31A022B01D90323C0E1924BD2
:1099D0001B6803F40053002BF0D17B681B6803F075
:1099E0000403002B00F081808C4B1B688B4A43F4EE
:1099F00080731360FBF70EFB786208E0FBF70AFB4D
:109A000002467B6AD31A642B01D90323A0E1834B5E
:109A10001B6803F48073002BF0D07B689B68012BDC
:109A200006D17D4B1B6F7C4A43F0010313672DE089
:109A30007B689B68002B0CD1774B1B6F764A23F019
:109A400001031367744B1B6F734A23F004031367FE
:109A50001CE07B689B68052B0CD16F4B1B6F6E4A1B
:109A600043F0040313676C4B1B6F6B4A43F0010315
:109A700013670BE0684B1B6F674A23F00103136702
:109A8000654B1B6F644A23F0040313677B689B6874
:109A9000002B15D0FBF7BEFA78620AE0FBF7BAFAA2
:109AA00002467B6AD31A41F28832934201D90323DA
:109AB0004EE1594B1B6F03F00203002BEED014E074
:109AC000FBF7A8FA78620AE0FBF7A4FA02467B6A81
:109AD000D31A41F28832934201D9032338E14E4B25
:109AE0001B6F03F00203002BEED17B685B6A002B37
:109AF00000F02D81484B1B6903F03803182B00F050
:109B0000BD807B685B6A022B40F09E80424B1B68E5
:109B1000414A23F080731360FBF77CFA786208E017
:109B2000FBF778FA02467B6AD31A022B01D903238A
:109B30000EE1394B1B6803F00073002BF0D1364B5C
:109B40009A6A374B13407A68916A7A68D26A12012E
:109B50000A43314913438B627B681B6B013BC3F3A0
:109B600008027B685B6B013B5B029BB21A437B681C
:109B70009B6B013B1B0403F4FE031A437B68DB6B06
:109B8000013B1B0603F0FE43234913430B63224BA7
:109B9000DB6A214A23F00103D3621F4B5A6B214B2E
:109BA00013407A68926CD2001B4913434B631A4BE3
:109BB000DB6A23F00C027B681B6C17491343CB62F2
:109BC000154BDB6A23F002027B685B6C124913437E
:109BD000CB62114BDB6A104A43F48033D3620E4BE5
:109BE000DB6A0D4A43F40033D3620B4BDB6A0A4A4B
:109BF00043F48023D362084BDB6A074A43F0010336
:109C0000D362054B1B68044A43F080731360FBF773
:109C100001FA786211E000BF00440258004802587F
:109C20000CFCFFFF0700FFFFFBF7F4F902467B6A1D
:109C3000D31A022B01D903238AE0474B1B6803F098
:109C40000073002BF0D082E0434B1B68424A23F0A4
:109C500080731360FBF7DEF9786208E0FBF7DAF94E
:109C600002467B6AD31A022B01D9032370E03A4BD8
:109C70001B6803F00073002BF0D168E0364B9B6A41
:109C80003B61354B1B6BFB607B685B6A012B31D002
:109C90003B6903F003027B689B6A9A422AD13B69C5
:109CA0001B0903F03F027B68DB6A9A4222D1FB6802
:109CB000C3F308027B681B6B013B9A421AD1FB6815
:109CC0005B0A03F07F027B685B6B013B9A4211D118
:109CD000FB681B0C03F07F027B689B6B013B9A4285
:109CE00008D1FB681B0E03F07F027B68DB6B013B36
:109CF0009A4201D001232BE0174B5B6BDB08C3F3C7
:109D00000C033B617B689B6C3A699A421FD0124BF3
:109D1000DB6A114A23F00103D362FBF77BF9786217
:109D200000BFFBF777F902467B6A9342F9D00A4BF2
:109D30005A6B0A4B13407A68926CD200064913435F
:109D40004B63054BDB6A044A43F00103D3620023F3
:109D500018463037BD4680BD004402580700FFFF5B
:109D600080B586B000AF786039607B68002B01D188
:109D700001239CE18A4B1B6803F00F033A689A4267
:109D800010D9874B1B6823F00F0285493B681343AA
:109D90000B60834B1B6803F00F033A689A4201D0B3
:109DA000012384E17B681B6803F00403002B10D0BF
:109DB0007B681A697B4B9B6903F070039A4208D950
:109DC000784B9B6923F070027B681B6975491343CC
:109DD0008B617B681B6803F00803002B10D07B6845
:109DE0005A69704BDB6903F070039A4208D96D4BD6
:109DF000DB6923F070027B685B696A491343CB61BE
:109E00007B681B6803F01003002B10D07B689A69F5
:109E1000644BDB6903F4E0639A4208D9614BDB6968
:109E200023F4E0627B689B695E491343CB617B68E6
:109E30001B6803F02003002B10D07B68DA69594BB4
:109E40001B6A03F070039A4208D9564B1B6A23F031
:109E500070027B68DB69534913430B627B681B68A4
:109E600003F00203002B10D07B68DA684D4B9B692E
:109E700003F00F039A4208D94A4B9B6923F00F0263
:109E80007B68DB68474913438B617B681B6803F081
:109E90000103002B55D0434B9B6923F470627B6810
:109EA0009B68404913438B617B685B68022B07D139
:109EB0003C4B1B6803F40033002B21D10123F6E057
:109EC0007B685B68032B07D1364B1B6803F000737C
:109ED000002B15D10123EAE07B685B68012B07D1D9
:109EE000304B1B6803F48073002B09D10123DEE0A3
:109EF0002C4B1B6803F00403002B01D10123D6E097
:109F0000284B1B6923F007027B685B6825491343D4
:109F10000B61FBF77FF878610AE0FBF77BF80246FC
:109F20007B69D31A41F28832934201D90323BEE000
:109F30001C4B1B6903F038027B685B68DB009A42AC
:109F4000EBD17B681B6803F00203002B10D07B6809
:109F5000DA68144B9B6903F00F039A4208D2114B45
:109F60009B6923F00F027B68DB680E4913438B610A
:109F70000B4B1B6803F00F033A689A4214D2084B4C
:109F80001B6823F00F0206493B6813430B60044B28
:109F90001B6803F00F033A689A4205D0012386E05C
:109FA00000200052004402587B681B6803F0040341
:109FB000002B10D07B681A693F4B9B6903F070033C
:109FC0009A4208D23C4B9B6923F070027B681B6964
:109FD000394913438B617B681B6803F00803002B2E
:109FE00010D07B685A69344BDB6903F070039A42E6
:109FF00008D2314BDB6923F070027B685B692E4924
:10A000001343CB617B681B6803F01003002B10D057
:10A010007B689A69284BDB6903F4E0639A4208D2B3
:10A02000254BDB6923F4E0627B689B69224913437B
:10A03000CB617B681B6803F02003002B10D07B688A
:10A04000DA691D4B1B6A03F070039A4208D21A4B5F
:10A050001B6A23F070027B68DB69174913430B62AC
:10A0600000F034F80246144B9B691B0A03F00F03FF
:10A070001249CB5C03F01F0322FA03F33B610E4B42
:10A080009B6903F00F030D4AD35C03F01F033A6989
:10A0900022FA03F30A4A13600A4A3B6913600A4B27
:10A0A0001B681846FAF76CFF0346FB73FB7B1846E8
:10A0B0001837BD4680BD00BF00440258D88D020845
:10A0C00004000024000000240C00002480B489B0A7
:10A0D00000AFB34B1B6903F03803182B00F2558116
:10A0E00001A252F823F000BF4DA100088BA3000885
:10A0F0008BA300088BA300088BA300088BA3000888
:10A100008BA300088BA3000873A100088BA3000891
:10A110008BA300088BA300088BA300088BA3000867
:10A120008BA300088BA3000879A100088BA300086B
:10A130008BA300088BA300088BA300088BA3000847
:10A140008BA300088BA300087FA10008944B1B6819
:10A1500003F02003002B09D0914B1B68DB0803F0B0
:10A160000303904A22FA03F3BB6111E18D4BBB61FB
:10A170000EE18D4BBB610BE18C4BBB6108E1884B61
:10A180009B6A03F003037B61854B9B6A1B0903F009
:10A190003F033B61824BDB6A03F00103FB60804BB2
:10A1A0005B6BDB08C3F30C03FA6802FB03F307EEF7
:10A1B000903AF8EE677AC7ED027A3B69002B00F01F
:10A1C000E1807B69022B00F083807B69022B00F227
:10A1D000A1807B69002B03D07B69012B56D099E0CD
:10A1E0006F4B1B6803F02003002B2DD06C4B1B68BA
:10A1F000DB0803F003036B4A22FA03F37B607B68FE
:10A2000007EE903AF8EE676A3B6907EE903AF8EE8F
:10A21000677A86EEA77A624B1B6BC3F3080307EEDF
:10A22000903AF8EE676A97ED026ADFED615AC6EE82
:10A23000257A76EEA77AF7EE006A77EEA67A67EED1
:10A24000277AC7ED077A87E03B6907EE903AF8EE88
:10A25000677ADFED586A86EEA77A514B1B6BC3F322
:10A26000080307EE903AF8EE676A97ED026ADFEDB1
:10A27000505AC6EE257A76EEA77AF7EE006A77EEA8
:10A28000A67A67EE277AC7ED077A65E03B6907EEA5
:10A29000903AF8EE677ADFED486A86EEA77A404B8F
:10A2A0001B6BC3F3080307EE903AF8EE676A97ED6D
:10A2B000026ADFED3F5AC6EE257A76EEA77AF7EE10
:10A2C000006A77EEA67A67EE277AC7ED077A43E051
:10A2D0003B6907EE903AF8EE677ADFED386A86EE72
:10A2E000A77A2F4B1B6BC3F3080307EE903AF8EEE7
:10A2F000676A97ED026ADFED2E5AC6EE257A76EE92
:10A30000A77AF7EE006A77EEA67A67EE277AC7EDAE
:10A31000077A21E03B6907EE903AF8EE677ADFEDC5
:10A32000266A86EEA77A1E4B1B6BC3F3080307EE63
:10A33000903AF8EE676A97ED026ADFED1D5AC6EEB5
:10A34000257A76EEA77AF7EE006A77EEA67A67EEC0
:10A35000277AC7ED077A00BF114B1B6B5B0A03F02E
:10A360007F0301333B603B6807EE903AB8EE677AB3
:10A37000D7ED076AC6EE877AFCEEE77A17EE903AD9
:10A38000BB6105E00023BB6102E0074BBB6100BF7E
:10A39000BB6918462437BD465DF8047B704700BF93
:10A3A000004402580090D00300093D0040787D0130
:10A3B000000000460024744C0024744A20BCBE4BAC
:10A3C00080B582B000AFFFF781FE0246104B9B695B
:10A3D0001B0A03F00F030F49CB5C03F01F0322FAA3
:10A3E00003F37B600A4B9B6903F00F03094AD35CBC
:10A3F00003F01F037A6822FA03F3074A1360074A3F
:10A400007B681360044B1B6818460837BD4680BD47
:10A4100000440258D88D02080400002400000024E3
:10A4200080B500AFFFF7CCFF0246064BDB691B0986
:10A4300003F007030449CB5C03F01F0322FA03F384
:10A44000184680BD00440258D88D020880B500AF80
:10A45000FFF7B6FF0246064BDB691B0A03F0070352
:10A460000449CB5C03F01F0322FA03F3184680BDB6
:10A4700000440258D88D02082DE9B04FCAB000AF91
:10A48000C7F81401002387F82731002387F8263105
:10A49000D7F81431D3E9002302F00064002554EA10
:10A4A000050349D0D7F814319B6EB3F5401F2FD068
:10A4B000B3F5401F28D8B3F5001F1AD0B3F5001F1D
:10A4C00022D8002B03D0B3F5801F07D01CE0B84B77
:10A4D000DB6AB74A43F40033D3621AE0D7F8143189
:10A4E00008330221184601F08FFC034687F8273114
:10A4F0000FE0D7F8143128330221184601F036FD59
:10A50000034687F8273104E0012387F8273100E06C
:10A5100000BF97F82731002B0AD1A54B1B6D23F400
:10A520004011D7F814319B6EA14A0B43136503E029
:10A5300097F8273187F82631D7F81431D3E900236B
:10A5400002F480784FF0000958EA090347D0D7F8A1
:10A5500014319B6D042B2AD801A252F823F000BFBE
:10A5600075A5000883A5000899A50008B7A50008EF
:10A57000B7A500088E4BDB6A8D4A43F40033D362E3
:10A580001AE0D7F8143108330021184601F03CFCDA
:10A59000034687F827310FE0D7F81431283300211C
:10A5A000184601F0E3FC034687F8273104E0012355
:10A5B00087F8273100E000BF97F82731002B0AD138
:10A5C0007B4B1B6D23F00701D7F814319B6D784A44
:10A5D0000B43136503E097F8273187F82631D7F846
:10A5E0001431D3E9002302F4007A4FF0000B5AEA49
:10A5F0000B034CD0D7F81431DB6DB3F5807F30D02E
:10A60000B3F5807F29D8C02B2DD0C02B25D8802B27
:10A6100018D0802B21D8002B02D0402B07D01CE073
:10A62000634BDB6A624A43F40033D3621CE0D7F821
:10A63000143108330021184601F0E6FB034687F881
:10A64000273111E0D7F8143128330021184601F0E2
:10A650008DFC034687F8273106E0012387F8273170
:10A6600002E000BF00E000BF97F82731002B0AD1BD
:10A670004F4B1B6D23F4E071D7F81431DB6D4C4A5E
:10A680000B43136503E097F8273187F82631D7F895
:10A690001431D3E9002302F48063C7F808310023A2
:10A6A000C7F80C31D7E942120B46134353D0D7F801
:10A6B0001431D3F8A830B3F5000F35D0B3F5000F3F
:10A6C0002ED8B3F5C00F31D0B3F5C00F28D8B3F5ED
:10A6D000800F1AD0B3F5800F22D8002B03D0B3F52A
:10A6E000001F07D01CE0324BDB6A314A43F40033D1
:10A6F000D3621CE0D7F8143108330021184601F06A
:10A7000083FB034687F8273111E0D7F8143128334B
:10A710000021184601F02AFC034687F8273106E09D
:10A72000012387F8273102E000BF00E000BF97F85F
:10A730002731002B0BD11E4B9B6D23F46001D7F802
:10A740001431D3F8A8301A4A0B43936503E097F805
:10A75000273187F82631D7F81431D3E9002302F4E2
:10A760000063C7F800310023C7F80431D7E940126D
:10A770000B46134356D0D7F81431D3F8AC30B3F1AD
:10A78000806F38D0B3F1806F31D8B3F1407F34D0CF
:10A79000B3F1407F2BD8B3F1007F1DD0B3F1007F20
:10A7A00025D8002B06D0B3F1807F0AD01FE000BF70
:10A7B00000440258A24BDB6AA14A43F40033D3623F
:10A7C0001CE0D7F8143108330021184601F01CFBB7
:10A7D000034687F8273111E0D7F8143128330021D8
:10A7E000184601F0C3FB034687F8273106E0012332
:10A7F00087F8273102E000BF00E000BF97F827315B
:10A80000002B0BD18E4B9B6D23F0E061D7F81431F8
:10A81000D3F8AC308A4A0B43936503E097F82731AD
:10A8200087F82631D7F81431D3E9002302F00073FA
:10A83000C7F8F8300023C7F8FC30D7E93E120B46C2
:10A8400013433AD0D7F81431DB6C302B1FD0302BA8
:10A8500019D8202B0CD0202B15D8002B19D0102B59
:10A8600011D1774BDB6A764A43F40033D36211E0AF
:10A87000D7F8143108330221184601F0C5FA03460F
:10A8800087F8273106E0012387F8273102E000BF6F
:10A8900000E000BF97F82731002B0AD1684BDB6C32
:10A8A00023F03001D7F81431DB6C654A0B43D364D5
:10A8B00003E097F8273187F82631D7F81431D3E928
:10A8C000002302F48053C7F8F0300023C7F8F430B7
:10A8D000D7E93C120B46134351D0D7F814311B6E05
:10A8E000B3F5804F35D0B3F5804F2ED8B3F5405F28
:10A8F00031D0B3F5405F28D8B3F5005F1AD0B3F577
:10A90000005F22D8002B03D0B3F5805F07D01CE096
:10A910004B4BDB6A4A4A43F40033D3621CE0D7F85E
:10A92000143108330021184601F06EFA034687F807
:10A93000273111E0D7F8143128330021184601F0EF
:10A9400015FB034687F8273106E0012387F82731F6
:10A9500002E000BF00E000BF97F82731002B0AD1CA
:10A96000374B1B6D23F4E041D7F814311B6E344A8A
:10A970000B43136503E097F8273187F82631D7F8A2
:10A980001431D3E9002302F40053C7F8E830002360
:10A99000C7F8EC30D7E93A120B46134356D0D7F834
:10A9A00014315B6EB3F5A02F33D0B3F5A02F2CD8A4
:10A9B000B3F5802F2FD0B3F5802F26D8B3F5403FC5
:10A9C0002BD0B3F5403F20D8B3F5003F12D0B3F5FC
:10A9D000003F1AD8002B22D0B3F5803F15D1D7F80D
:10A9E000143108330121184601F00EFA034687F8A6
:10A9F000273115E0D7F8143128330121184601F02A
:10AA0000B5FA034687F827310AE0012387F8273192
:10AA100006E000BF04E000BF02E000BF00E000BFAE
:10AA200097F82731002B0DD1054B1B6D23F4E02146
:10AA3000D7F814315B6E024A0B43136506E000BF82
:10AA40000044025897F8273187F82631D7F8143197
:10AA5000D3E9002302F48043C7F8E0300023C7F8AD
:10AA6000E430D7E938120B46134355D0D7F81431E8
:10AA7000D3F8B030B3F1A04F33D0B3F1A04F2CD8FE
:10AA8000B3F1804F2FD0B3F1804F26D8B3F1405FA0
:10AA90002BD0B3F1405F20D8B3F1005F12D0B3F1F7
:10AAA000005F1AD8002B22D0B3F1805F15D1D7F800
:10AAB000143108330121184601F0A6F9034687F83E
:10AAC000273115E0D7F8143128330121184601F059
:10AAD0004DFA034687F827310AE0012387F827312A
:10AAE00006E000BF04E000BF02E000BF00E000BFDE
:10AAF00097F82731002B0BD1A34B9B6D23F0E0413E
:10AB0000D7F81431D3F8B0309F4A0B43936503E074
:10AB100097F8273187F82631D7F81431D3E9002385
:10AB200002F40043C7F8D8300023C7F8DC30D7E977
:10AB300036120B46134337D0D7F814311B6FB3F1DD
:10AB4000005F0ED0B3F1005F16D8002B18D0B3F120
:10AB5000805F11D18C4BDB6A8B4A43F40033D362A4
:10AB60000FE0D7F8143108330121184601F04CF9F1
:10AB7000034687F8273104E0012387F8273100E0F6
:10AB800000BF97F82731002B0AD17F4B1B6D23F0B4
:10AB90004051D7F814311B6F7B4A0B43136503E018
:10ABA00097F8273187F82631D7F81431D3E90023F5
:10ABB00002F08073C7F8D0300023C7F8D430D7E94B
:10ABC00034120B46134339D0D7F814319B6C032B46
:10ABD0001CD801A252F823F015AC0008E9AB00081C
:10ABE000F7AB000815AC0008674BDB6A664A43F414
:10ABF0000033D3620FE0D7F814310833022118462E
:10AC000001F002F9034687F8273104E0012387F8B1
:10AC1000273100E000BF97F82731002B0AD15A4BAB
:10AC2000DB6C23F00301D7F814319B6C564A0B43BD
:10AC3000D36403E097F8273187F82631D7F8143129
:10AC4000D3E9002302F48003C7F8C8300023C7F813
:10AC5000CC30D7E932120B46134300F09F804B4BA8
:10AC60001B684A4A43F480731360FAF7D3F9C7F8B4
:10AC700020010BE0FAF7CEF90246D7F82031D31ABB
:10AC8000642B03D9032387F8273105E03F4B1B686A
:10AC900003F48073002BEDD097F82731002B79D186
:10ACA000394B1A6FD7F81431D3F8B430534003F44A
:10ACB0004073002B15D0344B1B6F23F44073C7F83F
:10ACC0001C31314B1B6F304A43F4803313672E4BDA
:10ACD0001B6F2D4A23F4803313672B4AD7F81C319E
:10ACE0001367D7F81431D3F8B430B3F5807F18D197
:10ACF000FAF790F9C7F820010DE0FAF78BF9024650
:10AD0000D7F82031D21A41F288339A4203D903236B
:10AD100087F8273105E01C4B1B6F03F00203002B63
:10AD2000EBD097F82731002B29D1D7F81431D3F87D
:10AD3000B43003F44073B3F5407F0ED1124B1B695E
:10AD400023F47C51D7F81431D3F8B4301A09104BDE
:10AD500013400D4A0B43136105E00B4B1B690A4A74
:10AD600023F47C531361084B196FD7F81431D3F8CF
:10AD7000B430C3F30B03044A0B4313670EE097F898
:10AD8000273187F8263109E000440258004802586C
:10AD9000CFFFFF0097F8273187F82631D7F8143115
:10ADA000D3E9002302F00103C7F8C0300023C7F83D
:10ADB000C430D7E930120B46134300F08980D7F82E
:10ADC0001431DB6F282B6BD801A252F823F000BF9F
:10ADD000A9AE0008A1AE0008A1AE0008A1AE00080F
:10ADE000A1AE0008A1AE0008A1AE0008A1AE000807
:10ADF00075AE0008A1AE0008A1AE0008A1AE000823
:10AE0000A1AE0008A1AE0008A1AE0008A1AE0008E6
:10AE10008BAE0008A1AE0008A1AE0008A1AE0008EC
:10AE2000A1AE0008A1AE0008A1AE0008A1AE0008C6
:10AE3000A9AE0008A1AE0008A1AE0008A1AE0008AE
:10AE4000A1AE0008A1AE0008A1AE0008A1AE0008A6
:10AE5000A9AE0008A1AE0008A1AE0008A1AE00088E
:10AE6000A1AE0008A1AE0008A1AE0008A1AE000886
:10AE7000A9AE0008D7F8143108330121184600F0B4
:10AE8000C3FF034687F827310FE0D7F81431283382
:10AE90000121184601F06AF8034687F8273104E0DB
:10AEA000012387F8273100E000BF97F82731002BF6
:10AEB0000AD1BF4B5B6D23F03801D7F81431DB6F3B
:10AEC000BB4A0B43536503E097F8273187F82631D7
:10AED000D7F81431D3E9002302F00203C7F8B830E1
:10AEE0000023C7F8BC30D7E92E120B46134341D0DC
:10AEF000D7F814319B6F052B24D801A252F823F008
:10AF00004DAF000819AF00082FAF00084DAF000883
:10AF10004DAF00084DAF0008D7F8143108330121B8
:10AF2000184600F071FF034687F827310FE0D7F885
:10AF3000143128330121184601F018F8034687F828
:10AF4000273104E0012387F8273100E000BF97F89C
:10AF50002731002B0AD1964B5B6D23F00701D7F800
:10AF600014319B6F924A0B43536503E097F82731E6
:10AF700087F82631D7F81431D3E9002302F004030F
:10AF8000C7F8B0300023C7F8B430D7E92C120B460D
:10AF9000134344D0D7F81431D3F89430052B25D877
:10AFA00001A252F823F000BFF5AF0008C1AF0008BE
:10AFB000D7AF0008F5AF0008F5AF0008F5AF0008FF
:10AFC000D7F8143108330121184600F01DFF03465D
:10AFD00087F827310FE0D7F81431283301211846BC
:10AFE00000F0C4FF034687F8273104E0012387F807
:10AFF000273100E000BF97F82731002B0BD16C4BB5
:10B000009B6D23F00701D7F81431D3F89430684AC8
:10B010000B43936503E097F8273187F82631D7F87B
:10B020001431D3E9002302F02003C7F8A83000232D
:10B03000C7F8AC30D7E92A120B46134355D0D7F8DE
:10B040001431D3F89030B3F1A04F33D0B3F1A04F07
:10B050002CD8B3F1804F2FD0B3F1804F26D8B3F165
:10B06000405F2BD0B3F1405F20D8B3F1005F12D026
:10B07000B3F1005F1AD8002B22D0B3F1805F15D155
:10B08000D7F8143108330021184600F0BDFE0346FE
:10B0900087F8273115E0D7F81431283302211846F4
:10B0A00000F064FF034687F827310AE0012387F8A0
:10B0B000273106E000BF04E000BF02E000BF00E06F
:10B0C00000BF97F82731002B0BD1394B5B6D23F074
:10B0D000E041D7F81431D3F89030354A0B4353652B
:10B0E00003E097F8273187F82631D7F81431D3E9F0
:10B0F000002302F04003C7F8A0300023C7F8A430B3
:10B10000D7E928120B46134358D0D7F81431D3F897
:10B110009C30B3F5A05F33D0B3F5A05F2CD8B3F566
:10B12000805F2FD0B3F5805F26D8B3F5406F2BD06A
:10B13000B3F5406F20D8B3F5006F12D0B3F5006FB0
:10B140001AD8002B22D0B3F5806F15D1D7F814315F
:10B1500008330021184600F057FE034687F82731D0
:10B1600015E0D7F8143128330221184600F0FEFE0E
:10B17000034687F827310AE0012387F8273106E0E4
:10B1800000BF04E000BF02E000BF00E000BF97F88E
:10B190002731002B0ED1064B9B6D23F4E051D7F8DD
:10B1A0001431D3F89C30024A0B43936506E000BF8C
:10B1B0000044025897F8273187F82631D7F8143120
:10B1C000D3E9002302F08003C7F898300023C7F8C2
:10B1D0009C30D7E926120B46134355D0D7F81431CB
:10B1E000D3F8A030B3F5204F33D0B3F5204F2CD88F
:10B1F000B3F5004F2FD0B3F5004F26D8B3F5C04FAD
:10B200002BD0B3F5C04F20D8B3F5804F12D0B3F593
:10B21000804F1AD8002B22D0B3F5005F15D1D7F894
:10B22000143108330021184600F0EEFD034687F87C
:10B23000273115E0D7F8143128330221184600F0E1
:10B2400095FE034687F827310AE0012387F8273166
:10B2500006E000BF04E000BF02E000BF00E000BF66
:10B2600097F82731002B0BD1A14B9B6D23F4604144
:10B27000D7F81431D3F8A0309D4A0B43936503E00F
:10B2800097F8273187F82631D7F81431D3E900230E
:10B2900002F00803C7F890300023C7F89430D7E9CC
:10B2A00024120B4613431ED0D7F81431D3F8843040
:10B2B000B3F5805F0CD1D7F814312833022118463A
:10B2C00000F054FE0346002B02D0012387F82631FC
:10B2D000874B5B6D23F44051D7F81431D3F8843099
:10B2E000834A0B435365D7F81431D3E9002302F0A6
:10B2F0001003C7F888300023C7F88C30D7E9221232
:10B300000B4613431ED0D7F81431D3F89830B3F559
:10B31000807F0CD1D7F8143128330221184600F071
:10B3200025FE0346002B02D0012387F82631704BFF
:10B330009B6D23F44071D7F81431D3F898306C4AE0
:10B340000B439365D7F81431D3E9002302F40023AB
:10B35000C7F880300023C7F88430D7E920120B46A5
:10B3600013433ED0D7F81431D3F8A430B3F5003FDF
:10B3700022D0B3F5003F1BD8002B03D0B3F5803F9C
:10B380000BD015E0D7F8143108330021184600F02F
:10B390003BFD034687F827310FE0D7F814312833F7
:10B3A0000221184600F0E2FD034687F8273104E049
:10B3B000012387F8273100E000BF97F82731002BE1
:10B3C0000BD14B4B9B6D23F44031D7F81431D3F89C
:10B3D000A430474A0B43936503E097F8273187F879
:10B3E0002631D7F81431D3E9002302F48023BB6758
:10B3F0000023FB67D7E91E120B4613433BD0D7F857
:10B400001431D3F88830B3F5401F1FD0B3F5401F77
:10B4100018D8B3F5801F03D0B3F5001F07D011E093
:10B42000334BDB6A324A43F40033D3620FE0D7F880
:10B43000143128330121184600F098FD034687F89F
:10B44000273104E0012387F8273100E000BF97F897
:10B450002731002B0BD1264B5B6D23F44011D7F81D
:10B460001431D3F88830224A0B43536503E097F830
:10B47000273187F82631D7F81431D3E9002302F4B5
:10B4800080333B6700237B67D7E91C120B461343CD
:10B4900034D0D7F814311B6D002B03D0B3F5803FA7
:10B4A00007D011E0124BDB6A114A43F40033D36238
:10B4B0000EE0D7F8143108330221184600F0A4FC3E
:10B4C000034687F8273103E0012387F8273100BFBF
:10B4D00097F82731002B0DD1054BDB6C23F480311D
:10B4E000D7F814311B6D024A0B43D36406E000BF4A
:10B4F0000044025897F8273187F82631D7F81431DD
:10B50000D3E9002302F00053BB660023FB66D7E9B2
:10B510001A120B4613430CD0D7F8143128330221EA
:10B52000184600F023FD0346002B02D0012387F8C4
:10B530002631D7F81431D3E9002302F400333B66F7
:10B5400000237B66D7E918120B46134338D0D7F88F
:10B550001431D3F88030B3F5407F18D0B3F5407F75
:10B5600011D8B3F5007F14D0B3F5007F0BD8002BB2
:10B5700011D0B3F5807F06D1C34BDB6AC24A43F4D6
:10B580000033D36208E0012387F8273104E000BFCD
:10B5900002E000BF00E000BF97F82731002B0BD17D
:10B5A000B94B5B6D23F44071D7F81431D3F8803078
:10B5B000B54A0B43536503E097F8273187F82631E6
:10B5C000D7F81431D3E9002302F48013BB650023BC
:10B5D000FB65D7E916120B46134309D0AA4B1B6D26
:10B5E00023F00041D7F814315B6FA74A0B43136572
:10B5F000D7F81431D3E9002302F080533B650023D0
:10B600007B65D7E914120B4613430AD09E4B1B6986
:10B6100023F48041D7F81431D3F8B8309A4A0B4359
:10B620001361D7F81431D3E9002302F40013BB648B
:10B630000023FB64D7E912120B46134309D0924B47
:10B640001B6D23F08071D7F81431DB6E8E4A0B43EB
:10B650001365D7F81431D3E9002302F080433B642B
:10B6600000237B64D7E910120B4613430ED0864BA0
:10B670001B69854A23F400431361834B1969D7F88A
:10B680001431D3F8BC30804A0B431361D7F814311E
:10B69000D3E9002302F00043BB630023FB63D7E937
:10B6A0000E120B46134309D0774BDB6C23F040514D
:10B6B000D7F814315B6D744A0B43D364D7F8143157
:10B6C000D3E9002302F400033B6300237B63D7E943
:10B6D0000C120B4613430AD06B4B5B6D23F44001F5
:10B6E000D7F81431D3F88C30674A0B435365D7F839
:10B6F0001431D3E900230021B96203F00103FB6296
:10B70000D7E90A120B46134311D0D7F81431083386
:10B710000021184600F078FB034687F8273197F898
:10B720002731002B03D097F8273187F82631D7F837
:10B730001431D3E900230021396203F002037B6254
:10B74000D7E908120B46134311D0D7F81431083348
:10B750000121184600F058FB034687F8273197F877
:10B760002731002B03D097F8273187F82631D7F8F7
:10B770001431D3E900230021B96103F00403FB6114
:10B78000D7E906120B46134311D0D7F8143108330A
:10B790000221184600F038FB034687F8273197F856
:10B7A0002731002B03D097F8273187F82631D7F8B7
:10B7B0001431D3E900230021396103F008037B61D0
:10B7C000D7E904120B46134311D0D7F814312833AC
:10B7D0000021184600F0CAFB034687F8273197F886
:10B7E0002731002B03D097F8273187F82631D7F877
:10B7F0001431D3E900230021B96003F01003FB608A
:10B80000D7E902120B46134311D0D7F8143128336D
:10B810000121184600F0AAFB034687F8273197F864
:10B820002731002B03D097F8273187F82631D7F836
:10B830001431D3E900230021396003F020037B6039
:10B84000D7E900120B46134311D0D7F8143128332F
:10B850000221184600F08AFB034687F8273197F843
:10B860002731002B03D097F8273187F8263197F836
:10B870002631002B01D1002300E00123184607F5F3
:10B880009477BD46BDE8B08F0044025880B500AF44
:10B89000FEF796FD0246064B1B6A1B0903F00703E1
:10B8A0000449CB5C03F01F0322FA03F3184680BD62
:10B8B00000440258D88D020880B489B000AF786087
:10B8C000A14B9B6A03F00303BB619F4B9B6A1B0B5D
:10B8D00003F03F037B619C4BDB6A1B0903F0010310
:10B8E0003B61994BDB6BDB08C3F30C033A6902FB4A
:10B8F00003F307EE903AF8EE677AC7ED037A7B69B7
:10B90000002B00F01181BB69022B00F08380BB6922
:10B91000022B00F2A180BB69002B03D0BB69012B75
:10B9200056D099E0884B1B6803F02003002B2DD0E4
:10B93000854B1B68DB0803F00303844A22FA03F3F8
:10B94000BB60BB6807EE903AF8EE676A7B6907EE6A
:10B95000903AF8EE677A86EEA77A7B4B9B6BC3F33F
:10B96000080307EE903AF8EE676A97ED036ADFED99
:10B97000785AC6EE257A76EEA77AF7EE006A77EE69
:10B98000A67A67EE277AC7ED077A87E07B6907EE2C
:10B99000903AF8EE677ADFED6F6A86EEA77A6A4B27
:10B9A0009B6BC3F3080307EE903AF8EE676A97EDD6
:10B9B000036ADFED675AC6EE257A76EEA77AF7EED0
:10B9C000006A77EEA67A67EE277AC7ED077A65E018
:10B9D0007B6907EE903AF8EE677ADFED5F6A86EEF4
:10B9E000A77A594B9B6BC3F3080307EE903AF8EE26
:10B9F000676A97ED036ADFED565AC6EE257A76EE52
:10BA0000A77AF7EE006A77EEA67A67EE277AC7ED97
:10BA1000077A43E07B6907EE903AF8EE677ADFED4C
:10BA20004F6A86EEA77A484B9B6BC3F3080307EE79
:10BA3000903AF8EE676A97ED036ADFED455AC6EE75
:10BA4000257A76EEA77AF7EE006A77EEA67A67EEA9
:10BA5000277AC7ED077A21E07B6907EE903AF8EE86
:10BA6000677ADFED3D6A86EEA77A374B9B6BC3F3AF
:10BA7000080307EE903AF8EE676A97ED036ADFED88
:10BA8000345AC6EE257A76EEA77AF7EE006A77EE9C
:10BA9000A67A67EE277AC7ED077A00BF2A4B9B6B21
:10BAA0005B0A03F07F0307EE903AF8EE677AB7EE91
:10BAB000007A37EE877AD7ED076AC6EE877AFCEE12
:10BAC000E77A17EE902A7B681A601F4B9B6B1B0C62
:10BAD00003F07F0307EE903AF8EE677AB7EE007A4C
:10BAE00037EE877AD7ED076AC6EE877AFCEEE77AFB
:10BAF00017EE902A7B685A60134B9B6B1B0E03F06A
:10BB00007F0307EE903AF8EE677AB7EE007A37EEE9
:10BB1000877AD7ED076AC6EE877AFCEEE77A17EEEA
:10BB2000902A7B689A6008E07B6800221A607B6834
:10BB300000225A607B6800229A6000BF2437BD460D
:10BB40005DF8047B704700BF004402580090D003AA
:10BB5000000000460024744C0024744A20BCBE4BF4
:10BB600080B489B000AF7860A14B9B6A03F00303F7
:10BB7000BB619F4B9B6A1B0D03F03F037B619C4B9A
:10BB8000DB6A1B0A03F001033B61994B5B6CDB082A
:10BB9000C3F30C033A6902FB03F307EE903AF8EEA5
:10BBA000677AC7ED037A7B69002B00F01181BB69CE
:10BBB000022B00F08380BB69022B00F2A180BB69DD
:10BBC000002B03D0BB69012B56D099E0884B1B6832
:10BBD00003F02003002B2DD0854B1B68DB0803F0FE
:10BBE0000303844A22FA03F3BB60BB6807EE903A72
:10BBF000F8EE676A7B6907EE903AF8EE677A86EEB0
:10BC0000A77A7B4B1B6CC3F3080307EE903AF8EE60
:10BC1000676A97ED036ADFED785AC6EE257A76EE0D
:10BC2000A77AF7EE006A77EEA67A67EE277AC7ED75
:10BC3000077A87E07B6907EE903AF8EE677ADFEDE6
:10BC40006F6A86EEA77A6A4B1B6CC3F3080307EE94
:10BC5000903AF8EE676A97ED036ADFED675AC6EE31
:10BC6000257A76EEA77AF7EE006A77EEA67A67EE87
:10BC7000277AC7ED077A65E07B6907EE903AF8EE20
:10BC8000677ADFED5F6A86EEA77A594B1B6CC3F3C8
:10BC9000080307EE903AF8EE676A97ED036ADFED66
:10BCA000565AC6EE257A76EEA77AF7EE006A77EE58
:10BCB000A67A67EE277AC7ED077A43E07B6907EE3D
:10BCC000903AF8EE677ADFED4F6A86EEA77A484B36
:10BCD0001B6CC3F3080307EE903AF8EE676A97ED22
:10BCE000036ADFED455AC6EE257A76EEA77AF7EEBF
:10BCF000006A77EEA67A67EE277AC7ED077A21E029
:10BD00007B6907EE903AF8EE677ADFED3D6A86EEE2
:10BD1000A77A374B1B6CC3F3080307EE903AF8EE93
:10BD2000676A97ED036ADFED345AC6EE257A76EE40
:10BD3000A77AF7EE006A77EEA67A67EE277AC7ED64
:10BD4000077A00BF2A4B1B6C5B0A03F07F0307EEE8
:10BD5000903AF8EE677AB7EE007A37EE877AD7ED49
:10BD6000076AC6EE877AFCEEE77A17EE902A7B68C0
:10BD70001A601F4B1B6C1B0C03F07F0307EE903AFD
:10BD8000F8EE677AB7EE007A37EE877AD7ED076A72
:10BD9000C6EE877AFCEEE77A17EE902A7B685A6047
:10BDA000134B1B6C1B0E03F07F0307EE903AF8EE6B
:10BDB000677AB7EE007A37EE877AD7ED076AC6EE74
:10BDC000877AFCEEE77A17EE902A7B689A6008E0A3
:10BDD0007B6800221A607B6800225A607B68002220
:10BDE0009A6000BF2437BD465DF8047B704700BFF2
:10BDF000004402580090D003000000460024744C18
:10BE00000024744A20BCBE4B80B584B000AF78607B
:10BE100039600023FB73534B9B6A03F00303032B2E
:10BE200001D1012399E04F4B1B684E4A23F08063F8
:10BE30001360F9F7EFF8B86008E0F9F7EBF802469D
:10BE4000BB68D31A022B01D9032386E0454B1B683C
:10BE500003F00063002BF0D1424B9B6A23F47C3249
:10BE60007B681B681B033F4913438B627B685B68DD
:10BE7000013BC3F308027B689B68013B5B029BB2FA
:10BE80001A437B68DB68013B1B0403F4FE031A437F
:10BE90007B681B69013B1B0603F0FE4331491343DA
:10BEA0008B63304BDB6A23F0C0027B685B692D49F2
:10BEB0001343CB622B4BDB6A23F020027B689B6928
:10BEC00028491343CB62274BDB6A264A23F0100331
:10BED000D362244BDA6B244B13407A68D269D200C8
:10BEE00020491343CB631F4BDB6A1E4A43F0100308
:10BEF000D3623B68002B06D11A4BDB6A194A43F424
:10BF00000023D3620FE03B68012B06D1154BDB6A9F
:10BF1000144A43F48013D36205E0124BDB6A114AE2
:10BF200043F40013D3620F4B1B680E4A43F0806347
:10BF30001360F9F76FF8B86008E0F9F76BF802469C
:10BF4000BB68D31A022B01D9032306E0054B1B68FB
:10BF500003F00063002BF0D0FB7B18461037BD4682
:10BF600080BD00BF004402580700FFFF80B584B0C9
:10BF700000AF786039600023FB73534B9B6A03F07A
:10BF80000303032B01D1012399E04F4B1B684E4A59
:10BF900023F080531360F9F73DF8B86008E0F9F733
:10BFA00039F80246BB68D31A022B01D9032386E075
:10BFB000454B1B6803F00053002BF0D1424B9B6AAA
:10BFC00023F07C727B681B681B053F4913438B621F
:10BFD0007B685B68013BC3F308027B689B68013B9D
:10BFE0005B029BB21A437B68DB68013B1B0403F4D2
:10BFF000FE031A437B681B69013B1B0603F0FE43EB
:10C00000314913430B64304BDB6A23F440627B6895
:10C010005B692D491343CB622B4BDB6A23F400721F
:10C020007B689B6928491343CB62274BDB6A264A0E
:10C0300023F48073D362244B5A6C244B13407A68E8
:10C04000D269D200204913434B641F4BDB6A1E4A5E
:10C0500043F48073D3623B68002B06D11A4BDB6A32
:10C06000194A43F48003D3620FE03B68012B06D1E9
:10C07000154BDB6A144A43F40003D36205E0124B0C
:10C08000DB6A114A43F08073D3620F4B1B680E4A80
:10C0900043F080531360F8F7BDFFB86008E0F8F78D
:10C0A000B9FF0246BB68D31A022B01D9032306E06D
:10C0B000054B1B6803F00053002BF0D0FB7B1846A8
:10C0C0001037BD4680BD00BF004402580700FFFF87
:10C0D00080B584B000AF78607B68002B01D101236C
:10C0E0000FE17B6800229A627B681B68874A934253
:10C0F0000FD07B681B68864A93420AD07B681B6816
:10C10000844A934205D07B68DB680F2B01D9012359
:10C11000F7E0786800F032FDF8607B681B687B4AC6
:10C1200093420CD07B681B68794A934207D07B68A6
:10C130001B68784A934202D0FB68082B11D87B68B1
:10C140001B68724A934209D07B681B68704A93420D
:10C1500004D07B681B686F4A934204D1FB68102BA4
:10C1600001D90123CDE07B6893F88130DBB2002B4D
:10C1700006D17B68002283F880207868F4F754FEAB
:10C180007B68022283F881207B681B681A687B68C1
:10C190001B6822F001021A607B681B689B6803F42D
:10C1A000F813BB607B689B69B3F1806F19D17B6822
:10C1B0005B68B3F5800F03D17B689B6B002B08D0C5
:10C1C0007B685B68002B0CD17B689B6BB3F1805F55
:10C1D00007D17B681B681A687B681B6842F4805231
:10C1E0001A607B685B6803F48003002B0FD07B68C8
:10C1F000DB68062B0BD97B681B681B6823F48071F6
:10C200007B681A6D7B681B680A431A6007E07B68CD
:10C210001B681A687B681B6822F480721A607B684E
:10C22000DA697B689B6A1A43BB681A437B68DB6BDD
:10C2300042EA03017B68DA687B681B680A439A60FC
:10C240007B685A6B7B685B6A1A437B689B6B1A43FB
:10C250007B689B691A437B681B691A437B685B692F
:10C260001A437B681B6A1A437B685B681A437B68C6
:10C27000DB6C1A437B689B681A437B689B6C42EAC1
:10C2800003017B689A6D7B681B680A43DA607B68F0
:10C290005B68002B13D17B681B689B6823F4C0523A
:10C2A0007B681B6842F400629A607B681B689B682D
:10C2B00023F4C0627B681B6842F480629A607B68EA
:10C2C0001B681A6D7B681B6822F001021A657B6887
:10C2D0005B6803F48003002B0AD07B681B68DB6873
:10C2E00023F000417B685A6D7B681B680A43DA6063
:10C2F0007B680022C3F884207B68012283F88120B8
:10C30000002318461037BD4680BD00BF00300140F5
:10C3100000380040003C004080B582B000AF78603B
:10C320007B68002B01D101231BE07B68022283F88C
:10C3300081207B681B681A687B681B6822F00102F9
:10C340001A607868F4F7D8FD7B680022C3F884206F
:10C350007B68002283F881207B68002283F880209C
:10C36000002318460837BD4680BD000080B58EB05A
:10C3700002AFF860B9607A607B80FB681B6820338D
:10C380007B62FB681B6830333B62FB68DB6B5B09DD
:10C390009BB20133FB83F8F73DFEB8617B887B8558
:10C3A0007B883B85FB6893F88130DBB2012B01D0A1
:10C3B000022310E3BB68002B05D07B68002B02D062
:10C3C0007B88002B01D1012305E3FB6893F88030C3
:10C3D000012B01D10223FEE2FB68012283F88020B9
:10C3E000FB68052283F88120FB680022C3F88420C3
:10C3F000FB687A685A66FB687A88A3F86A20FB684B
:10C400007A88A3F86820FB68BA68DA65FB687A88DE
:10C41000A3F86220FB687A88A3F86020FB680022FA
:10C420001A67FB6800225A67FB681B68DA68FB68BA
:10C430001B6822F4C022DA60FB681B68704A9342D2
:10C4400009D0FB681B686F4A934204D0FB681B68E5
:10C450006D4A934202D11023FB6201E00823FB6284
:10C46000FB681B685A68694B13407988FA68126840
:10C470000B435360FB681B681A68FB681B6842F03B
:10C4800001021A60FB685B68B3F5800F07D1FB6897
:10C490001B681A68FB681B6842F400721A60FB682C
:10C4A000DB680F2B40F2A280FB6A9B08FB6294E0E2
:10C4B000FB681B685B6903F00203022B20D17B8DB4
:10C4C000002B1DD03A8D798DFB6A0B449A4217D20E
:10C4D000FB68DA6DFB681B6812681A62FB68DB6D2B
:10C4E0001A1DFB68DA65FB68B3F862309BB2013B4A
:10C4F0009AB2FB68A3F86220FB68B3F862307B85D0
:10C50000FB681B685B697B613B8D002B65D0FB681A
:10C510001B685B6903F00103012B18D1FB681A68E3
:10C52000FB685B6E126B1A60FB685B6E1A1DFB6822
:10C530005A66FB68B3F86A309BB2013B9AB2FB685B
:10C54000A3F86A20FB68B3F86A303B8545E03A8D72
:10C55000FB8B9A421DD27B6903F40043002B18D059
:10C56000FB681A68FB685B6E126B1A60FB685B6E97
:10C570001A1DFB685A66FB68B3F86A309BB2013B30
:10C580009AB2FB68A3F86A20FB68B3F86A303B856F
:10C5900023E0F8F73FFD0246BB69D31ABA6B9A4213
:10C5A00003D8BB6BB3F1FF3F02D1BB6B002B14D19F
:10C5B000F86800F015FAFB68D3F8843043F4807211
:10C5C000FB68C3F88420FB68012283F88120FB68A4
:10C5D000002283F880200323FDE17B8D002B7FF474
:10C5E00067AF3B8D002B7FF463AFCEE1FB68DB6868
:10C5F000072B40F2C281FB6A5B08FB62C9E000BF07
:10C600000030014000380040003C00400000FFFFC7
:10C61000FB681B685B6903F00203022B1FD17B8D53
:10C62000002B1CD03A8D798DFB6A0B449A4216D2AE
:10C63000FB68DB6D1A887B6A1A80FB68DB6D9A1CCD
:10C64000FB68DA65FB68B3F862309BB2013B9AB2D3
:10C65000FB68A3F86220FB68B3F862307B85FB6857
:10C660001B685B697B613B8D002B00F09280FB684F
:10C670001B685B6903F00103012B18D1FB685B6E3B
:10C680003A6A128892B21A80FB685B6E9A1CFB6849
:10C690005A66FB68B3F86A309BB2013B9AB2FB68FA
:10C6A000A3F86A20FB68B3F86A303B8571E03A8DE5
:10C6B000FB8B9A4228D27B6903F40043002B23D0E2
:10C6C000FB685B6E3A6A128892B21A80FB685B6EF6
:10C6D0009A1CFB685A66FB685B6E3A6A128892B2D3
:10C6E0001A80FB685B6E9A1CFB685A66FB68B3F89D
:10C6F0006A309BB2023B9AB2FB68A3F86A20FB68DF
:10C70000B3F86A303B8544E03B8D012B1DD17B693A
:10C7100003F40053002B18D0FB685B6E3A6A128852
:10C7200092B21A80FB685B6E9A1CFB685A66FB68C3
:10C73000B3F86A309BB2013B9AB2FB68A3F86A2057
:10C74000FB68B3F86A303B8523E0F8F763FC0246E8
:10C75000BB69D31ABA6B9A4203D8BB6BB3F1FF3FE4
:10C7600002D1BB6B002B14D1F86800F039F9FB68DB
:10C77000D3F8843043F48072FB68C3F88420FB68EC
:10C78000012283F88120FB68002283F880200323A4
:10C7900021E17B8D002B7FF43BAF3B8D002B7FF4A1
:10C7A00037AFF2E0FB681B685B6903F00203022B02
:10C7B00021D17B8D002B1ED03A8D798DFB6A0B44E5
:10C7C0009A4218D2FB68DA6DFB681B682033127836
:10C7D0001A70FB68DB6D5A1CFB68DA65FB68B3F8FE
:10C7E00062309BB2013B9AB2FB68A3F86220FB68FF
:10C7F000B3F862307B85FB681B685B697B613B8DAE
:10C80000002B00F0BA80FB681B685B6903F0010332
:10C81000012B1BD1FB681B6803F13002FB685B6EC8
:10C820001278D2B21A70FB685B6E5A1CFB685A66AB
:10C83000FB68B3F86A309BB2013B9AB2FB68A3F87D
:10C840006A20FB68B3F86A303B8596E03A8DFB8B33
:10C850009A424AD27B6903F40043002B45D0FB681F
:10C860001B6803F13002FB685B6E1278D2B21A705B
:10C87000FB685B6E5A1CFB685A66FB681B6803F119
:10C880003002FB685B6E1278D2B21A70FB685B6E86
:10C890005A1CFB685A66FB681B6803F13002FB6890
:10C8A0005B6E1278D2B21A70FB685B6E5A1CFB6822
:10C8B0005A66FB681B6803F13002FB685B6E1278F6
:10C8C000D2B21A70FB685B6E5A1CFB685A66FB6832
:10C8D000B3F86A309BB2043B9AB2FB68A3F86A20B3
:10C8E000FB68B3F86A303B8547E03B8D032B20D8CB
:10C8F0007B6903F4C043002B1BD0FB681B6803F16A
:10C900003002FB685B6E1278D2B21A70FB685B6E05
:10C910005A1CFB685A66FB68B3F86A309BB2013B4D
:10C920009AB2FB68A3F86A20FB68B3F86A303B85CB
:10C9300023E0F8F76FFB0246BB69D31ABA6B9A4241
:10C9400003D8BB6BB3F1FF3F02D1BB6B002B14D1FB
:10C95000F86800F045F8FB68D3F8843043F480723F
:10C96000FB68C3F88420FB68012283F88120FB6800
:10C97000002283F8802003232DE07B8D002B7FF4A1
:10C9800011AF3B8D002B7FF40DAFBB690093BB6BE8
:10C9900000220821F86800F0C3F80346002B07D0F6
:10C9A000FB68D3F8843043F02002FB68C3F884208E
:10C9B000F86800F015F8FB68012283F88120FB6815
:10C9C000002283F88020FB68D3F88430002B01D04C
:10C9D000012300E0002318463037BD4680BD00BF6C
:10C9E00080B485B000AF78607B681B685B69FB60D2
:10C9F0007B681B689A697B681B6842F008029A6131
:10CA00007B681B689A697B681B6842F010029A6118
:10CA10007B681B681A687B681B6822F001021A6039
:10CA20007B681B6819697B681A683C4B0B40136173
:10CA30007B681B689A687B681B6822F440429A6096
:10CA40007B6893F88130DBB2042B14D0FB6803F0D1
:10CA50002003002B0FD07B68D3F8843043F0800292
:10CA60007B68C3F884207B681B689A697B681B68B5
:10CA700042F020029A617B6893F88130DBB2032B8D
:10CA800014D0FB6803F04003002B0FD07B68D3F871
:10CA9000843043F004027B68C3F884207B681B6801
:10CAA0009A697B681B6842F040029A61FB6803F454
:10CAB0000073002B0FD07B68D3F8843043F0010261
:10CAC0007B68C3F884207B681B689A697B681B6855
:10CAD00042F400729A61FB6803F48073002B0FD05C
:10CAE0007B68D3F8843043F008027B68C3F8842065
:10CAF0007B681B689A697B681B6842F480729A6144
:10CB00007B680022A3F862207B680022A3F86A20D9
:10CB100000BF1437BD465DF8047B704790FCFFFFF3
:10CB200080B584B000AFF860B9603B601346FB711C
:10CB300010E0F8F76FFA0246BB69D31A3A689A42D6
:10CB400003D83B68B3F1FF3F02D13B68002B01D112
:10CB500003230FE0FB681B685A69BB681340BA687F
:10CB60009A420CBF01230023DBB21A46FB799A429A
:10CB7000DFD0002318461037BD4680BD80B485B095
:10CB800000AF78607B68DB6B5B090133FB607B681F
:10CB9000DB680133BB60BB680733DB08BB60BB6885
:10CBA000FA6802FB03F318461437BD465DF8047BB0
:10CBB000704780B582B000AF78607B68002B01D1F0
:10CBC000012342E07B68D3F88830002B06D17B68D4
:10CBD000002283F884207868F4F7F8FC7B6824222C
:10CBE000C3F888207B681B681A687B681B6822F082
:10CBF00001021A607B689B6A002B02D0786801F002
:10CC00003FFB786800F0D4FD0346012B01D10123DE
:10CC10001BE07B681B685A687B681B6822F49042A3
:10CC20005A607B681B689A687B681B6822F02A023E
:10CC30009A607B681B681A687B681B6842F0010277
:10CC40001A60786801F0BEFB034618460837BD46F7
:10CC500080BD80B58AB002AFF860B9603B60134612
:10CC6000FB80FB68D3F88830202B40F08680BB68BF
:10CC7000002B02D0FB88002B01D101237EE0FB6852
:10CC80000022C3F89020FB682122C3F88820F8F71F
:10CC9000C1F97861FB68FA88A3F85420FB68FA8828
:10CCA000A3F85620FB689B68B3F5805F08D1FB684A
:10CCB0001B69002B04D10023FB61BB68BB6103E04F
:10CCC000BB68FB610023BB613AE03B6800937B6972
:10CCD00000228021F86801F01FFC0346002B05D0DC
:10CCE000FB682022C3F88820032347E0FB69002B60
:10CCF0000BD1BB691B881A46FB681B68C2F308028C
:10CD00009A62BB690233BB6107E0FB691A78FB6872
:10CD10001B689A62FB690133FB61FB68D3F88830BA
:10CD200003F02103212B09D1FB68B3F856309BB2E5
:10CD3000013B9AB2FB68A3F8562001E001231DE0F5
:10CD4000FB68B3F856309BB2002BBED13B68009312
:10CD50007B6900224021F86801F0DEFB0346002BCE
:10CD600005D0FB682022C3F88820032306E0FB6877
:10CD70002022C3F88820002300E002231846203731
:10CD8000BD4680BD80B58AB002AFF860B9603B6037
:10CD90001346FB80FB68D3F88C30202B40F0BD801D
:10CDA000BB68002B02D0FB88002B01D10123B5E02A
:10CDB000FB680022C3F89020FB682222C3F88C2075
:10CDC000FB680022DA66F8F725F97861FB68FA88D3
:10CDD000A3F85C20FB68FA88A3F85E20FB689B68D8
:10CDE000B3F5805F0ED1FB681B69002B05D1FB6892
:10CDF00040F2FF12A3F860202DE0FB68FF22A3F8A9
:10CE0000602028E0FB689B68002B0DD1FB681B6944
:10CE1000002B04D1FB68FF22A3F860201BE0FB6815
:10CE20007F22A3F8602016E0FB689B68B3F1805F67
:10CE30000DD1FB681B69002B04D1FB687F22A3F88E
:10CE4000602008E0FB683F22A3F8602003E0FB6855
:10CE50000022A3F86020FB68B3F860307B82FB6897
:10CE60009B68B3F5805F08D1FB681B69002B04D178
:10CE70000023FB61BB68BB6103E0BB68FB6100236F
:10CE8000BB613EE03B6800937B6900222021F8688B
:10CE900001F042FB0346002B05D0FB682022C3F8BB
:10CEA0008C2003233AE0FB69002B0CD1FB681B6844
:10CEB0005B6A9AB27B8A13409AB2BB691A80BB69DB
:10CEC0000233BB610CE0FB681B685B6ADAB27B8AE9
:10CED000DBB21340DAB2FB691A70FB690133FB6104
:10CEE000FB68D3F88C30222B09D1FB68B3F85E3095
:10CEF0009BB2013B9AB2FB68A3F85E2001E00123DC
:10CF00000CE0FB68B3F85E309BB2002BBAD1FB6833
:10CF10002022C3F88C20002300E00223184620378B
:10CF2000BD4680BD80B58AB000AFF860B9601346D9
:10CF3000FB80FB68D3F88C30202B37D1BB68002BEB
:10CF400002D0FB88002B01D1012330E0FB680022D6
:10CF5000DA66FB681B68184A93421FD0FB681B689F
:10CF60005B6803F40003002B18D0FB681B687B612F
:10CF70007B6953E8003F3B613B6943F080637B6220
:10CF8000FB681B681A467B6A3B62FA61F9693A6A78
:10CF900041E80023BB61BB69002BE6D1FB881A4640
:10CFA000B968F86801F026FB034600E00223184642
:10CFB0002837BD4680BD00BF000C005880B5BAB010
:10CFC00000AF78607B681B68DB69C7F8E4307B687A
:10CFD0001B681B68C7F8E0307B681B689B68C7F854
:10CFE000DC30D7F8E42040F60F031340C7F8D83000
:10CFF000D7F8D830002B1BD1D7F8E43003F020034A
:10D00000002B15D0D7F8E03003F02003002B05D11A
:10D01000D7F8DC3003F08053002B09D07B685B6FBE
:10D02000002B00F093837B685B6F786898478DE3F3
:10D03000D7F8D830002B00F02381D7F8DC208D4BB7
:10D040001340002B06D1D7F8E0208B4B1340002B68
:10D0500000F01681D7F8E43003F00103002B11D063
:10D06000D7F8E03003F48073002B0BD07B681B688B
:10D0700001221A627B68D3F8903043F001027B688A
:10D08000C3F89020D7F8E43003F00203002B11D04E
:10D09000D7F8DC3003F00103002B0BD07B681B6852
:10D0A00002221A627B68D3F8903043F004027B6856
:10D0B000C3F89020D7F8E43003F00403002B11D01C
:10D0C000D7F8DC3003F00103002B0BD07B681B6822
:10D0D00004221A627B68D3F8903043F002027B6826
:10D0E000C3F89020D7F8E43003F00803002B17D0E2
:10D0F000D7F8E03003F02003002B05D1D7F8DC206F
:10D100005C4B1340002B0BD07B681B6808221A6213
:10D110007B68D3F8903043F008027B68C3F8902016
:10D12000D7F8E43003F40063002B12D0D7F8E030D6
:10D1300003F08063002B0CD07B681B684FF4006207
:10D140001A627B68D3F8903043F020027B68C3F802
:10D1500090207B68D3F89030002B00F0F982D7F84C
:10D16000E43003F02003002B13D0D7F8E03003F0B5
:10D170002003002B05D1D7F8DC3003F08053002BBF
:10D1800007D07B685B6F002B03D07B685B6F786890
:10D1900098477B68D3F89030C7F8D4307B681B6819
:10D1A0009B6803F04003402B05D0D7F8D43003F040
:10D1B0002803002B54D0786801F03EFB7B681B6885
:10D1C0009B6803F04003402B46D17B681B68083303
:10D1D000C7F89C30D7F89C3053E8003FC7F8983028
:10D1E000D7F8983023F04003C7F8D0307B681B682D
:10D1F0000833D7F8D020C7F8A820C7F8A430D7F84C
:10D20000A410D7F8A82041E80023C7F8A030D7F829
:10D21000A030002BD9D17B68D3F88030002B17D0F9
:10D220007B68D3F88030154A1A657B68D3F8803064
:10D230001846F8F7E5FB0346002B19D07B68D3F8B6
:10D2400080301B6D7A68D2F88020104698470FE036
:10D250007868F5F758F90BE07868F5F754F907E0C6
:10D260007868F5F750F97B680022C3F890206FE2E8
:10D2700000BF6DE2010000102001000405E9000874
:10D280007B68DB6E012B40F00382D7F8E43003F0BB
:10D290001003002B00F0FC81D7F8E03003F01003FE
:10D2A000002B00F0F5817B681B6810221A627B68F6
:10D2B0001B689B6803F04003402B40F06D817B6846
:10D2C000D3F880301B68A44A934268D07B68D3F8B7
:10D2D00080301B68A14A934261D07B68D3F88030CC
:10D2E0001B689F4A93425AD07B68D3F880301B68F2
:10D2F0009C4A934253D07B68D3F880301B689A4A8B
:10D3000093424CD07B68D3F880301B68974A934295
:10D3100045D07B68D3F880301B68954A93423ED055
:10D320007B68D3F880301B68924A934237D07B6881
:10D33000D3F880301B68904A934230D07B68D3F892
:10D3400080301B688D4A934229D07B68D3F88030A7
:10D350001B688B4A934222D07B68D3F880301B68CD
:10D36000884A93421BD07B68D3F880301B68864A7A
:10D37000934214D07B68D3F880301B68834A934271
:10D380000DD07B68D3F880301B68814A934206D069
:10D390007B68D3F880301B687E4A934206D17B6855
:10D3A000D3F880301B685B689BB205E07B68D3F8DC
:10D3B00080301B685B689BB2A7F8BE30B7F8BE3000
:10D3C000002B00F0AD807B68B3F85C30B7F8BE206E
:10D3D0009A4280F0A5807B68B7F8BE20A3F85E2053
:10D3E0007B68D3F88030DB69B3F5807F00F08780FD
:10D3F0007B681B68C7F88830D7F8883053E8003F4F
:10D40000C7F88430D7F8843023F48073C7F8B83075
:10D410007B681B681A46D7F8B830C7F89430C7F84D
:10D420009020D7F89010D7F8942041E80023C7F84F
:10D430008C30D7F88C30002BDAD17B681B6808332E
:10D440007B677B6F53E8003F3B673B6F23F0010333
:10D45000C7F8B4307B681B680833D7F8B420C7F826
:10D460008020FB67F96FD7F8802041E80023BB6775
:10D47000BB6F002BE1D17B681B6808333B663B6EBA
:10D4800053E8003FFB65FB6D23F04003C7F8B03065
:10D490007B681B680833D7F8B020FA66BB66B96EA4
:10D4A000FA6E41E800237B667B6E002BE3D17B683C
:10D4B0002022C3F88C207B680022DA667B681B6818
:10D4C000FB64FB6C53E8003FBB64BB6C23F01003B0
:10D4D000C7F8AC307B681B681A46D7F8AC30BB6520
:10D4E0007A65796DBA6D41E800233B653B6D002B91
:10D4F000E4D17B68D3F880301846F7F763FF7B6888
:10D5000002221A677B68B3F85C207B68B3F85E3050
:10D510009BB2D31A9BB21946786800F02FF919E133
:10D520007B68B3F85C30B7F8BE209A4240F01281B5
:10D530007B68D3F88030DB69B3F5807F40F00A81E7
:10D540007B6802221A677B68B3F85C3019467868FA
:10D5500000F014F9FEE000BF100002402800024075
:10D560004000024058000240700002408800024023
:10D57000A0000240B800024010040240280402400B
:10D5800040040240580402407004024088040240F3
:10D59000A0040240B80402407B68B3F85C207B68BA
:10D5A000B3F85E309BB2D31AA7F8CE307B68B3F8DD
:10D5B0005E309BB2002B00F0CF80B7F8CE30002B4E
:10D5C00000F0CA807B681B68BB63BB6B53E8003FFD
:10D5D0007B637B6B23F49073C7F8C8307B681B6850
:10D5E0001A46D7F8C8307B643A64396C7A6C41E8E3
:10D5F0000023FB63FB6B002BE4D17B681B680833C3
:10D600007B627B6A53E8003F3B623A6A554B1340AA
:10D61000C7F8C4307B681B680833D7F8C4203A6366
:10D62000FB62F96A3A6B41E80023BB62BB6A002BDC
:10D63000E3D17B682022C3F88C207B680022DA6665
:10D640007B6800225A677B681B683B613B6953E833
:10D65000003FFB60FB6823F01003C7F8C0307B6815
:10D660001B681A46D7F8C030FB61BA61B969FA691C
:10D6700041E800237B617B69002BE4D17B680222B7
:10D680001A67B7F8CE301946786800F077F863E08B
:10D69000D7F8E43003F48013002B0ED0D7F8DC3039
:10D6A00003F48003002B08D07B681B684FF48012C2
:10D6B0001A62786801F080FE51E0D7F8E43003F098
:10D6C0008003002B14D0D7F8E03003F08003002B48
:10D6D00005D1D7F8DC3003F40003002B08D07B68B9
:10D6E0009B6F002B3AD07B689B6F7868984735E03A
:10D6F000D7F8E43003F04003002B09D0D7F8E0302E
:10D7000003F04003002B03D0786801F009F926E00C
:10D71000D7F8E43003F40003002B09D0D7F8E03049
:10D7200003F08043002B03D0786801F059FE16E027
:10D73000D7F8E43003F08073002B10D0D7F8E03036
:10D74000002B0CDA786801F041FE08E000BF06E02B
:10D7500000BF04E000BF02E000BF00E000BFE83708
:10D76000BD4680BDFEFFFFEF80B483B000AF7860A0
:10D7700000BF0C37BD465DF8047B704780B483B0B2
:10D7800000AF78600B467B8000BF0C37BD465DF86C
:10D79000047B704780B483B000AF78607B68D3F8B7
:10D7A000903018460C37BD465DF8047B704700008A
:10D7B0002DE9B04F92B000AF7861002387F8423076
:10D7C0007B699A687B691B691A437B695B691A43A9
:10D7D0007B69DB6913437B647B691B681A68BE4BFA
:10D7E00013407A691268796C0B4313607B691B687C
:10D7F0005B6823F440517B69DA687B691B680A43E4
:10D800005A607B699B697B647B691B68B34A93425E
:10D8100004D07B691B6A7A6C13437B647B691B6849
:10D820009A68AF4B13407A691268796C0B43936026
:10D830007B691B68DB6A23F00F017B695A6A7B698D
:10D840001B680A43DA627B691B68A64A934277D158
:10D85000A54B5B6D03F03803282B6DD801A252F85D
:10D8600023F000BF09D9000839D9000839D90008C8
:10D8700039D9000839D9000839D9000839D9000840
:10D8800039D9000811D9000839D9000839D9000858
:10D8900039D9000839D9000839D9000839D9000820
:10D8A00039D9000819D9000839D9000839D9000830
:10D8B00039D9000839D9000839D9000839D9000800
:10D8C00039D9000821D9000839D9000839D9000808
:10D8D00039D9000839D9000839D9000839D90008E0
:10D8E00039D9000829D9000839D9000839D90008E0
:10D8F00039D9000839D9000839D9000839D90008C0
:10D9000039D9000831D90008012387F8433022E2D1
:10D91000042387F843301EE2082387F843301AE2D5
:10D92000102387F8433016E2202387F8433012E2B1
:10D93000402387F843300EE2802387F843300AE221
:10D940007B691B68694A934230D1674B5B6D03F07A
:10D950000703052B26D801A252F823F075D9000839
:10D960007DD9000885D900088DD9000895D900080F
:10D970009DD90008002387F84330ECE1042387F8A1
:10D980004330E8E1082387F84330E4E1102387F8C7
:10D990004330E0E1202387F84330DCE1402387F87F
:10D9A0004330D8E1802387F84330D4E17B691B689A
:10D9B0004F4A934230D14C4B5B6D03F00703052B6C
:10D9C00026D801A252F823F0E1D90008E9D90008CD
:10D9D000F1D90008F9D9000801DA000809DA0008CD
:10D9E000002387F84330B6E1042387F84330B2E1DF
:10D9F000082387F84330AEE1102387F84330AAE1CB
:10DA0000202387F84330A6E1402387F84330A2E182
:10DA1000802387F843309EE17B691B68354A934237
:10DA200030D1314B5B6D03F00703052B26D801A2E3
:10DA300052F823F04DDA000855DA00085DDA0008E4
:10DA400065DA00086DDA000875DA0008002387F847
:10DA5000433080E1042387F843307CE1082387F8D2
:10DA6000433078E1102387F8433074E1202387F8AE
:10DA7000433070E1402387F843306CE1802387F81E
:10DA8000433068E17B691B681B4A934242D1164BC5
:10DA90005B6D03F00703052B38D801A252F823F081
:10DAA000B9DA0008C1DA0008C9DA0008D1DA0008DA
:10DAB000FDDA000805DB0008002387F843304AE15F
:10DAC000042387F8433046E1082387F8433042E1D6
:10DAD000102387F843303EE1F369FFCF000C005874
:10DAE000FFF4FF11001001400044025800440040C0
:10DAF00000480040004C004000500040202387F8C0
:10DB0000433028E1402387F8433024E1802387F81D
:10DB1000433020E17B691B68CB4A934276D1CB4BE3
:10DB20005B6D03F03803282B6CD801A252F823F068
:10DB3000D5DB000805DC000805DC000805DC000872
:10DB400005DC000805DC000805DC000805DC000831
:10DB5000DDDB000805DC000805DC000805DC00084A
:10DB600005DC000805DC000805DC000805DC000811
:10DB7000E5DB000805DC000805DC000805DC000822
:10DB800005DC000805DC000805DC000805DC0008F1
:10DB9000EDDB000805DC000805DC000805DC0008FA
:10DBA00005DC000805DC000805DC000805DC0008D1
:10DBB000F5DB000805DC000805DC000805DC0008D2
:10DBC00005DC000805DC000805DC000805DC0008B1
:10DBD000FDDB0008012387F84330BCE0042387F80D
:10DBE0004330B8E0082387F84330B4E0102387F8C7
:10DBF0004330B0E0202387F84330ACE0402387F87F
:10DC00004330A8E0802387F84330A4E07B691B6899
:10DC10008F4A934230D18D4B5B6D03F00703052B88
:10DC200026D801A252F823F041DC000849DC0008A4
:10DC300051DC000859DC000861DC000869DC0008E0
:10DC4000002387F8433086E0042387F8433082E0DE
:10DC5000082387F843307EE0102387F843307AE0CA
:10DC6000202387F8433076E0402387F8433072E082
:10DC7000802387F843306EE07B691B68754A9342C6
:10DC800030D1724B5B6D03F00703052B26D801A240
:10DC900052F823F0ADDC0008B5DC0008BDDC00085C
:10DCA000C5DC0008CDDC0008D5DC0008002387F8BF
:10DCB000433050E0042387F843304CE0082387F8D2
:10DCC000433048E0102387F8433044E0202387F8AE
:10DCD000433040E0402387F843303CE0802387F81E
:10DCE000433038E07B691B685B4A934230D1574B25
:10DCF0009B6D03F00703052B26D801A252F823F0F1
:10DD000019DD000821DD000829DD000831DD0008EB
:10DD100039DD000841DD0008022387F843301AE0AE
:10DD2000042387F8433016E0082387F8433012E0D5
:10DD3000102387F843300EE0202387F843300AE0B1
:10DD4000402387F8433006E0802387F8433002E021
:10DD5000802387F843307B691B683F4A934240F039
:10DD6000F88097F84330202B46DC022BC0F28280EB
:10DD7000023B1E2B7ED801A252F823F0FFDD0008E3
:10DD800075DE000807DE000875DE000875DE000895
:10DD900075DE000817DE000875DE000875DE000875
:10DDA00075DE000875DE000875DE000875DE000807
:10DDB00075DE000827DE000875DE000875DE000845
:10DDC00075DE000875DE000875DE000875DE0008E7
:10DDD00075DE000875DE000875DE000875DE0008D7
:10DDE00075DE000875DE000875DE000875DE0008C7
:10DDF00075DE000867DE0008402B37D03AE0FDF7FB
:10DE000045FDF8633CE007F124031846FDF754FD97
:10DE1000BB6AFB6334E007F118031846FDF7A0FE68
:10DE2000FB69FB632CE0094B1B6803F02003002B0C
:10DE300016D0064B1B68DB0803F00303074A22FADF
:10DE400003F3FB631CE000BF0014014000440258D0
:10DE500000780040007C0040000C00580090D00387
:10DE60009D4BFB630CE09D4BFB6309E04FF40043CB
:10DE7000FB6305E00023FB63012387F8423000BF0A
:10DE8000FB6B002B00F0DE817B695B6A944A32F801
:10DE900013301A46FB6BB3FBF2F33B637B695A68A2
:10DEA00013465B0013443A6B9A4205D37B695B6867
:10DEB0001B033A6B9A4203D9012387F84230C1E130
:10DEC000FB6B0022BB60FA607B695B6A844A32F8B4
:10DED00013309BB200223B607A60D7E90023D7E978
:10DEE0000201F2F765FA02460B46104619464FF05A
:10DEF00000024FF000030B0243EA1063020279694B
:10DF00004968490800200C46054612EB040843EB1B
:10DF100005097B695B6800229A46934652465B4638
:10DF200040464946F2F744FA02460B461346BB63A5
:10DF3000BB6BB3F5407F08D3BB6BB3F5801F04D236
:10DF40007B691B68BA6BDA607CE1012387F8423099
:10DF500078E17B69DB69B3F5004F40F0C58097F845
:10DF60004330202B48DC002B7BDB202B79D801A20F
:10DF700052F823F0FFDF000807E0000863E0000824
:10DF800063E000080FE0000863E0000863E00008B9
:10DF900063E000081FE0000863E0000863E0000899
:10DFA00063E0000863E0000863E0000863E0000845
:10DFB00063E000082FE0000863E0000863E0000869
:10DFC00063E0000863E0000863E0000863E0000825
:10DFD00063E0000863E0000863E0000863E0000815
:10DFE00063E0000863E0000863E0000863E0000805
:10DFF00063E0000855E00008402B2ED031E0FCF72C
:10E000000FFAF86333E0FCF721FAF8632FE007F129
:10E0100024031846FDF750FCBB6AFB6327E007F1B9
:10E0200018031846FDF79CFDFB69FB631FE02D4BB1
:10E030001B6803F02003002B09D02A4B1B68DB0868
:10E0400003F00303244A22FA03F3FB630FE0224B9D
:10E05000FB630CE0214BFB6309E04FF40043FB63DF
:10E0600005E00023FB63012387F8423000BFFB6B10
:10E07000002B00F0E7807B695B6A194A32F81330A5
:10E080001A46FB6BB3FBF2F35A007B695B685B08D3
:10E090001A447B695B68B2FBF3F3BB63BB6B0F2B6A
:10E0A00016D9BB6BB3F5803F12D2BB6B9BB223F08A
:10E0B0000F03FB86BB6B5B089BB203F007039AB2AE
:10E0C000FB8E1343FB867B691B68FA8EDA60B9E02E
:10E0D000012387F84230B5E00090D00300093D00ED
:10E0E00050A102080044025897F84330202B49DC25
:10E0F000002B7CDB202B7AD801A252F823F000BF42
:10E100008BE1000893E10008EFE10008EFE100086F
:10E110009BE10008EFE10008EFE10008EFE10008F3
:10E12000ABE10008EFE10008EFE10008EFE10008D3
:10E13000EFE10008EFE10008EFE10008EFE100087F
:10E14000BBE10008EFE10008EFE10008EFE10008A3
:10E15000EFE10008EFE10008EFE10008EFE100085F
:10E16000EFE10008EFE10008EFE10008EFE100084F
:10E17000EFE10008EFE10008EFE10008EFE100083F
:10E18000E1E10008402B2ED031E0FCF749F9F863BB
:10E1900033E0FCF75BF9F8632FE007F1240318463E
:10E1A000FDF78AFBBB6AFB6327E007F118031846FB
:10E1B000FDF7D6FCFB69FB631FE02D4B1B6803F0EA
:10E1C0002003002B09D02A4B1B68DB0803F0030354
:10E1D000284A22FA03F3FB630FE0264BFB630CE0B3
:10E1E000254BFB6309E04FF40043FB6305E000238C
:10E1F000FB63012387F8423000BFFB6B002B21D06B
:10E200007B695B6A1D4A32F813301A46FB6BB3FB1D
:10E21000F2F27B695B685B081A447B695B68B2FB5E
:10E22000F3F3BB63BB6B0F2B09D9BB6BB3F5803F1B
:10E2300005D2BB6B9AB27B691B68DA6002E00123EE
:10E2400087F842307B690122A3F86A207B690122AA
:10E25000A3F868207B6900225A677B6900229A67CD
:10E2600097F8423018464837BD46BDE8B08F00BF2A
:10E27000004402580090D00300093D0050A102085C
:10E2800080B483B000AF78607B689B6A03F00803BA
:10E29000002B0AD07B681B685B6823F400417B6815
:10E2A0009A6B7B681B680A435A607B689B6A03F021
:10E2B0000103002B0AD07B681B685B6823F40031E4
:10E2C0007B68DA6A7B681B680A435A607B689B6AD2
:10E2D00003F00203002B0AD07B681B685B6823F401
:10E2E00080317B681A6B7B681B680A435A607B68C5
:10E2F0009B6A03F00403002B0AD07B681B685B68F1
:10E3000023F480217B685A6B7B681B680A435A6040
:10E310007B689B6A03F01003002B0AD07B681B68A4
:10E320009B6823F480517B68DA6B7B681B680A4327
:10E330009A607B689B6A03F02003002B0AD07B68FD
:10E340001B689B6823F400517B681A6C7B681B6810
:10E350000A439A607B689B6A03F04003002B1AD043
:10E360007B681B685B6823F480117B685A6C7B6850
:10E370001B680A435A607B685B6CB3F5801F0AD147
:10E380007B681B685B6823F4C0017B689A6C7B68C0
:10E390001B680A435A607B689B6A03F08003002B6A
:10E3A0000AD07B681B685B6823F400217B68DA6C09
:10E3B0007B681B680A435A6000BF0C37BD465DF896
:10E3C000047B704780B598B002AF78607B6800220C
:10E3D000C3F89020F6F71EFE78657B681B681B6803
:10E3E00003F00803082B2FD16FF07E4300937B6D61
:10E3F00000224FF40011786800F08EF80346002BDD
:10E4000022D07B681B68BB63BB6B53E8003F7B6318
:10E410007B6B23F080033B657B681B681A463B6D72
:10E420007B643A64396C7A6C41E80023FB63FB6BD4
:10E43000002BE6D17B682022C3F888207B6800226D
:10E4400083F88420032363E07B681B681B6803F068
:10E450000403042B49D16FF07E4300937B6D0022AF
:10E460004FF48001786800F057F80346002B3CD049
:10E470007B681B687B627B6A53E8003F3B623B6AB8
:10E4800023F49073FB647B681B681A46FB6C3B6348
:10E49000FA62F96A3A6B41E80023BB62BB6A002B5F
:10E4A000E6D17B681B6808333B613B6953E8003F5A
:10E4B000FB60FB6823F00103BB647B681B680833C7
:10E4C000BA6CFA61BB61B969FA6941E800237B6102
:10E4D0007B69002BE5D17B682022C3F88C207B6808
:10E4E000002283F88420032312E07B682022C3F8F3
:10E4F00088207B682022C3F88C207B680022DA66A3
:10E500007B6800221A677B68002283F8842000233E
:10E5100018465837BD4680BD80B584B000AFF8605E
:10E52000B9603B601346FB714FE0BB69B3F1FF3F3D
:10E530004BD0F6F76FFD02463B68D31ABA699A4290
:10E5400002D3BB69002B01D103234EE0FB681B689B
:10E550001B6803F00403002B37D0BB68802B34D03A
:10E56000BB68402B31D0FB681B68DB6903F00803F4
:10E57000082B10D1FB681B6808221A62F86800F0AB
:10E580005BF9FB680822C3F89020FB68002283F83F
:10E590008420012329E0FB681B68DB6903F4006326
:10E5A000B3F5006F11D1FB681B684FF400621A626B
:10E5B000F86800F041F9FB682022C3F89020FB685E
:10E5C000002283F8842003230FE0FB681B68DA69CC
:10E5D000BB681340BA689A420CBF01230023DBB228
:10E5E0001A46FB799A42A0D0002318461037BD4640
:10E5F00080BD000080B4A3B000AFF860B9601346DE
:10E60000FB80FB68BA689A65FB68FA88A3F85C200F
:10E61000FB68FA88A3F85E20FB6800225A67FB6853
:10E620009B68B3F5805F0ED1FB681B69002B05D199
:10E63000FB6840F2FF12A3F860202DE0FB68FF2288
:10E64000A3F8602028E0FB689B68002B0DD1FB68D5
:10E650001B69002B04D1FB68FF22A3F860201BE09C
:10E66000FB687F22A3F8602016E0FB689B68B3F18B
:10E67000805F0DD1FB681B69002B04D1FB687F22F2
:10E68000A3F8602008E0FB683F22A3F8602003E0C5
:10E69000FB680022A3F86020FB680022C3F89020EA
:10E6A000FB682222C3F88C20FB681B6808337B665A
:10E6B0007B6E53E8003F3B663B6E43F00103C7F8B7
:10E6C0008430FB681B680833D7F884203A67FB6600
:10E6D000F96E3A6F41E80023BB66BB6E002BE3D1B5
:10E6E000FB685B6EB3F1005F4FD1FB68B3F8683035
:10E6F000FA889A4249D3FB689B68B3F5805F07D1DB
:10E70000FB681B69002B03D1FB68474A5A6702E08C
:10E71000FB68464A5A67FB681B69002B1AD0FB68E6
:10E720001B683B653B6D53E8003FFB64FB6C43F4A7
:10E730008073C7F88030FB681B681A46D7F88030B2
:10E74000FB65BA65B96DFA6D41E800237B657B6DA9
:10E75000002BE4D1FB681B680833FB63FB6B53E8B9
:10E76000003FBB63BB6B43F08053FB67FB681B68D8
:10E770000833FA6FBA647B64796CBA6C41E80023A1
:10E780003B643B6C002BE5D146E0FB689B68B3F52E
:10E79000805F07D1FB681B69002B03D1FB68244A0B
:10E7A0005A6702E0FB68234A5A67FB681B69002B23
:10E7B00019D0FB681B68BB62BB6A53E8003F7B62F1
:10E7C0007B6A43F490737B67FB681B681A467B6F18
:10E7D0007B633A63396B7A6B41E80023FB62FB6A27
:10E7E000002BE6D118E0FB681B687B617B6953E86E
:10E7F000003F3B613B6943F02003BB67FB681B683C
:10E800001A46BB6F3B62FA61F9693A6A41E8002334
:10E81000BB61BB69002BE6D1002318468C37BD468F
:10E820005DF8047B704700BF4DF00008E9EC00087C
:10E8300031EB000879E9000880B495B000AF78604A
:10E840007B681B687B637B6B53E8003F3B633B6BE0
:10E8500023F49073FB647B681B681A46FB6C3B6473
:10E86000FA63F96B3A6C41E80023BB63BB6B002B86
:10E87000E6D17B681B6808333B623B6A53E8003F84
:10E88000FB61FA691E4B1340BB647B681B6808334D
:10E89000BA6CFA62BB62B96AFA6A41E800237B6229
:10E8A0007B6A002BE5D17B68DB6E012B18D17B687E
:10E8B0001B68FB60FB6853E8003FBB60BB6823F04C
:10E8C00010037B647B681B681A467B6CBB617A61B2
:10E8D0007969BA6941E800233B613B69002BE6D1C5
:10E8E0007B682022C3F88C207B680022DA667B6874
:10E8F00000225A6700BF5437BD465DF8047B70475D
:10E90000FEFFFFEF80B584B000AF78607B689B6B43
:10E91000FB60F868F3F7F7FD00BF1037BD4680BD18
:10E9200080B588B000AF78607B681B68FB60FB68CF
:10E9300053E8003FBB60BB6823F04003FB617B688A
:10E940001B681A46FB69BB617A617969BA6941E85B
:10E9500000233B613B69002BE6D17B682022C3F892
:10E9600088207B6800229A677868FEF7FDFE00BF6A
:10E970002037BD4680BD000080B59CB000AF7860F8
:10E980007B68B3F86030A7F86E307B68D3F88C30C2
:10E99000222B40F0BE807B681B685B6AA7F86C3056
:10E9A000B7F86C30D9B2B7F86E30DAB27B689B6DCD
:10E9B0000A40D2B21A707B689B6D5A1C7B689A65BC
:10E9C0007B68B3F85E309BB2013B9AB27B68A3F8D8
:10E9D0005E207B68B3F85E309BB2002B40F0A180D4
:10E9E0007B681B68FB64FB6C53E8003FBB64BB6C3B
:10E9F00023F49073BB667B681B681A46BB6EBB65CD
:10EA00007A65796DBA6D41E800233B653B6D002B5B
:10EA1000E6D17B681B680833BB63BB6B53E8003FE0
:10EA20007B637B6B23F001037B667B681B68083389
:10EA30007A6E7A643B64396C7A6C41E80023FB633C
:10EA4000FB6B002BE5D17B682022C3F88C207B6810
:10EA500000225A677B6800221A677B681B68334A6A
:10EA600093421FD07B681B685B6803F40003002B94
:10EA700018D07B681B687B627B6A53E8003F3B626F
:10EA80003B6A23F080633B667B681B681A463B6EDB
:10EA90003B63FA62F96A3A6B41E80023BB62BB6AE6
:10EAA000002BE6D17B68DB6E012B2ED17B68002228
:10EAB000DA667B681B683B613B6953E8003FFB609B
:10EAC000FB6823F01003FB657B681B681A46FB6D2F
:10EAD000FB61BA61B969FA6941E800237B617B692E
:10EAE000002BE6D17B681B68DB6903F01003102B59
:10EAF00003D17B681B6810221A627B68B3F85C3014
:10EB000019467868FEF73AFE0BE07868F3F7F0FCF8
:10EB100007E07B681B689A697B681B6842F0080203
:10EB20009A6100BF7037BD4680BD00BF000C005821
:10EB300080B59CB000AF78607B68B3F86030A7F810
:10EB40006E307B68D3F88C30222B40F0BE807B681F
:10EB50001B685B6AA7F86C307B689B6DBB66B7F877
:10EB60006C20B7F86E3013409AB2BB6E1A807B6887
:10EB70009B6D9A1C7B689A657B68B3F85E309BB28C
:10EB8000013B9AB27B68A3F85E207B68B3F85E30E5
:10EB90009BB2002B40F0A1807B681B68BB64BB6C00
:10EBA00053E8003F7B647B6C23F490737B667B6847
:10EBB0001B681A467B6E7B653A65396D7A6D41E854
:10EBC0000023FB64FB6C002BE6D17B681B680833D9
:10EBD0007B637B6B53E8003F3B633B6B23F001039C
:10EBE0003B667B681B6808333A6E3A64FB63F96BDB
:10EBF0003A6C41E80023BB63BB6B002BE5D17B681B
:10EC00002022C3F88C207B6800225A677B68002290
:10EC10001A677B681B68334A93421FD07B681B6866
:10EC20005B6803F40003002B18D07B681B683B6211
:10EC30003B6A53E8003FFB61FB6923F08063FB659F
:10EC40007B681B681A46FB6DFB62BA62B96AFA6A96
:10EC500041E800237B627B6A002BE6D17B68DB6E98
:10EC6000012B2ED17B680022DA667B681B68FB6073
:10EC7000FB6853E8003FBB60BB6823F01003BB6533
:10EC80007B681B681A46BB6DBB617A617969BA699A
:10EC900041E800233B613B69002BE6D17B681B68A0
:10ECA000DB6903F01003102B03D17B681B68102273
:10ECB0001A627B68B3F85C3019467868FEF75EFD2F
:10ECC0000BE07868F3F714FC07E07B681B689A692F
:10ECD0007B681B6842F008029A6100BF7037BD462E
:10ECE00080BD00BF000C005880B5ACB000AF7860AC
:10ECF0007B68B3F86030A7F8AA307B681B68DB69D3
:10ED0000C7F8AC307B681B681B68C7F8A4307B6809
:10ED10001B689B68C7F8A0307B68D3F88C30222B27
:10ED200040F081817B68B3F86830A7F89E3024E119
:10ED30007B681B685B6AA7F89C30B7F89C30D9B237
:10ED4000B7F8AA30DAB27B689B6D0A40D2B21A706B
:10ED50007B689B6D5A1C7B689A657B68B3F85E3054
:10ED60009BB2013B9AB27B68A3F85E207B681B686C
:10ED7000DB69C7F8AC30D7F8AC3003F00703002BE1
:10ED800053D0D7F8AC3003F00103002B11D0D7F8E3
:10ED9000A43003F48073002B0BD07B681B68012226
:10EDA0001A627B68D3F8903043F001027B68C3F8A5
:10EDB0009020D7F8AC3003F00203002B11D0D7F825
:10EDC000A03003F00103002B0BD07B681B680222EC
:10EDD0001A627B68D3F8903043F004027B68C3F872
:10EDE0009020D7F8AC3003F00403002B11D0D7F8F3
:10EDF000A03003F00103002B0BD07B681B680422BA
:10EE00001A627B68D3F8903043F002027B68C3F843
:10EE100090207B68D3F89030002B06D07868F3F709
:10EE200072FB7B680022C3F890207B68B3F85E30E9
:10EE30009BB2002B40F0A1807B681B683B673B6F57
:10EE400053E8003FFB66FB6E23F48073C7F89830ED
:10EE50007B681B681A46D7F89830FB67BA67B96FAA
:10EE6000FA6F41E800237B677B6F002BE4D17B685E
:10EE70001B680833FB65FB6D53E8003FBB65BA6D4B
:10EE80006F4B1340C7F894307B681B680833D7F882
:10EE90009420BA667B66796EBA6E41E800233B66C1
:10EEA0003B6E002BE3D17B682022C3F88C207B686B
:10EEB00000225A677B6800221A677B681B68614AD8
:10EEC000934221D07B681B685B6803F40003002B2E
:10EED0001AD07B681B68BB64BB6C53E8003F7B6443
:10EEE0007B6C23F08063C7F890307B681B681A4600
:10EEF000D7F890307B653A65396D7A6D41E800232B
:10EF0000FB64FB6C002BE4D17B68DB6E012B30D102
:10EF10007B680022DA667B681B687B637B6B53E847
:10EF2000003F3B633B6B23F01003C7F88C307B68DA
:10EF30001B681A46D7F88C303B64FA63F96B3A6C5D
:10EF400041E80023BB63BB6B002BE4D17B681B68EB
:10EF5000DB6903F01003102B03D17B681B681022C0
:10EF60001A627B68B3F85C3019467868FEF706FCD5
:10EF70000EE07868F3F7BCFA0AE0B7F89E30002B91
:10EF800006D0D7F8AC3003F02003002B7FF4D0AECE
:10EF90007B68B3F85E30A7F88A30B7F88A30002B68
:10EFA00049D07B68B3F86830B7F88A209A4242D2D9
:10EFB0007B681B6808333B623B6A53E8003FFB6198
:10EFC000FB6923F08053C7F884307B681B680833E3
:10EFD000D7F88420FA62BB62B96AFA6A41E8002372
:10EFE0007B627B6A002BE3D17B68174A5A677B6898
:10EFF0001B68FB60FB6853E8003FBB60BB6843F0E5
:10F000002003C7F880307B681B681A46D7F8803029
:10F01000BB617A617969BA6941E800233B613B6968
:10F02000002BE4D107E07B681B689A697B681B684A
:10F0300042F008029A6100BFB037BD4680BD00BFF4
:10F04000FEFFFFEF000C005879E9000880B5AEB074
:10F0500000AF78607B68B3F86030A7F8B2307B68A7
:10F060001B68DB69C7F8B4307B681B681B68C7F88E
:10F07000AC307B681B689B68C7F8A8307B68D3F806
:10F080008C30222B40F085817B68B3F86830A7F87C
:10F09000A63028E17B681B685B6AA7F8A4307B6810
:10F0A0009B6DC7F8A030B7F8A420B7F8B230134072
:10F0B0009AB2D7F8A0301A807B689B6D9A1C7B6847
:10F0C0009A657B68B3F85E309BB2013B9AB27B686D
:10F0D000A3F85E207B681B68DB69C7F8B430D7F8FB
:10F0E000B43003F00703002B53D0D7F8B43003F04B
:10F0F0000103002B11D0D7F8AC3003F48073002B40
:10F100000BD07B681B6801221A627B68D3F89030B1
:10F1100043F001027B68C3F89020D7F8B43003F0C5
:10F120000203002B11D0D7F8A83003F00103002B05
:10F130000BD07B681B6802221A627B68D3F8903080
:10F1400043F004027B68C3F89020D7F8B43003F092
:10F150000403002B11D0D7F8A83003F00103002BD3
:10F160000BD07B681B6804221A627B68D3F890304E
:10F1700043F002027B68C3F890207B68D3F890309C
:10F18000002B06D07868F3F7BEF97B680022C3F83D
:10F1900090207B68B3F85E309BB2002B40F0A380D8
:10F1A0007B681B687B677B6F53E8003F3B673B6F67
:10F1B00023F48073C7F89C307B681B681A46D7F825
:10F1C0009C30C7F88030FA67F96FD7F8802041E8A3
:10F1D0000023BB67BB6F002BE2D17B681B68083341
:10F1E0003B663B6E53E8003FFB65FA6D6F4B134087
:10F1F000C7F898307B681B680833D7F89820FA6600
:10F20000BB66B96EFA6E41E800237B667B6E002B0D
:10F21000E3D17B682022C3F88C207B6800225A67E8
:10F220007B6800221A677B681B68614A934221D081
:10F230007B681B685B6803F40003002B1AD07B68B3
:10F240001B68FB64FB6C53E8003FBB64BB6C23F0A2
:10F250008063C7F894307B681B681A46D7F89430EF
:10F26000BB657A65796DBA6D41E800233B653B6DFE
:10F27000002BE4D17B68DB6E012B30D17B68002250
:10F28000DA667B681B68BB63BB6B53E8003F7B633C
:10F290007B6B23F01003C7F890307B681B681A461D
:10F2A000D7F890307B643A64396C7A6C41E800237B
:10F2B000FB63FB6B002BE4D17B681B68DB6903F00D
:10F2C0001003102B03D17B681B6810221A627B6825
:10F2D000B3F85C3019467868FEF750FA0EE07868AB
:10F2E000F3F706F90AE0B7F8A630002B06D0D7F8F6
:10F2F000B43003F02003002B7FF4CCAE7B68B3F86E
:10F300005E30A7F88E30B7F88E30002B49D07B687E
:10F31000B3F86830B7F88E209A4242D27B681B68F7
:10F3200008337B627B6A53E8003F3B623B6A23F011
:10F330008053C7F888307B681B680833D7F888206B
:10F340003A63FB62F96A3A6B41E80023BB62BB6A2D
:10F35000002BE3D17B68174A5A677B681B683B61C7
:10F360003B6953E8003FFB60FB6843F02003C7F8AC
:10F3700084307B681B681A46D7F88430FB61BA6119
:10F38000B969FA6941E800237B617B69002BE4D10C
:10F3900007E07B681B689A697B681B6842F008027B
:10F3A0009A6100BFB837BD4680BD00BFFEFFFFEFCA
:10F3B000000C005831EB000880B483B000AF7860D7
:10F3C00000BF0C37BD465DF8047B704780B483B046
:10F3D00000AF786000BF0C37BD465DF8047B704716
:10F3E00080B483B000AF786000BF0C37BD465DF8D5
:10F3F000047B704780B485B000AF78607B6893F879
:10F400008430012B01D1022327E07B68012283F89D
:10F4100084207B682422C3F888207B681B681B68D3
:10F42000FB607B681B681A687B681B6822F001021E
:10F430001A60FB6823F00053FB607B6800225A6669
:10F440007B681B68FA681A607B682022C3F88820F2
:10F450007B68002283F88420002318461437BD46B9
:10F460005DF8047B704780B584B000AF7860396088
:10F470007B6893F88430012B01D102232DE07B6857
:10F48000012283F884207B682422C3F888207B68CB
:10F490001B681B68FB607B681B681A687B681B68BD
:10F4A00022F001021A607B681B689B6823F06041B0
:10F4B0007B681B683A680A439A60786800F050F8E5
:10F4C0007B681B68FA681A607B682022C3F8882072
:10F4D0007B68002283F88420002318461037BD463D
:10F4E00080BD80B584B000AF786039607B6893F8E8
:10F4F0008430012B01D102232DE07B68012283F8A7
:10F5000084207B682422C3F888207B681B681B68E2
:10F51000FB607B681B681A687B681B6822F001022D
:10F520001A607B681B689B6823F060617B681B68BE
:10F530003A680A439A60786800F012F87B681B68A2
:10F54000FA681A607B682022C3F888207B68002252
:10F5500083F88420002318461037BD4680BD000084
:10F5600080B485B000AF78607B685B6E002B08D1FB
:10F570007B680122A3F86A207B680122A3F8682037
:10F5800031E01023FB731023BB737B681B689B68FF
:10F590005B0EDBB203F007037B737B681B689B6821
:10F5A0005B0FDBB203F007033B73BB7B3A7B114974
:10F5B0008A5C02FB03F33A7B0F498A5C93FBF2F30C
:10F5C0009AB27B68A3F86A20FB7B7A7B09498A5C44
:10F5D00002FB03F37A7B08498A5C93FBF2F39AB24D
:10F5E0007B68A3F8682000BF1437BD465DF8047B34
:10F5F000704700BF68A1020870A1020880B584B0FE
:10F6000004AFA74BC0221A70A54BA8225A70A44B76
:10F6100001229A70A24B0A22DA70A24BC0221A7001
:10F62000A04BA8225A709F4B01229A709D4B012239
:10F63000DA709D4BFF221A709B4BFF225A709A4B37
:10F64000FF229A70984B0022DA70984B1A78944BEC
:10F650001A70964B5A78924B5A70944B9A78904BFA
:10F660009A70924BDA788E4BDA70904B1A7A8D4BF7
:10F670001A708E4B5A7A8B4B5A708C4B9A7A894BF4
:10F680009A708A4BDA7A874BDA70884B1A79864BF4
:10F690001A70864B5A79844B5A70844B9A79824BF4
:10F6A0009A70824BDA79804BDA700021002008F0E2
:10F6B00079FF7B4B1B781A06794B5B781B041A4346
:10F6C000774B9B781B021343754AD27813431A0673
:10F6D000734B1B781906724B5B781B041943704BF4
:10F6E0009B781B020B436E49C9780B431B0203F442
:10F6F0007F031A436A4B1B781906694B5B781B041E
:10F700001943674B9B781B020B436549C9780B4330
:10F710001B0A03F47F431A43614B1B781906604BA5
:10F720005B781B0419435E4B9B781B020B435C49BF
:10F73000C9780B431B0E13435D4A1360594B1B786A
:10F740001A06584B5B781B041A43564B9B781B02D6
:10F750001343544AD27813431A06524B1B781906A6
:10F76000504B5B781B0419434E4B9B781B020B4399
:10F770004C49C9780B431B0203F47F031A43494BDE
:10F780001B781906474B5B781B041943454B9B7844
:10F790001B020B434349C9780B431B0A03F47F4305
:10F7A0001A43404B1B7819063E4B5B781B041943E8
:10F7B0003C4B9B781B020B433A49C9780B431B0E09
:10F7C00013433C4A1360384B1B781A06364B5B7860
:10F7D0001B041A43344B9B781B021343324AD278E2
:10F7E00013431A06304B1B7819062F4B5B781B040A
:10F7F00019432D4B9B781B020B432B49C9780B43B4
:10F800001B0203F47F031A43274B1B781906264B70
:10F810005B781B041943244B9B781B020B43224942
:10F82000C9780B431B0A03F47F431A431E4B1B7812
:10F8300019061D4B5B781B0419431B4B9B781B025D
:10F840000B431949C9780B431B0E13431A4A136023
:10F850001A4B02931A4B019300230093164B154A3F
:10F860001349184809F006FD164809F0A3FE15488B
:10F8700009F0B0FE1449134809F076FF2422002154
:10F88000124814F056FC114B114A1A600F4B4FF4FA
:10F8900000625A610D4B10229A610C4A1AE000BFB7
:10F8A0002C1E0024301E0024341E002428030024B3
:10F8B000201E0024241E0024281E0024B5840108D4
:10F8C000E1FD0008EC1D0024EDF80008381E0024BE
:10F8D000A06602080349044800F078FE00BFBD4658
:10F8E00080BD00BFEC1D0024F901010880B483B085
:10F8F00000AF786000BF0C37BD465DF8047B7047F1
:10F9000080B582B000AF7860044B1B68184601F0E8
:10F91000EBF800BF0837BD4680BD00BF6C1E002459
:10F9200080B582B000AF7860044B1B68184601F0C8
:10F93000DBF800BF0837BD4680BD00BF701E002445
:10F9400080B582B000AF78607868F7F796FA034622
:10F9500003F08003802B04D1044B1B68184601F090
:10F96000C3F800BF0837BD4680BD00BF6C1E002431
:10F9700080B5AAB000AF7860002387F89F300023DD
:10F98000C7F8A0300023C7F8983007F110036422AD
:10F990000021184614F0CDFB844B854A1A600023E1
:10F9A0003B7280237B72E123BB720023FB72002336
:10F9B0003B7300237B737D4A07F1080353607B4B45
:10F9C00001221A72794B7B4ADA60784B7A4A1A61C3
:10F9D000764B4FF4C0625A617448F6F757FA034603
:10F9E00087F89F30754809F019FB7B68062283F879
:10F9F0002C206E4B5B681A787B6883F826206B4B53
:10FA00005B6801331A787B6883F82720674B5B6853
:10FA100002331A787B6883F82820644B5B680333D1
:10FA20001A787B6883F82920604B5B6804331A7866
:10FA30007B6883F82A205D4B5B6805331A787B6806
:10FA400083F82B207B6840F2DC529A847B6893F821
:10FA50002D3043F00A03DAB27B6883F82D200022B0
:10FA60000021012000F068FF0346554A1360002280
:10FA70000021012000F060FF0346524A136007F1A5
:10FA8000740324220021184614F053FB4E4B7B676D
:10FA90004FF40063C7F888301823C7F88C3007F19B
:10FAA00074031A467968494800F090FD484949486E
:10FAB000F5F723F94748F5F752F90346002B06D02E
:10FAC000786809F02FFE786809F0E2FD6BE097F89E
:10FAD0009F30002B65D13F48F5F78EF9C7F89800A5
:10FAE000D7F89830012B06DC786809F01BFE78689F
:10FAF00009F0CEFD57E0D7F89830023B032B2BD806
:10FB000001A252F823F000BF19FB00082BFB0008EC
:10FB10003BFB00084BFB00084FF40053C7F8A43030
:10FB20004FF48043C7F8A0301FE00023C7F8A4308B
:10FB30004FF48043C7F8A03017E04FF40053C7F8E4
:10FB4000A4300023C7F8A0300FE00023C7F8A4308A
:10FB50000023C7F8A03008E04FF40053C7F8A430E2
:10FB60004FF48043C7F8A03000BF07F110031946D7
:10FB70000E48F6F737FFD7F8A430BB62D7F8A030AD
:10FB80007B6207F1100319460848F7F7FFF80748AA
:10FB9000F6F77AFA786809F01DFD786809F09CFD9F
:10FBA00001E0F1F7D1F8A837BD4680BD741E0024EE
:10FBB00000800240800000300000003078A1020880
:10FBC0006C1E0024701E0024A86602088DFD00082B
:10FBD00014000024241F002480B5A0B000AF78607A
:10FBE00039600023FB670023BB67002387F8773069
:10FBF00007F1440330220021184614F09AFA07F165
:10FC0000440330220021184614F093FA07F10C0344
:10FC100038220021184614F08CFA2123FB604FF49F
:10FC200040333B620023FB613B68BB674DE0FB6FE9
:10FC3000032B02D96FF00B0385E0BB6F5968FA6F95
:10FC400013465B0013449B0080333B443C3B1960EC
:10FC5000BB6F5B891946FA6F13465B0013449B0028
:10FC600080333B44383B1960BB6F5A68BB6F5B897C
:10FC70001946104600F06CF9FB6F002B11D0FB6F9A
:10FC80005A1E07F14400F96F0B465B000B449B00C2
:10FC9000C11813465B0013449B0080333B44343B44
:10FCA0001960BB6F1B68002B09D1FA6F13465B000C
:10FCB00013449B0080333B44343B00221A60FB6FAB
:10FCC0000133FB67BB6F1B68BB67BB6F002BAED1FB
:10FCD0003B681B893B6107F144037B613B683B64E4
:10FCE00038680AF00FFA07F10C0319461848F6F7BE
:10FCF000B7FA0346002B03D1002387F877301BE0C7
:10FD00001348F7F7ADF8034603F00203002B0DD0BC
:10FD1000104B1B684FF4FA61184600F095FE0C4832
:10FD2000F6F742FCFE2387F8773005E038680AF0E2
:10FD300043F9F42387F8773097F9773013F1020FFE
:10FD4000D1D097F9773018468037BD4680BD00BFC7
:10FD5000741E0024701E002480B584B000AF78604B
:10FD60000023FB60074B1B78002B05D107F10C0328
:10FD700019460548F6F7C5FAFB6818461037BD4620
:10FD800080BD00BF601E0024741E002480B584B0B6
:10FD900000AF78600023FB607B68BB600F4B1B6883
:10FDA0004FF0FF31184600F04FFE0346002BF5D10F
:10FDB000B868FFF7D1FFF860FB68002B0AD0BB687A
:10FDC0001B69B968F86898470346002B02D0F868A9
:10FDD0000AF0F2F8FB68002BEAD1DFE76C1E002482
:10FDE00080B582B000AF78607B68002B06D10E4BE7
:10FDF00040F21A220D490E4814F0B8F87B687322BD
:10FE000083F82E207B68742283F82F207B68094AB0
:10FE10005A617B68084A9A617868FFF7A9FD002358
:10FE200018460837BD4680BDB0660208CC66020899
:10FE3000DC660208711A0208D9FB000880B584B09C
:10FE400000AF78607B68FB60F968094809F0CAF97F
:10FE5000084B1B78012B07D1064B00221A70064B6A
:10FE60001B68184600F040FE00BF1037BD4680BD3D
:10FE700078A10208601E00246C1E002480B485B0A6
:10FE800000AF78607B68FB60FB680A4A93420AD93E
:10FE9000FB68094A934206D2FB6803F01F03002B5C
:10FEA00001D1012300E0002318461437BD465DF858
:10FEB000047B7047FF0000300080003080B48BB0BE
:10FEC00000AF78600B467B807B687B627B6A23F0A7
:10FED0001F033B627A887B6A13441F3323F01F029F
:10FEE0003B6AD31AFB61194B5B6903F48033002B27
:10FEF00025D03A6AFB69BA617B617B69002B1DDD05
:10FF0000BB6903F01F027B6913443B61BB69FB6063
:10FF1000BFF34F8F00BF0D4AFB68C2F85C32FB682D
:10FF20002033FB603B69203B3B613B69002BF2DCEB
:10FF3000BFF34F8F00BFBFF36F8F00BF00BF00BF85
:10FF40002C37BD465DF8047B704700BF00ED00E034
:10FF500080B48BB000AF78600B467B807B687B629F
:10FF60007B6A23F01F033B627A887B6A13441F334A
:10FF700023F01F023B6AD31AFB61194B5B6903F440
:10FF80008033002B25D03A6AFB69BA617B617B69BB
:10FF9000002B1DDDBB6903F01F027B6913443B612D
:10FFA000BB69FB60BFF34F8F00BF0D4AFB68C2F80F
:10FFB0006832FB682033FB603B69203B3B613B6957
:10FFC000002BF2DCBFF34F8F00BFBFF36F8F00BF7A
:10FFD00000BF00BF2C37BD465DF8047B704700BFF3
:10FFE00000ED00E080B500AFF5F714F803461846C1
:10FFF00080BD000080B58EB000AF786007F12403AB
:020000040801F1
:1000000000221A605A609A60DA601A617B681B6885
:100010004D4A934240F093804C4BD3F8D8304B4A32
:1000200043F40043C2F8D830484BD3F8D83003F437
:1000300000433B623B6A454BD3F8D830434A43F414
:100040008033C2F8D830414BD3F8D83003F4803332
:10005000FB61FB693D4BD3F8D8303C4A43F4003395
:10006000C2F8D830394BD3F8D83003F40033BB6131
:10007000BB69364BD3F8E030344A43F00403C2F88E
:10008000E030324BD3F8E03003F004037B617B694E
:100090002E4BD3F8E0302D4A43F00103C2F8E03094
:1000A0002A4BD3F8E03003F001033B613B69274B57
:1000B000D3F8E030254A43F00203C2F8E030234B86
:1000C000D3F8E03003F00203FB60FB6832237B626D
:1000D0000223BB620023FB6202233B630B237B638F
:1000E00007F1240319461A48F8F796FE86237B6227
:1000F0000223BB620023FB6202233B630B237B636F
:1001000007F1240319461348F8F786FE4FF46053AD
:100110007B620223BB620023FB6202233B630B234F
:100120007B6307F1240319460B48F8F775FE00229C
:1001300005213D20F5F799F83D20F5F7B0F800BF0F
:100140003837BD4680BD00BF0080024000440258E1
:1001500000080258000002580004025880B500AFA1
:100160000248F6F72DFE0023184680BD741E0024B9
:1001700080B400AF00231846BD465DF8047B70478D
:1001800080B584B000AFF860B9607A607B68BA6807
:10019000F9680748F6F77EFB0346002B02D04FF0C4
:1001A000FF3300E0002318461037BD4680BD00BF76
:1001B000741E002480B584B000AFF860B9607A6026
:1001C0007B68BA68F9680748F6F7B8FB0346002B66
:1001D00002D04FF0FF3300E0002318461037BD4631
:1001E00080BD00BF741E002480B500AFF4F712FF7D
:1001F0000346184680BD000080B5A0B000AF78600F
:1002000007F1080364220021184613F092FF00232F
:100210003B670023FB670023BB6700237B677B688A
:10022000FB663A48F4F7E8FD3867FB6E93F82D302B
:100230009B0803F00103DBB2002B0CD03B6F012BBA
:1002400009DC3348F5F794FFF86E09F021FAF86EEF
:1002500009F068FA55E0FB6E93F82D3003F00403C3
:10026000002B4ED13B6F012B4BDD3B6F023B032B31
:100270002AD801A252F823F0890201089B02010842
:10028000AB020108BB0201084FF400537B674FF437
:100290008043BB670123FB6717E000237B674FF4B4
:1002A0008043BB670123FB670FE04FF400537B677C
:1002B0000023BB670123FB6707E000237B67002364
:1002C000BB670123FB6700E000BFFB6F002B18D06A
:1002D00007F1080319460E48F6F784FB7B6F3B6273
:1002E000BB6FFB6107F1080319460948F6F74EFD9D
:1002F0000748F5F7C9FEF86E09F06CF9F86E09F0D9
:10030000EBF9642000F0F3F98BE700BF241F002411
:10031000741E002480B586B002AF7860154808F0DE
:10032000F9FEF860FB68002B14D0FB6803F1200293
:100330007B681A60FB68104A1A617B681B684FF47F
:10034000C06201920093FB6841220021002009F065
:1003500045FC0AE0094B01221A70094B1B68013366
:10036000074A13607B6800221A6000BF1037BD4641
:1003700080BD00BF78A102083DFE0008601E002479
:10038000681E002480B588B000AFF860B9607A605C
:100390007B80FB68BB61BB687B610023FB617B6882
:1003A000002B0CD07868FFF769FD0346002B06D0C0
:1003B0007B88002B03D07B88B3F5C06F05D91D4B1C
:1003C0001B6801331B4A136030E07B88194678684C
:1003D000FFF774FD7B68203BFB61FB6900221A601C
:1003E000FB6900221A81FB697A885A81BB691B6804
:1003F000002B03D1BB69FA691A6003E07B691B68B3
:10040000FA691A607B69FA691A60BB691B68FB614B
:1004100009E0FB691A897B8813449AB2FB691A8147
:10042000FB691B68FB61FB69002BF2D12037BD46DD
:1004300080BD00BF641E002480B582B000AF78602C
:10044000786809F0B9FD00BF0837BD4680BD0000DF
:1004500080B483B000AF03463960FB80B7F9063043
:10046000002B0ADB3B68DAB20C49B7F906301201FF
:10047000D2B20B4483F800230AE03B68DAB20849A1
:10048000FB8803F00F03043B1201D2B20B441A762F
:1004900000BF0C37BD465DF8047B704700E100E00B
:1004A00000ED00E080B500AF00216FF00400FFF721
:1004B000CFFF00BF80BD80B586B000AF00237B6159
:1004C000EFF30583FB60FB68002B02D001237B6107
:1004D00013E002F06DFF38613B69012B0DD0EFF3A3
:1004E0001083BB60BB68002B05D1EFF311837B60E9
:1004F0007B68002B01D001237B617B69184618378C
:10050000BD4680BD80B582B000AFFFF7D4FF034683
:10051000002B03D06FF005037B6012E002F048FF70
:1005200038603B68012B09D1084B1B68002B05D1B3
:10053000064B01221A6000237B6002E04FF0FF337C
:100540007B607B6818460837BD4680BD441F002489
:1005500080B582B000AFFFF7AEFF0346002B03D09B
:100560006FF005037B6016E002F022FF38603B6805
:10057000012B0DD10A4B1B68012B09D1FFF792FF0C
:10058000074B02221A6002F0FDF800237B6002E0B4
:100590004FF0FF337B607B6818460837BD4680BD4F
:1005A000441F002480B582B000AFFFF784FF0346EC
:1005B000002B03D002F06EFA786002E002F05AFAE3
:1005C00078607B6818460837BD4680BD80B58EB020
:1005D00004AFF860B9607A6000237B61FFF76BFFBE
:1005E0000346002B7ED1FB68002B7BD080233B622F
:1005F0001823FB6100237B624FF0FF33BB617B68F4
:10060000002B45D07B681B68002B02D07B681B68E1
:100610007B627B689B69002B02D07B689B69FB61D6
:10062000FB69002B08D0FB69382B05D87B685B6819
:1006300003F00103002B01D0002354E07B685B69C9
:10064000002B03D07B685B699B083B627B689B68DF
:10065000002B0ED07B68DB685B2B0AD97B681B699B
:10066000002B06D07B685B69002B02D00123BB61A5
:1006700010E07B689B68002B0CD17B68DB68002B4B
:1006800008D17B681B69002B04D10023BB6101E00A
:100690000023BB61BB69012B10D17B681B697A68A1
:1006A000926802920193FB690093BB683A6A796A87
:1006B000F86801F059FE03467B6113E0BB69002B2B
:1006C00010D13B6A9AB207F114030193FB690093BE
:1006D000BB68796AF86801F0ACFE0346012B01D0D3
:1006E00000237B617B6918462837BD4680BD80B5F5
:1006F00084B000AF7860FFF7DEFE0346002B03D026
:100700006FF00503FB6007E00023FB607B68002BB4
:1007100002D0786802F000F8FB6818461037BD4632
:1007200080BD80B586B000AF786000237B61FFF7A5
:10073000C2FE0346002B74D17B68002B03D07B687C
:100740005B683B6101E000233B613B6903F001030F
:10075000002B02D00123FB6001E00023FB603B691A
:1007600003F00803002B5CD14FF0FF33BB607B68C4
:10077000002B15D07B689B68002B06D07B68DB685C
:100780004F2B02D90123BB600CE07B689B68002BD8
:1007900008D17B68DB68002B04D10023BB6001E03B
:1007A0000023BB60BB68012B12D1FB68002B07D074
:1007B0007B689B681946042000F0C9FD786116E04B
:1007C0007B689B681946012000F0C1FD78610EE04E
:1007D000BB68002B0BD1FB68002B04D0042000F079
:1007E0009EFD786103E0012000F099FD78617B694E
:1007F000002B0CD07B68002B09D07B681B68002B7A
:1008000005D07B681B681946786901F0EFFC7B69AD
:10081000002B06D0FB68002B03D07B6943F001035B
:100820007B617B6918461837BD4680BD80B586B0B0
:1008300000AF786039607B6823F001033B617B681F
:1008400003F00103FB6000237B61FFF734FE0346E6
:10085000002B03D06FF005037B612CE03B69002B7C
:1008600003D16FF003037B6125E0FB68002B11D0FF
:100870003968386900F0BBFD0346012B1BD03B688B
:10088000002B03D06FF001037B6114E06FF00203D3
:100890007B6110E03968386901F084F90346012B67
:1008A00009D03B68002B03D06FF001037B6102E0AD
:1008B0006FF002037B617B6918461837BD4680BD27
:1008C00080B586B000AF78607B6823F001033B61A0
:1008D0007B6803F00103FB6000237B61FFF7EBFD06
:1008E0000346002B03D06FF005037B611FE03B69DB
:1008F000002B03D16FF003037B6118E0FB68002B32
:1009000009D0386900F03EFD0346012B0FD06FF08F
:1009100002037B610BE0002300220021386900F014
:10092000FFFD0346012B02D06FF002037B617B6960
:1009300018461837BD4680BD80B588B002AFF86054
:10094000B9607A6000237B61FFF7B5FD0346002B99
:1009500075D1FB68002B72D0BA68FB689A426ED8DA
:100960004FF0FF333B617B68002B15D07B689B68A1
:10097000002B06D07B68DB684F2B02D901233B613B
:100980000CE07B689B68002B08D17B68DB68002B40
:1009900004D100233B6101E000233B613B69B3F1DB
:1009A000FF3F4CD0FB68012B28D13B69012B0AD1BA
:1009B0007B689B680322009200220021012000F046
:1009C000BDFB786105E003220021012000F017FC47
:1009D00078617B69002B22D0BB68002B1FD00023DD
:1009E00000220021786900F09BFD0346012B16D000
:1009F000786901F0AFFA00237B6110E03B69012BBD
:100A000008D17B689B681A46B968F86800F026FD33
:100A1000786104E0B968F86800F053FD78617B699B
:100A2000002B0CD07B68002B09D07B681B68002B47
:100A300005D07B681B681946786901F0D7FB7B6994
:100A400018461837BD4680BD80B586B000AF7860C7
:100A500039607B683B6100237B613B69002B03D1DC
:100A60006FF003037B6138E0FFF725FD0346002BA1
:100A700022D03B68002B03D06FF003037B612CE096
:100A80000023FB6007F10C031A460021386901F0CE
:100A900089F90346012B03D06FF002037B611CE050
:100AA000FB68002B19D00F4B4FF080521A60BFF338
:100AB0004F8FBFF36F8F10E03968386901F072F81B
:100AC0000346012B09D03B68002B03D06FF00103D4
:100AD0007B6102E06FF002037B617B691846183787
:100AE000BD4680BD04ED00E080B586B000AF786003
:100AF0007B683B6100237B613B69002B03D16FF076
:100B000003037B612BE0FFF7D6FC0346002B1AD0D2
:100B10000023FB6007F10C031946386900F0B8FEAA
:100B20000346012B03D06FF002037B6117E0FB68E3
:100B3000002B14D00C4B4FF080521A60BFF34F8F34
:100B4000BFF36F8F0BE0002300220021386900F013
:100B5000E7FC0346012B02D06FF002037B617B6947
:100B600018461837BD4680BD04ED00E080B584B05E
:100B700000AF78607B68BB60FFF79DFC0346002BED
:100B800003D06FF00503FB600EE0BB68002B03D1C0
:100B90006FF00303FB6007E0B86801F077FB002308
:100BA000FB60B86801F0D6F9FB6818461037BD46FF
:100BB00080BD80B588B002AFF860B9607A6000236C
:100BC0007B61FFF778FC0346002B5FD1FB68002BAD
:100BD0005CD0BB68002B59D04FF0FF333B617B6882
:100BE000002B29D07B689B68002B12D07B68DB68C8
:100BF0004F2B0ED97B681B69002B0AD07B685A6982
:100C0000FB68B96801FB03F39A4202D301233B61FD
:100C100014E07B689B68002B10D17B68DB68002B9D
:100C20000CD17B681B69002B08D17B685B69002BAA
:100C300004D100233B6101E000233B613B69012BB0
:100C40000BD17B681A697B689B6800210091B968A9
:100C5000F86800F073FA786108E03B69002B05D171
:100C60000022B968F86800F0CAFA78617B69002B45
:100C70000CD07B68002B09D07B681B68002B05D04B
:100C80007B681B681946786901F0B0FA7B691846E1
:100C90001837BD4680BD000080B588B000AFF86051
:100CA000B9603B601346FB71FB68BB610023FB61CD
:100CB000FFF701FC0346002B28D0BB69002B05D0B1
:100CC000BB68002B02D03B68002B03D06FF00303FE
:100CD000FB6138E000237B6107F114020023B9684F
:100CE000B86900F01FFD0346012B03D06FF002032B
:100CF000FB6128E07B69002B25D0154B4FF080521B
:100D00001A60BFF34F8FBFF36F8F1CE0BB69002BDE
:100D100002D0BB68002B03D16FF00303FB6112E02C
:100D200000233A68B968B86900F0FAFB0346012B62
:100D300009D03B68002B03D06FF00103FB6102E098
:100D40006FF00203FB61FB6918462037BD4680BD8A
:100D500004ED00E080B588B000AFF860B9607A605B
:100D60003B60FB68BB610023FB61FFF7A4FB03460C
:100D7000002B28D0BB69002B05D0BB68002B02D00C
:100D80003B68002B03D06FF00303FB6137E00023C7
:100D90007B6107F114031A46B968B86901F002F8DB
:100DA0000346012B03D06FF00203FB6127E07B6950
:100DB000002B24D0144B4FF080521A60BFF34F8F9A
:100DC000BFF36F8F1BE0BB69002B02D0BB68002B09
:100DD00003D16FF00303FB6111E03A68B968B869A9
:100DE00000F0FEFD0346012B09D03B68002B03D029
:100DF0006FF00103FB6102E06FF00203FB61FB692E
:100E000018462037BD4680BD04ED00E080B584B0B3
:100E100000AF78607B68BB60BB68002B02D1002309
:100E2000FB600DE0FFF747FB0346002B04D0B868DA
:100E300001F071F8F86003E0B86801F04DF8F8606F
:100E4000FB6818461037BD4680BD80B584B000AF42
:100E500078607B68BB60FFF72EFB0346002B03D056
:100E60006FF00503FB600EE0BB68002B03D16FF051
:100E70000303FB6007E0B86801F008FA0023FB6099
:100E8000B86801F067F8FB6818461037BD4680BDAA
:100E900080B485B000AFF860B9607A60FB68074A3B
:100EA0001A60BB68064A1A607B6880221A6000BF1D
:100EB0001437BD465DF8047B704700BF481F00240F
:100EC000A41F002480B485B000AFF860B9607A60D8
:100ED000FB68074A1A60BB68064A1A607B684FF4D1
:100EE00080721A6000BF1437BD465DF8047B7047FE
:100EF000A42100240022002480B483B000AF7860D5
:100F00007B6803F108027B685A607B684FF0FF3210
:100F10009A607B6803F108027B68DA607B6803F102
:100F200008027B681A617B6800221A6000BF0C37D8
:100F3000BD465DF8047B704780B483B000AF786035
:100F40007B6800221A6100BF0C37BD465DF8047B48
:100F5000704780B485B000AF786039603B681B682B
:100F6000BB60BB68B3F1FF3F03D17B681B69FB60CB
:100F70000CE07B680833FB6002E0FB685B68FB60A9
:100F8000FB685B681B68BA689A42F6D2FB685A68CD
:100F90003B685A603B685B683A689A603B68FA68ED
:100FA0009A60FB683A685A603B687A681A617B68A5
:100FB0001B685A1C7B681A6000BF1437BD465DF879
:100FC000047B704780B485B000AF78607B681B6994
:100FD000FB607B685B687A6892689A607B689B6854
:100FE0007A6852685A60FB685B687A689A4203D1F3
:100FF0007B689A68FB685A607B6800221A61FB680C
:101000001B685A1EFB681A60FB681B681846143779
:10101000BD465DF8047B704780B586B000AF786050
:10102000396001237B617B683B613B69002B0BD1FD
:101030004FF0500383F31188BFF36F8FBFF34F8FCF
:10104000FB6000BF00BFFDE73B69002B5DD03B6943
:10105000DB6B002B59D03B691A6C3B69DB6B0021C1
:10106000A3FB0223002B00D001210B46002B4CD107
:1010700003F026F83B691A683B69DB6B3969096C38
:1010800001FB03F31A443B699A603B6900229A63AF
:101090003B691A683B695A603B691A683B69DB6BBC
:1010A000013B3969096C01FB03F31A443B69DA60BF
:1010B0003B69FF2283F844203B69FF2283F84520E7
:1010C0003B68002B14D13B691B69002B1AD03B698C
:1010D0001033184601F028FF0346002B12D0164BA0
:1010E0004FF080521A60BFF34F8FBFF36F8F09E04C
:1010F0003B6910331846FFF7FFFE3B69243318465F
:10110000FFF7FAFE03F00EF801E000237B617B6934
:10111000002B0BD14FF0500383F31188BFF36F8F77
:10112000BFF34F8FBB6000BF00BFFDE77B69184670
:101130001837BD4680BD00BF04ED00E080B58CB01F
:1011400002AFF860B9607A603B6000237B623B6865
:10115000002B0BD14FF0500383F31188BFF36F8F37
:10116000BFF34F8F3B6200BF00BFFDE7FB68002B62
:1011700031D03B68002B2ED07B68002B02D0BB689F
:10118000002B28D07B68002B02D1BB68002B22D11A
:1011900050237B617B69502B0BD04FF0500383F3BE
:1011A0001188BFF36F8FBFF34F8FFB6100BF00BF8C
:1011B000FDE77B693B687B627B6A012283F84620FE
:1011C00097F830207B6A009313467A68B968F8680C
:1011D00000F068F80EE07B6A002B0BD14FF0500353
:1011E00083F31188BFF36F8FBFF34F8FBB6100BFD5
:1011F00000BFFDE77B6A18462837BD4680BD80B535
:101200008AB002AFF860B9601346FB710023FB613E
:10121000FB68002B32D00021BA68FB68A3FB0223D5
:10122000002B00D001210B46002B27D1FB68BA68A8
:1012300002FB03F313F1510F20D8FB68BA6802FBDD
:1012400003F3BB61BB695033184603F061F8F861E2
:10125000FB69002B21D0FB697B617B6950337B618B
:10126000FB69002283F84620FA79FB690093134654
:101270007A69B968F86800F015F80EE0FB69002B90
:101280000BD14FF0500383F31188BFF36F8FBFF37F
:101290004F8F3B6100BF00BFFDE7FB691846203759
:1012A000BD4680BD80B584B000AFF860B9607A609B
:1012B000FB70BB68002B03D1BB69BA691A6002E0FE
:1012C000BB697A681A60BB69FA68DA63BB69BA6895
:1012D0001A640121B869FFF79FFEBB69FA7883F8A9
:1012E0004C2000BF1037BD4680BD80B582B000AF36
:1012F00078607B68002B0ED07B6800229A607B6848
:1013000000221A607B680022DA600023002200219C
:10131000786800F005F900BF0837BD4680BD80B58C
:1013200086B000AF0346FB7101237B6100233B6164
:10133000FB791A4639697869FFF761FFF860F86848
:10134000FFF7D3FFFB6818461837BD4680BD80B550
:1013500088B002AF03463960FB7101237B61002333
:101360003B61FB7900933B68002239697869FFF79C
:10137000E5FEF860F868FFF7B8FFFB681846183715
:10138000BD4680BD90B587B000AF78607B683B619B
:101390003B69002B0BD14FF0500383F31188BFF34F
:1013A0006F8FBFF34F8FFB6000BF00BFFDE73B694E
:1013B0009C6801F0EDFF03469C4211D13B69DB685C
:1013C0005A1E3B69DA603B69DB68002B05D10023BC
:1013D00000220021386900F0A3F801237B6101E0BD
:1013E00000237B617B6918461C37BD4690BD90B5D4
:1013F00087B000AF786039607B683B613B69002B48
:101400000BD14FF0500383F31188BFF36F8FBFF3FD
:101410004F8FFB6000BF00BFFDE73B699C6801F098
:10142000B7FF03469C4207D13B69DB685A1C3B6906
:10143000DA6001237B610CE03968386900F0B2FBA7
:1014400078617B69002B04D03B69DB685A1C3B69DF
:10145000DA607B6918461C37BD4690BD80B588B000
:1014600002AFF860B9607A6000237B61FB68002BF3
:1014700013D0BA68FB689A420FD8022300937B68A6
:1014800000220021F868FFF759FE78617B69002B84
:1014900012D07B69BA689A630EE07B69002B0BD18E
:1014A0004FF0500383F31188BFF36F8FBFF34F8F5B
:1014B0003B6100BF00BFFDE77B6918461837BD469A
:1014C00080BD80B584B000AF786039600023FB60D8
:1014D0007B68002B10D03A687B689A420CD80222B5
:1014E00000217868FFF78BFEF860FB68002B12D0B4
:1014F000FB683A689A630EE0FB68002B0BD14FF053
:10150000500383F31188BFF36F8FBFF34F8FBB601E
:1015100000BF00BFFDE7FB6818461037BD4680BD21
:1015200080B58EB000AFF860B9607A603B60002390
:101530007B63FB683B633B6B002B0BD14FF050038D
:1015400083F31188BFF36F8FBFF34F8FBB6200BF70
:1015500000BFFDE7BB68002B03D13B6B1B6C002B6E
:1015600001D1012300E00023002B0BD14FF05003E9
:1015700083F31188BFF36F8FBFF34F8F7B6200BF80
:1015800000BFFDE73B68022B03D13B6BDB6B012BFC
:1015900001D1012300E00023002B0BD14FF05003B9
:1015A00083F31188BFF36F8FBFF34F8F3B6200BF90
:1015B00000BFFDE701F0FCFE0346002B02D17B6873
:1015C000002B01D1012300E00023002B0BD14FF0B1
:1015D000500383F31188BFF36F8FBFF34F8FFB610D
:1015E00000BF00BFFDE702F06BFD3B6B9A6B3B6BEE
:1015F000DB6B9A4202D33B68022B29D13A68B96867
:10160000386B00F0E3FCF8623B6B5B6A002B10D098
:101610003B6B2433184601F087FC0346002B13D0A4
:101620003F4B4FF080521A60BFF34F8FBFF36F8F65
:101630000AE0FB6A002B07D0394B4FF080521A604A
:10164000BFF34F8FBFF36F8F02F06CFD012363E098
:101650007B68002B03D102F065FD00235CE07B6B0F
:10166000002B06D107F11403184601F035FD0123C4
:101670007B6302F057FD01F0F1F802F021FD3B6BB6
:1016800093F844305BB2B3F1FF3F03D13B6B0022D0
:1016900083F844203B6B93F845305BB2B3F1FF3FD6
:1016A00003D13B6B002283F8452002F03BFD3A1D3D
:1016B00007F114031146184601F024FD0346002BE0
:1016C00024D1386B00F07AFD0346002B18D03B6B19
:1016D00010337A681146184601F0BAFB386B00F0F7
:1016E00005FD01F0C9F80346002B7FF47CAF0C4BDD
:1016F0004FF080521A60BFF34F8FBFF36F8F72E7C6
:10170000386B00F0F3FC01F0B7F86CE7386B00F0D1
:10171000EDFC01F0B1F8002318463837BD4680BD16
:1017200004ED00E080B592B000AFF860B9607A6077
:101730003B60FB683B643B6C002B0BD14FF05003CC
:1017400083F31188BFF36F8FBFF34F8FFB6200BF2E
:1017500000BFFDE7BB68002B03D13B6C1B6C002B6B
:1017600001D1012300E00023002B0BD14FF05003E7
:1017700083F31188BFF36F8FBFF34F8FBB6200BF3E
:1017800000BFFDE73B68022B03D13B6CDB6B012BF9
:1017900001D1012300E00023002B0BD14FF05003B7
:1017A00083F31188BFF36F8FBFF34F8F7B6200BF4E
:1017B00000BFFDE702F06AFDEFF311824FF0500326
:1017C00083F31188BFF36F8FBFF34F8F3A62FB61D2
:1017D0003B6AFB633B6C9A6B3B6CDB6B9A4202D3BC
:1017E0003B68022B47D13B6C93F8453087F83B3080
:1017F0003B6C9B6B7B633A68B968386C00F0E6FB26
:1018000097F93B30B3F1FF3F12D13B6C5B6A002B81
:101810002ED03B6C2433184601F086FB0346002B88
:1018200026D07B68002B23D07B6801221A601FE042
:1018300001F042F9386397F93B303A6B9A4217D975
:1018400097F93B307F2B0BD14FF0500383F3118876
:10185000BFF36F8FBFF34F8FBB6100BF00BFFDE7CA
:1018600097F83B300133DBB25AB23B6C83F845202A
:1018700001237B6401E000237B64FB6B7B617B695C
:1018800083F3118800BF7B6C18464837BD4680BD86
:1018900080B590B000AF786039607B68BB63BB6B8C
:1018A000002B0BD14FF0500383F31188BFF36F8FE0
:1018B000BFF34F8F7B6200BF00BFFDE7BB6B1B6CAC
:1018C000002B0BD04FF0500383F31188BFF36F8FC1
:1018D000BFF34F8F3B6200BF00BFFDE7BB6B1B68D0
:1018E000002B03D1BB6B9B68002B01D1012300E0CF
:1018F0000023002B0BD14FF0500383F31188BFF36B
:101900006F8FBFF34F8FFB6100BF00BFFDE702F099
:10191000BDFCEFF311824FF0500383F31188BFF346
:101920006F8FBFF34F8FBA617B61BB697B63BB6B0A
:101930009B6B3B63BB6BDB6B3A6B9A4243D2BB6BDB
:1019400093F8453087F82F303B6B5A1CBB6B9A637A
:1019500097F92F30B3F1FF3F12D1BB6B5B6A002BBD
:101960002ED0BB6B2433184601F0DEFA0346002B61
:1019700026D03B68002B23D03B6801221A601FE071
:1019800001F09AF8B86297F92F30BA6A9A4217D9DB
:1019900097F92F307F2B0BD14FF0500383F3118831
:1019A000BFF36F8FBFF34F8F3B6100BF00BFFDE7F9
:1019B00097F82F300133DBB25AB2BB6B83F8452066
:1019C0000123FB6301E00023FB637B6BFB60FB688F
:1019D00083F3118800BFFB6B18464037BD4680BDBE
:1019E00080B58CB000AFF860B9607A600023FB620C
:1019F000FB68BB62BB6A002B0BD14FF0500383F333
:101A00001188BFF36F8FBFF34F8F3B6200BF00BFE2
:101A1000FDE7BB68002B03D1BB6A1B6C002B01D117
:101A2000012300E00023002B0BD14FF0500383F380
:101A30001188BFF36F8FBFF34F8FFB6100BF00BFF3
:101A4000FDE701F0B5FC0346002B02D17B68002BBB
:101A500001D1012300E00023002B0BD14FF05003F4
:101A600083F31188BFF36F8FBFF34F8FBB6100BF4C
:101A700000BFFDE702F024FBBB6A9B6B7B627B6AC5
:101A8000002B1FD0B968B86A00F00AFB7B6A5A1EA7
:101A9000BB6A9A63BB6A1B69002B0FD0BB6A103309
:101AA000184601F041FA0346002B07D03C4B4FF09B
:101AB00080521A60BFF34F8FBFF36F8F02F032FB7B
:101AC000012369E07B68002B03D102F02BFB00238C
:101AD00062E0FB6A002B06D107F11003184601F003
:101AE000FBFA0123FB6202F01DFB00F0B7FE02F0DF
:101AF000E7FABB6A93F844305BB2B3F1FF3F03D11E
:101B0000BB6A002283F84420BB6A93F845305BB27D
:101B1000B3F1FF3F03D1BB6A002283F8452002F0F6
:101B200001FB3A1D07F110031146184601F0EAFACD
:101B30000346002B23D1B86A00F02AFB0346002B92
:101B400017D0BB6A24337A681146184601F080F931
:101B5000B86A00F0CBFA00F08FFE0346002B89D163
:101B60000F4B4FF080521A60BFF34F8FBFF36F8F50
:101B700080E7B86A00F0BAFA00F07EFE7AE7B86A49
:101B800000F0B4FA00F078FEB86A00F001FB0346FA
:101B9000002B3FF46FAF002318463037BD4680BDA1
:101BA00004ED00E080B58CB000AF786039600023B0
:101BB000FB627B687B620023BB627B6A002B0BD1DC
:101BC0004FF0500383F31188BFF36F8FBFF34F8F34
:101BD000BB6100BF00BFFDE77B6A1B6C002B0BD015
:101BE0004FF0500383F31188BFF36F8FBFF34F8F14
:101BF0007B6100BF00BFFDE701F0DAFB0346002B6D
:101C000002D13B68002B01D1012300E00023002B0F
:101C10000BD14FF0500383F31188BFF36F8FBFF3E5
:101C20004F8F3B6100BF00BFFDE702F049FA7B6ABE
:101C30009B6B3B623B6A002B24D03B6A5A1E7B6A3B
:101C40009A637B6A1B68002B04D101F0A3FD024656
:101C50007B6A9A607B6A1B69002B0FD07B6A10330A
:101C6000184601F061F90346002B07D04C4B4FF0AA
:101C700080521A60BFF34F8FBFF36F8F02F052FA9A
:101C8000012389E03B68002B03D102F04BFA0023CB
:101C900082E0FB6A002B06D107F10803184601F029
:101CA0001BFA0123FB6202F03DFA00F0D7FD02F0BF
:101CB00007FA7B6A93F844305BB2B3F1FF3F03D17C
:101CC0007B6A002283F844207B6A93F845305BB23C
:101CD000B3F1FF3F03D17B6A002283F8452002F075
:101CE00021FA3A4607F108031146184601F00AFAAC
:101CF0000346002B32D1786A00F04AFA0346002BE3
:101D000026D07B6A1B68002B09D102F0D9F97B6AC7
:101D10009B68184601F06AFBB86202F003FA7B6A1E
:101D200024333A681146184601F092F8786A00F0B8
:101D3000DDF900F0A1FD0346002B7FF476AF184BD0
:101D40004FF080521A60BFF34F8FBFF36F8F6CE775
:101D5000786A00F0CBF900F08FFD66E7786A00F052
:101D6000C5F900F089FD786A00F012FA0346002BED
:101D70003FF45BAFBB6A002B0DD002F0A1F9786A8B
:101D800000F00CF9F8617B6A9B68F969184601F06C
:101D900055FC02F0C7F9002318463037BD4680BD18
:101DA00004ED00E080B590B000AFF860B9607A60F3
:101DB000FB68BB63BB6B002B0BD14FF0500383F36D
:101DC0001188BFF36F8FBFF34F8F7B6200BF00BFDF
:101DD000FDE7BB68002B03D1BB6B1B6C002B01D153
:101DE000012300E00023002B0BD14FF0500383F3BD
:101DF0001188BFF36F8FBFF34F8F3B6200BF00BFEF
:101E0000FDE702F043FAEFF311824FF0500383F342
:101E10001188BFF36F8FBFF34F8FFA61BB61FB690E
:101E20007B63BB6B9B6B3B633B6B002B47D0BB6BFC
:101E300093F8443087F82F30B968B86B00F030F968
:101E40003B6B5A1EBB6B9A6397F92F30B3F1FF3F80
:101E500012D1BB6B1B69002B2ED0BB6B1033184605
:101E600001F062F80346002B26D07B68002B23D0BC
:101E70007B6801221A601FE000F01EFEB86297F92D
:101E80002F30BA6A9A4217D997F92F307F2B0BD18E
:101E90004FF0500383F31188BFF36F8FBFF34F8F61
:101EA0007B6100BF00BFFDE797F82F300133DBB245
:101EB0005AB2BB6B83F844200123FB6301E000238B
:101EC000FB637B6B3B613B6983F3118800BFFB6B5A
:101ED00018464037BD4680BD80B584B000AF7860FD
:101EE0007B68002B0BD14FF0500383F31188BFF3B5
:101EF0006F8FBFF34F8FBB6000BF00BFFDE702F0E5
:101F0000DFF87B689B6BFB6002F00CF9FB681846FE
:101F10001037BD4680BD80B487B000AF78607B6865
:101F20007B617B69002B0BD14FF0500383F3118849
:101F3000BFF36F8FBFF34F8FFB6000BF00BFFDE7A4
:101F40007B699B6B3B613B6918461C37BD465DF85E
:101F5000047B704780B584B000AF78607B68FB601D
:101F6000FB68002B0BD14FF0500383F31188BFF3B4
:101F70006F8FBFF34F8FBB6000BF00BFFDE7F868F6
:101F800000F084F9FB6893F84630002B02D1F86822
:101F900002F08EFA00BF1037BD4680BD80B485B018
:101FA00000AF78607B685B6A002B06D07B681B6B98
:101FB0001B68C3F13803FB6001E00023FB60FB6892
:101FC00018461437BD465DF8047B704780B586B06F
:101FD00000AFF860B9607A6000237B61FB689B6B9F
:101FE0003B61FB681B6C002B0DD1FB681B68002B51
:101FF0004DD1FB689B68184601F088FA7861FB6850
:1020000000229A6043E07B68002B19D1FB68586876
:10201000FB681B6C1A46B96812F03BF9FB685A68FA
:10202000FB681B6C1A44FB685A60FB685A68FB68C3
:102030009B689A422BD3FB681A68FB685A6026E0BB
:10204000FB68D868FB681B6C1A46B96812F021F966
:10205000FB68DA68FB681B6C5B421A44FB68DA6059
:10206000FB68DA68FB681B689A4207D2FB689A68CB
:10207000FB681B6C5B421A44FB68DA607B68022BCE
:1020800005D13B69002B02D03B69013B3B613B69B9
:102090005A1CFB689A637B6918461837BD4680BD99
:1020A00080B582B000AF786039607B681B6C002B14
:1020B00018D07B68DA687B681B6C1A447B68DA602E
:1020C0007B68DA687B689B689A4203D37B681A68EE
:1020D0007B68DA607B68D9687B681B6C1A46386855
:1020E00012F0D7F800BF0837BD4680BD80B584B078
:1020F00000AF786001F0E4FF7B6893F84530FB7334
:1021000011E07B685B6A002B12D07B682433184691
:1021100000F00AFF0346002B01D001F05BF8FB7BC7
:10212000013BDBB2FB7397F90F30002BE9DC00E0D9
:1021300000BF7B68FF2283F8452001F0F3FF01F028
:10214000BFFF7B6893F84430BB7311E07B681B6969
:10215000002B12D07B681033184600F0E5FE0346D2
:10216000002B01D001F036F8BB7B013BDBB2BB7327
:1021700097F90E30002BE9DC00E000BF7B68FF22FE
:1021800083F8442001F0CEFF00BF1037BD4680BD6C
:1021900080B584B000AF786001F092FF7B689B6BE4
:1021A000002B02D10123FB6001E00023FB6001F062
:1021B000B9FFFB6818461037BD4680BD80B584B0B6
:1021C00000AF786001F07CFF7B689A6B7B68DB6B0B
:1021D0009A4202D10123FB6001E00023FB6001F081
:1021E000A1FFFB6818461037BD4680BD80B487B09C
:1021F00000AF7860396000233B617B68002B0BD116
:102200004FF0500383F31188BFF36F8FBFF34F8FED
:10221000FB6000BF00BFFDE73B68002B24D000231C
:102220007B611EE0184A7B69DB0013445B687A68B7
:102230009A4205D17B69DB00134A13443B6113E0EA
:102240003B69002B0AD1104A7B6952F83330002BCE
:1022500004D17B69DB000C4A13443B617B69013389
:102260007B617B69072BDDD93B69002B05D03B697E
:102270003A681A603B697A685A6000BF1C37BD46ED
:102280005DF8047B704700BF0026002480B485B051
:1022900000AF78607B68002B0BD14FF0500383F3C5
:1022A0001188BFF36F8FBFF34F8FBB6000BF00BFBC
:1022B000FDE70023FB6016E0104AFB68DB001344D7
:1022C0005B687A689A420BD10C4AFB68002142F89D
:1022D00033100A4AFB68DB00134400225A6006E010
:1022E000FB680133FB60FB68072BE5D900BF00BF2B
:1022F0001437BD465DF8047B704700BF00260024FC
:1023000080B586B000AFF860B9607A60FB687B6129
:1023100001F0D6FE7B6993F844305BB2B3F1FF3F26
:1023200003D17B69002283F844207B6993F8453010
:102330005BB2B3F1FF3F03D17B69002283F84520F4
:1023400001F0F0FE7B699B6B002B06D17B69243387
:102350007A68B968184600F0A1FD7869FFF7C6FEF3
:1023600000BF1837BD4680BD80B58EB004AFF860A1
:10237000B9607A603B607B6B002B0BD14FF0500350
:1023800083F31188BFF36F8FBFF34F8F3B6200BFA2
:1023900000BFFDE7BB6B002B0BD14FF0500383F365
:1023A0001188BFF36F8FBFF34F8FFB6100BF00BF7A
:1023B000FDE75C233B613B695C2B0BD04FF0500386
:1023C00083F31188BFF36F8FBFF34F8FBB6100BFE3
:1023D00000BFFDE73B69BB6B002B23D07B6B002B61
:1023E00020D0BB6B7B625C220021786A11F0A1FED9
:1023F0007B6A7A6B1A637B6A022283F85920002376
:1024000003937B6A029307F1140301933B6B0093E0
:102410003B687A68B968F86800F055F8786A00F0A7
:10242000E3F801E000237B617B6918462837BD464D
:1024300080BD80B58CB004AFF860B9603B601346D6
:10244000FB80FB889B00184601F062FF78617B6986
:10245000002B13D05C2001F05BFFF861FB69002BBF
:1024600008D05C220021F86911F063FEFB697A69EB
:102470001A6305E0786902F01BF801E00023FB61B4
:10248000FB69002B17D0FB69002283F85920FA88DA
:1024900000230393FB690293FB6A0193BB6A0093D9
:1024A0003B68B968F86800F00EF8F86900F09CF82D
:1024B0000123BB6102E04FF0FF33BB61BB691846EB
:1024C0002037BD4680BD80B588B000AFF860B960E8
:1024D0007A603B603B6B186B7B689B001A46A521BA
:1024E00011F027FE3B6B1A6B79686FF040430B4489
:1024F0009B001344BB61BB6923F00703BB61BB694D
:1025000003F00703002B0BD04FF0500383F3118827
:10251000BFF36F8FBFF34F8F7B6100BF00BFFDE73D
:10252000BB68002B1ED00023FB6112E0BA68FB6978
:10253000134419783A6BFB69134434330A461A7012
:10254000BA68FB6913441B78002B06D0FB69013382
:10255000FB61FB690F2BE9D900E000BF3B6B002258
:1025600083F84320BB6A372B0BD94FF0500383F31A
:102570001188BFF36F8FBFF34F8F3B6100BF00BF68
:10258000FDE7BB6A372B01D93723BB623B6BBA6AC5
:10259000DA623B6BBA6ADA643B6B04331846FEF7C7
:1025A000CBFC3B6B18331846FEF7C6FC3B6B3A6B13
:1025B0001A61BB6AC3F138023B6B9A613B6B3A6BA1
:1025C0005A623A68F968B86901F02EFC02463B6B22
:1025D0001A60FB6A002B02D0FB6A3A6B1A6000BFDC
:1025E0002037BD4680BD000080B584B000AF786064
:1025F00001F066FD414B1B680133404A1360404BBC
:102600001B68002B09D13E4A7B6813603B4B1B685B
:10261000012B10D100F002FE0DE03A4B1B68002B9D
:1026200009D1374B1B68DA6A7B68DB6A9A4202D8A9
:10263000334A7B681360344B1B680133324A1360A2
:10264000314B1A687B685A647B68DA6A2F4B1B68C7
:102650009A4203D97B68DB6A2C4A13607B68DA6A8A
:102660002B4913469B0013449B000B4404331B6807
:10267000FB607B68FA689A60FB689A687B68DA603E
:10268000FB689B687A6804325A607B681A1DFB6895
:102690009A607B68DA6A13469B0013449B001C4ACD
:1026A0001A447B685A617B68DA6A194913469B00B1
:1026B00013449B000B441B68591C154813469B0090
:1026C00013449B000344196001F02CFD0D4B1B6863
:1026D000002B0ED00A4B1B68DA6A7B68DB6A9A42D1
:1026E00007D20C4B4FF080521A60BFF34F8FBFF3ED
:1026F0006F8F00BF1037BD4680BD00BF142B002474
:1027000040260024202B0024302B00241C2B0024E6
:102710004426002404ED00E080B584B000AF78606A
:102720000023FB607B68002B18D0144B1B68002B28
:102730000BD04FF0500383F31188BFF36F8FBFF3BB
:102740004F8FBB6000BF00BFFDE700F087F800219E
:10275000786801F033F800F08FF8F860FB68002B20
:1027600007D1074B4FF080521A60BFF34F8FBFF372
:102770006F8F00BF1037BD4680BD00BF3C2B0024CB
:1027800004ED00E080B58AB004AF0023BB600023F5
:102790007B603A46391D07F108031846FEF778FBBF
:1027A00039687B68BA680292019300230093002382
:1027B0000A4623492348FFF7D7FD0346224A136000
:1027C000214B1B68002B02D001237B6101E0002319
:1027D0007B617B69012B02D101F05EF878617B6936
:1027E000012B16D14FF0500383F31188BFF36F8F85
:1027F000BFF34F8F3B6100BF144B4FF0FF321A60A5
:10280000134B01221A60134B00221A6001F09AFB4D
:102810000FE07B69B3F1FF3F0BD14FF0500383F31F
:102820001188BFF36F8FBFF34F8FFB6000BF00BFF6
:10283000FDE7094B1B6800BF1837BD4680BD00BFD0
:10284000AC590208ED310108382B0024342B002448
:10285000202B0024182B002484A1020880B400AF90
:10286000044B1B680133034A136000BFBD465DF88B
:10287000047B70473C2B002480B588B000AF002358
:10288000FB610023BB61724B1B68002B0BD14FF027
:10289000500383F31188BFF36F8FBFF34F8F7B60BB
:1028A00000BF00BFFDE701F00BFC694B1B68013B5B
:1028B000674A1360664B1B68002B40F0C180654B74
:1028C0001B68002B00F0BC808BE0634BDB68DB688F
:1028D000FB61FB699B6A3B61FB69DB69FA69126A10
:1028E0009A60FB691B6AFA69D2695A603B695A6847
:1028F000FB6918339A4203D1FB691A6A3B695A6033
:10290000FB6900229A623B691B685A1E3B691A6088
:10291000FB695B69FB60FB699B68FA69D2689A6036
:10292000FB69DB68FA6992685A60FB685A68FB6960
:1029300004339A4203D1FB69DA68FB685A60FB6989
:1029400000225A61FB681B685A1EFB681A60FB690B
:10295000DA6A424B1B689A4203D9FB69DB6A3F4A39
:102960001360FB69DA6A3E4913469B0013449B00DF
:102970000B4404331B68BB60FB69BA689A60BB6890
:102980009A68FB69DA60BB689B68FA6904325A602E
:10299000FB691A1DBB689A60FB69DA6A13469B00E3
:1029A00013449B002E4A1A44FB695A61FB69DA6A98
:1029B0002B4913469B0013449B000B441B68591C76
:1029C000274813469B0013449B0003441960FB698E
:1029D000DA6A244B1B68DB6A9A4202D9224B012235
:1029E0001A601D4B1B68002B7FF46FAFFB69002B37
:1029F00001D000F0B1FC1D4B1B687B617B69002B93
:102A000010D000F08BF80346002B02D0164B0122A9
:102A10001A607B69013B7B617B69002BF1D1134B11
:102A200000221A60104B1B68002B09D00123BB61E8
:102A30000F4B4FF080521A60BFF34F8FBFF36F8F71
:102A400001F070FBBB6918462037BD4680BD00BF52
:102A50003C2B0024142B0024D42A00241C2B0024FB
:102A60004426002440260024282B0024242B002464
:102A700004ED00E080B483B000AF054B1B687B60C1
:102A80007B6818460C37BD465DF8047B704700BF75
:102A9000182B002480B582B000AF01F0F7FB0023B3
:102AA0007B60044B1B683B603B6818460837BD469B
:102AB00080BD00BF182B002480B400AF034B1B68FF
:102AC0001846BD465DF8047B704700BF142B0024F8
:102AD00080B485B000AF78607B68002B02D10E4BCC
:102AE0001B6800E07B68FB60FB68002B0BD14FF09C
:102AF000500383F31188BFF36F8FBFF34F8FBB6019
:102B000000BF00BFFDE7FB68343318461437BD46ED
:102B10005DF8047B704700BF4026002480B58AB072
:102B200000AF00237B627E4B1B68002B40F0EE80E1
:102B30007C4B1B6801333B627A4A3B6A13603B6AF9
:102B4000002B21D1784B1B681B68002B0BD04FF05A
:102B5000500383F31188BFF36F8FBFF34F8F7B60F8
:102B600000BF00BFFDE7704B1B68FB616F4B1B682C
:102B70006D4A13606D4AFB6913606D4B1B6801332E
:102B80006B4A136000F0E8FB6A4B1B683A6A9A4292
:102B9000C0F0A780644B1B681B68002B04D1654BF9
:102BA0004FF0FF321A609CE05F4B1B68DB68DB680C
:102BB000BB61BB695B687B613A6A7B699A4203D2FD
:102BC0005C4A7B6913608CE0BB695B693B61BB69F4
:102BD0009B68BA69D2689A60BB69DB68BA69926817
:102BE0005A603B695A68BB6904339A4203D1BB6996
:102BF000DA683B695A60BB6900225A613B691B680D
:102C00005A1E3B691A60BB699B6A002B1ED0BB69C8
:102C10009B6AFB60BB69DB69BA69126A9A60BB692F
:102C20001B6ABA69D2695A60FB685A68BB69183373
:102C30009A4203D1BB691A6AFB685A60BB690022D9
:102C40009A62FB681B685A1EFB681A60BB69DA6AE5
:102C5000394B1B689A4203D9BB69DB6A364A136059
:102C6000BB69DA6A354913469B0013449B000B4449
:102C700004331B68BB60BB69BA689A60BB689A681A
:102C8000BB69DA60BB689B68BA6904325A60BB6989
:102C90001A1DBB689A60BB69DA6A13469B0013442D
:102CA0009B00264A1A44BB695A61BB69DA6A234908
:102CB00013469B0013449B000B441B68591C1F4880
:102CC00013469B0013449B0003441960BB69DA6AF6
:102CD0001B4B1B68DB6A9A427FF65CAF01237B6269
:102CE00058E7174B1B68DA6A144913469B001344D4
:102CF0009B000B441B68012B01D901237B62114B04
:102D00001B68002B07D001237B6204E00E4B1B687D
:102D100001330D4A13607B6A18462837BD4680BDD3
:102D20003C2B0024182B0024CC2A0024D02A002479
:102D30002C2B0024342B00241C2B0024442600249C
:102D400040260024282B0024242B002480B586B0A4
:102D500000AF3A4B1B68002B03D0394B01221A609D
:102D600068E0374B00221A60364B1B681B6B3B61D7
:102D70004FF0A533FB603B691B68FA689A4211D19A
:102D80003B6904331B68FA689A420BD13B690833EC
:102D90001B68FA689A4205D13B690C331B68FA68D4
:102DA0009A4208D0274B1A68264B1B6834331946C1
:102DB0001046EDF7C7FD244B1B687B6111E07B6972
:102DC000002B0BD14FF0500383F31188BFF36F8FAB
:102DD000BFF34F8F7B6000BF00BFFDE77B69013B06
:102DE0007B611A497A6913469B0013449B000B448C
:102DF0001B68002BE3D07A6913469B0013449B00A9
:102E0000124A1344BB60BB685B685A68BB685A606F
:102E1000BB685A68BB6808339A4203D1BB68DA685A
:102E2000BB685A60BB685B68DB68064A1360064A89
:102E30007B69136000BF1837BD4680BD3C2B002462
:102E4000282B0024402600241C2B00244426002488
:102E500080B584B000AF786039607B68002B0BD1FF
:102E60004FF0500383F31188BFF36F8FBFF34F8F81
:102E7000FB6000BF00BFFDE7074B1B681833194616
:102E80007868FEF766F80121386800F097FC00BF0B
:102E90001037BD4680BD00BF4026002480B586B0F7
:102EA00000AFF860B9607A60FB68002B0BD14FF07F
:102EB000500383F31188BFF36F8FBFF34F8F3B61D4
:102EC00000BF00BFFDE7FB685B687B61154B1B68BB
:102ED0007A69DA61134B1B687A6992681A62114B3E
:102EE0001A687B699B6818325A600E4B1B6803F1A5
:102EF00018027B699A600B4B1B68FA689A62FB6840
:102F00001B685A1CFB681A607B68002B02D04FF0CC
:102F1000FF33BB607968B86800F050FC00BF183719
:102F2000BD4680BD4026002480B48BB000AF7860E1
:102F30007B68DB68DB683B623B6A002B0BD14FF0A0
:102F4000500383F31188BFF36F8FBFF34F8FFB6084
:102F500000BF00BFFDE73B6A9B6AFB613B6ADB6920
:102F60003A6A126A9A603B6A1B6A3A6AD2695A6084
:102F7000FB695A683B6A18339A4203D13B6A1A6A62
:102F8000FB695A603B6A00229A62FB691B685A1E01
:102F9000FB691A604A4B1B68002B5FD13B6A5B6977
:102FA0007B613B6A9B683A6AD2689A603B6ADB68DD
:102FB0003A6A92685A607B695A683B6A04339A425B
:102FC00003D13B6ADA687B695A603B6A00225A6126
:102FD0007B691B685A1E7B691A603B6ADA6A394B47
:102FE0001B689A4203D93B6ADB6A364A13603B6A24
:102FF000DA6A354913469B0013449B000B440433A3
:103000001B683B613B6A3A699A603B699A683B6A14
:10301000DA603B699B683A6A04325A603B6A1A1D5F
:103020003B699A603B6ADA6A13469B0013449B0033
:10303000254A1A443B6A5A613B6ADA6A22491346B6
:103040009B0013449B000B441B68591C1E481346ED
:103050009B0013449B00034419601BE01B4B5B68FF
:10306000BB613B6ABA69DA61BB699A683B6A1A62FA
:10307000BB699B683A6A18325A603B6A03F11802CE
:10308000BB699A603B6A114A9A62104B1B68013314
:103090000E4A13603B6ADA6A0D4B1B68DB6A9A4280
:1030A00005D901237B620B4B01221A6001E000234A
:1030B0007B627B6A18462C37BD465DF8047B7047FF
:1030C0003C2B00241C2B002444260024D42A00245A
:1030D00040260024282B002480B483B000AF786001
:1030E000064B1A687B681A60054B1A687B685A6041
:1030F00000BF0C37BD465DF8047B70472C2B0024C5
:10310000182B002480B588B000AF786039607B68E8
:10311000002B0BD14FF0500383F31188BFF36F8F57
:10312000BFF34F8F3B6100BF00BFFDE73B68002B43
:103130000BD14FF0500383F31188BFF36F8FBFF3B0
:103140004F8FFB6000BF00BFFDE700F0B9FF1F4BD2
:103150001B68BB617B685B68BA69D31A7B613B689B
:103160001B68B3F1FF3F02D10023FB6126E07B68BF
:103170001A68174B1B689A420AD07B685B68BA6969
:103180009A4205D30123FB613B6800221A6015E0D7
:103190003B681B687A699A420BD23B681A687B6964
:1031A000D21A3B681A607868FFF796FF0023FB612C
:1031B00004E03B6800221A600123FB6100F0B2FFCB
:1031C000FB6918462037BD4680BD00BF182B002480
:1031D0002C2B002480B400AF034B01221A6000BFE7
:1031E000BD465DF8047B7047282B002480B582B073
:1031F00000AF786000F052F8064B1B68012BF9D93C
:10320000054B4FF080521A60BFF34F8FBFF36F8FA3
:10321000F0E700BF4426002404ED00E080B582B052
:1032200000AF00237B600CE07A6813469B001344D8
:103230009B00124A13441846FDF75EFE7B6801337B
:103240007B607B68372BEFD90D48FDF755FE0D48A5
:10325000FDF752FE0C48FDF74FFE0C48FDF74CFE03
:103260000B48FDF749FE0B4B054A1A600A4B054A0D
:103270001A6000BF0837BD4680BD00BF4426002449
:10328000A42A0024B82A0024D42A0024E82A0024EE
:10329000002B0024CC2A0024D02A002480B582B040
:1032A00000AF19E000F00CFF104BDB68DB687B60BF
:1032B0007B6804331846FDF785FE0D4B1B68013B08
:1032C0000B4A13600B4B1B68013B0A4A136000F06A
:1032D00029FF786800F010F8064B1B68002BE1D13D
:1032E00000BF00BF0837BD4680BD00BFE82A0024EC
:1032F000142B0024FC2A002480B584B000AF786031
:103300007B6893F85930002B08D17B681B6B1846FB
:1033100001F0CEF8786801F0CBF819E07B6893F8FB
:103320005930012B03D1786801F0C2F810E07B68B6
:1033300093F85930022B0BD04FF0500383F31188D0
:10334000BFF36F8FBFF34F8FFB6000BF00BFFDE780
:1033500000BF1037BD4680BD80B400AF0A4B1B686C
:103360001B68002B04D1094B4FF0FF321A6005E0B7
:10337000054B1B68DB681B68044A136000BFBD4631
:103380005DF8047B704700BFCC2A0024342B002456
:1033900080B483B000AF054B1B687B607B68184628
:1033A0000C37BD465DF8047B704700BF4026002403
:1033B00080B483B000AF0B4B1B68002B02D10123FC
:1033C0007B6008E0084B1B68002B02D102237B6066
:1033D00001E000237B607B6818460C37BD465DF832
:1033E000047B7047202B00243C2B002480B586B042
:1033F00000AF78607B683B6100237B617B68002BBA
:1034000079D03B69DA6A3E4B1B68DB6A9A4269D223
:103410003B699B69002B06DB394B1B68DB6AC3F1F8
:1034200038023B699A613B6959693B69DA6A13461C
:103430009B0013449B00334A134499424AD13B6991
:1034400004331846FDF7BEFD2D4B1B68DA6A3B6955
:10345000DA623B69DA6A2C4B1B689A4203D93B69F2
:10346000DB6A294A13603B69DA6A264913469B00E6
:1034700013449B000B4404331B68FB603B69FA68F0
:103480009A60FB689A683B69DA60FB689B683A69F6
:1034900004325A603B691A1DFB689A603B69DA6A1C
:1034A00013469B0013449B00164A1A443B695A6119
:1034B0003B69DA6A134913469B0013449B000B4493
:1034C0001B68591C0F4813469B0013449B00034480
:1034D000196004E00A4B1B68DA6A3B69DA6201236F
:1034E0007B6108E03B69DA6C054B1B68DB6A9A423A
:1034F00001D201237B617B6918461837BD4680BD28
:1035000040260024442600241C2B002480B588B0CB
:1035100000AF78607B68BB610023FB617B68002B98
:1035200000F08180424B1B68BA699A420BD04FF081
:10353000500383F31188BFF36F8FBFF34F8F3B614D
:1035400000BF00BFFDE7BB691B6D002B0BD14FF027
:10355000500383F31188BFF36F8FBFF34F8FFB606E
:1035600000BF00BFFDE7BB691B6D5A1EBB691A6532
:10357000BB69DA6ABB69DB6C9A4254D0BB691B6DCC
:10358000002B50D1BB6904331846FDF71BFDBB6906
:10359000DA6CBB69DA62BB69DB6AC3F13802BB690A
:1035A0009A61BB69DA6A234B1B689A4203D9BB69EB
:1035B000DB6A204A1360BB69DA6A1F4913469B0025
:1035C00013449B000B4404331B687B61BB697A691D
:1035D0009A607B699A68BB69DA607B699B68BA69A3
:1035E00004325A60BB691A1D7B699A60BB69DA6A4A
:1035F00013469B0013449B000F4A1A44BB695A614F
:10360000BB69DA6A0C4913469B0013449B000B44C8
:103610001B68591C084813469B0013449B00034435
:1036200019600123FB61FB6918462037BD4680BD48
:10363000402600241C2B00244426002480B58AB098
:1036400000AF786039607B683B620123FB617B6877
:10365000002B00F095803B6A1B6D002B0BD14FF0C7
:10366000500383F31188BFF36F8FBFF34F8F3B611C
:1036700000BF00BFFDE73B6ADB6C3A689A4202D9A3
:103680003B687B6202E03B6ADB6C7B623B6ADB6A25
:103690007A6A9A4274D03B6A1B6DFA699A426FD17A
:1036A000394B1B683A6A9A420BD14FF0500383F3AF
:1036B0001188BFF36F8FBFF34F8FFB6000BF00BF58
:1036C000FDE73B6ADB6ABB613B6A7A6ADA623B6AA6
:1036D0009B69002B04DB7B6AC3F138023B6A9A6169
:1036E0003B6A5969BA6913469B0013449B00274AF9
:1036F0001344994244D13B6A04331846FDF762FCF7
:103700003B6ADA6A224B1B689A4203D93B6ADB6A3E
:103710001F4A13603B6ADA6A1C4913469B00134434
:103720009B000B4404331B687B613B6A7A699A6097
:103730007B699A683B6ADA607B699B683A6A043203
:103740005A603B6A1A1D7B699A603B6ADA6A1346C3
:103750009B0013449B000D4A1A443B6A5A613B6A22
:10376000DA6A0A4913469B0013449B000B441B680A
:10377000591C064813469B0013449B0003441960E0
:1037800000BF2837BD4680BD4026002444260024C3
:103790001C2B002480B400AF074B1B68002B04D007
:1037A000054B1B681A6D01321A65034B1B681846DE
:1037B000BD465DF8047B70474026002480B586B086
:1037C00000AF786039602E4B1B687B612D4B1B6806
:1037D00004331846FDF7F6FB7B68B3F1FF3F24D1B5
:1037E0003B68002B21D0284B5B683B61254B1B6855
:1037F0003A699A60234B1B683A699268DA60214BF8
:103800001A683B699B6804325A601E4B1B681A1D7C
:103810003B699A601B4B1B681B4A5A611A4B1B6819
:103820000133194A136000BF26E07A697B681344AC
:10383000FB60144B1B68FA685A60FA687B699A420D
:1038400009D2124B1A680F4B1B68043319461046F5
:10385000FDF77FFB10E00E4B1A680A4B1B68043320
:1038600019461046FDF775FB0A4B1B68FA689A4229
:1038700002D2084AFB68136000BF1837BD4680BDFE
:10388000182B002440260024002B0024D02A0024DA
:10389000CC2A0024342B002480B58AB004AF002346
:1038A0007B6100F081FA1D4B1B68002B21D00023A7
:1038B000FB600023BB603A1D07F1080107F10C0310
:1038C0001846FDF7FFFA7968BB68FA68029201931F
:1038D0000223009300230A4611491248FEF744FDD3
:1038E0000346114A1360104B1B68002B01D00123C3
:1038F0007B617B69002B0BD14FF0500383F3118860
:10390000BFF36F8FBFF34F8F3B6100BF00BFFDE779
:103910007B6918461837BD4680BD00BF702B002458
:10392000B4590208D1390108742B002480B584B041
:1039300000AFF860B9607A6008E0FB689B69BA681C
:103940001344BB60FB681B6AF8689847FB689A6978
:10395000BB68D118BB687A68F86800F0DFF80346E6
:10396000002BEAD100BF00BF1037BD4680BD00006C
:1039700080B584B000AF78603960144B1B68DB6899
:10398000DB68FB60FB6804331846FDF71BFBFB6834
:1039900093F8283003F00403002B05D03A687968C7
:1039A000F868FFF7C3FF08E0FB6893F8283023F0BE
:1039B0000103DAB2FB6883F82820FB681B6AF86809
:1039C000984700BF1037BD4680BD00BF682B00245C
:1039D00080B584B000AF786007F10803184600F0A6
:1039E00059F8F860BB681946F86800F005F800F06F
:1039F000D7F800BFF0E7000080B584B000AF786072
:103A00003960FEF72BFF07F10803184600F066F84F
:103A1000F860BB68002B30D13B68002B0AD17A6874
:103A2000FB689A4206D8FEF727FFF9687868FFF727
:103A30009FFF24E03B68002B08D0134B1B681B68DA
:103A4000002B01D1012300E000233B600F4B1868DD
:103A50007A68FB68D31A3A681946FEF751FCFEF7FC
:103A60000BFF0346002B0AD1094B4FF080521A601E
:103A7000BFF34F8FBFF36F8F01E0FEF7FDFE00BF76
:103A80001037BD4680BD00BF6C2B0024702B002476
:103A900004ED00E080B485B000AF78600E4B1B6889
:103AA0001B68002B01D1012200E000227B681A6014
:103AB0007B681B68002B05D1074B1B68DB681B6804
:103AC000FB6001E00023FB60FB6818461437BD462D
:103AD0005DF8047B704700BF682B002480B584B07C
:103AE00000AF7860FEF7C6FFF8600B4B1B68FA6802
:103AF0009A4205D200F032F97B6801221A6002E096
:103B00007B6800221A60044AFB681360FB68184651
:103B10001037BD4680BD00BF782B002480B586B02D
:103B200000AFF860B9607A603B6000237B61FB689E
:103B3000BA685A60FB68FA681A61BA687B689A4288
:103B400012D87A683B68D21AFB689B699A4202D302
:103B500001237B611BE0104B1A68FB680433194694
:103B60001046FDF7F6F912E07A683B689A4206D2F1
:103B7000BA683B689A4202D301237B6107E0074B96
:103B80001A68FB68043319461046FDF7E2F97B69B1
:103B900018461837BD4680BD6C2B0024682B0024C6
:103BA00080B58AB000AFC7E07B68002B19DA3B1DF7
:103BB00004337B627B6A002B0BD14FF0500383F3FD
:103BC0001188BFF36F8FBFF34F8FBB6100BF00BF82
:103BD000FDE77B6A1B687A6A50687A6A92681146C8
:103BE00098477B68002BC0F2A780FB683B623B6A6A
:103BF0005B69002B04D03B6A04331846FDF7E2F9F9
:103C00003B461846FFF76AFFF8617B68013B082BCB
:103C100000F28F8001A252F823F000BF413C01085E
:103C2000413C0108A93C0108BD3C0108093D0108CF
:103C3000413C0108413C0108A93C0108BD3C010888
:103C40003B6A93F8283043F00103DAB23B6A83F809
:103C50002820BA683B6A9B69D118BB68FA69386A40
:103C6000FFF75CFF0346002B65D03B6A93F82830D2
:103C700003F00403002B09D0BA683B6A9B69134424
:103C8000FA691946386AFFF751FE08E03B6A93F873
:103C9000283023F00103DAB23B6A83F828203B6A1C
:103CA0001B6A386A984746E03B6A93F8283023F04D
:103CB0000103DAB23B6A83F828203DE03B6A93F8BF
:103CC000283043F00103DAB23B6A83F82820BA684F
:103CD0003B6A9A613B6A9B69002B0BD14FF0500302
:103CE00083F31188BFF36F8FBFF34F8F7B6100BFEA
:103CF00000BFFDE73B6A9A69FB69D118FB69FA6965
:103D0000386AFFF70BFF17E03B6A93F8283003F09F
:103D10000203002B03D1386A00F0CAFB0CE03B6AB7
:103D200093F8283023F00103DAB23B6A83F82820A5
:103D300002E000BF00E000BF074B1B68391D0022F6
:103D40001846FDF74DFE0346002B7FF42DAF00BF54
:103D500000BF2837BD4680BD702B002480B582B0DF
:103D600000AF09E00E4B1B68DB681B683B604FF03F
:103D7000FF313868FFF7FCFD094B1B681B68002BFF
:103D8000F0D1074B1B687B60064B1B68044A13602D
:103D9000044A7B68136000BF0837BD4680BD00BF82
:103DA000682B00246C2B002480B582B002AF00F099
:103DB00087F9154B1B68002B20D11448FDF79CF8A0
:103DC0001348FDF799F8134B104A1A60124B104A2A
:103DD0001A6000230093114B114A10210A20FDF7AD
:103DE000ADF90346084A1360074B1B68002B05D04A
:103DF000054B1B680B491846FEF7F8F900F092F9DD
:103E000000BFBD4680BD00BF702B0024402B0024A6
:103E1000542B0024682B00246C2B00241C2C002421
:103E20007C2B0024BC59020880B485B000AFF86038
:103E3000B9607A60FB68043BFB60FB684FF08072FE
:103E40001A60FB68043BFB60BB6823F00102FB685F
:103E50001A60FB68043BFB600C4AFB681A60FB6855
:103E6000143BFB607A68FB681A60FB68043BFB60EC
:103E7000FB686FF002021A60FB68203BFB60FB6886
:103E800018461437BD465DF8047B7047913E010823
:103E900080B485B000AF00237B60134B1B68B3F187
:103EA000FF3F0BD04FF0500383F31188BFF36F8FA8
:103EB000BFF34F8FFB6000BF00BFFDE74FF0500323
:103EC00083F31188BFF36F8FBFF34F8FBB6000BFC9
:103ED00000BF7B68002BFCD000BF00BF1437BD467D
:103EE0005DF8047B704700BF28000024000000003C
:103EF000074B19680868B0E8F04F80F30988BFF3F2
:103F00006F8F4FF0000080F311887047AFF300808F
:103F10004026002400BF00BF08480068006880F306
:103F200008884FF0000080F3148862B661B6BFF3D2
:103F30004F8FBFF36F8F00DF00BF000008ED00E080
:103F400000BF00BF80B588B000AF544B1B68544A17
:103F500093420BD14FF0500383F31188BFF36F8F5F
:103F6000BFF34F8F7B6100BF00BFFDE74B4B1B686A
:103F70004C4A93420BD14FF0500383F31188BFF3A7
:103F80006F8FBFF34F8FBB6100BF00BFFDE7002302
:103F90007B60454BFB61FB691B78DBB2FB72FB6905
:103FA000FF221A70FB691B78DBB2FB70FB78DBB277
:103FB00003F05003DAB23D4B1A703C4B1B78002BD8
:103FC0000BD14FF0500383F31188BFF36F8FBFF312
:103FD0004F8F3B6100BF00BFFDE7FB78DBB2DB43E7
:103FE00003F05003002B13D04FF0500383F31188DC
:103FF000BFF36F8FBFF34F8FFB6000BF00BFFDE7C4
:104000007B6801337B60FB78DBB25B00DBB2FB706B
:10401000FB78DBB203F08003802BF1D07B68082BA8
:1040200003D1234B00221A6004E07B68C3F107032D
:104030001F4A13601E4B1B681B021D4A13601C4B5A
:104040001B6803F4E0631A4A1360FB7ADAB2FB6977
:104050001A70184B1B68174A43F47F031360154B03
:104060001B68144A43F07F43136000F0DFF8124BE3
:1040700000221A6000F0FEF8104B1B680F4A43F054
:1040800040431360FFF748FFFEF760FEFFF700FFB5
:10409000002318462037BD4680BD00BF00ED00E07C
:1040A00071C20F4170C20F4100E400E06C2C00248B
:1040B000702C002420ED00E02800002434EF00E004
:1040C00080B483B000AF4FF0500383F31188BFF387
:1040D0006F8FBFF34F8F7B6000BF104B1B680133A6
:1040E0000E4A13600D4B1B68012B10D10C4B1B6843
:1040F000DBB2002B0BD04FF0500383F31188BFF3DA
:104100006F8FBFF34F8F3B6000BF00BFFDE700BF65
:104110000C37BD465DF8047B704700BF28000024C3
:1041200004ED00E080B483B000AF124B1B68002B9D
:104130000BD14FF0500383F31188BFF36F8FBFF3A0
:104140004F8F7B6000BF00BFFDE70A4B1B68013B40
:10415000084A1360074B1B68002B05D100233B6006
:104160003B6883F3118800BF00BF0C37BD465DF884
:10417000047B7047280000240000000000000000BD
:10418000EFF30980BFF36F8F154B1A681EF0100F05
:1041900008BF20ED108A20E9F04F106009B44FF0FD
:1041A000500080F31188BFF34F8FBFF36F8FFEF77E
:1041B000CDFD4FF0000080F3118809BC1968086834
:1041C000B0E8F04F1EF0100F08BFB0EC108A80F37B
:1041D0000988BFF36F8F7047AFF30080AFF30080A3
:1041E0004026002400BF00BF80B582B000AF4FF072
:1041F000500383F31188BFF36F8FBFF34F8F7B6042
:1042000000BFFEF78BFC0346002B03D0064B4FF09C
:1042100080521A6000233B603B6883F3118800BF23
:1042200000BF0837BD4680BD04ED00E080B400AF9C
:104230000B4B00221A600B4B00221A600A4B1B68C2
:104240000A4AA2FB03239B09094A013B1360044B62
:1042500007221A6000BFBD465DF8047B704700BFAF
:1042600010E000E018E000E000000024D34D6210F0
:1042700014E000E0DFF80C00016841F47001016017
:104280007047000088ED00E000BF00BF80B485B03B
:1042900000AFEFF30583FB60FB680F2B15D9184ABD
:1042A000FB6813441B78FB72164B1B78FA7A9A4210
:1042B0000BD24FF0500383F31188BFF36F8FBFF31E
:1042C0004F8F7B6000BF00BFFDE70F4B1B6803F4FF
:1042D000E0620E4B1B689A420BD94FF0500383F3F8
:1042E0001188BFF36F8FBFF34F8F3B6000BF00BFDC
:1042F000FDE700BF1437BD465DF8047B704700BF83
:10430000F0E300E06C2C00240CED00E0702C0024A5
:1043100080B58AB000AF78600023FB61FEF79EFA9B
:104320005E4B1B68002B01D100F01CF97B68002B51
:1043300022D00823DB437A689A421BD808227B6884
:1043400013447B607B6803F00703002B14D07B6869
:1043500003F00703C3F10803BB61BB69DB437A6861
:104360009A4204D87A68BB6913447B6004E0002356
:104370007B6001E000237B607B68002B71DB7B6846
:10438000002B6ED0464B1B687A689A4269D8454B21
:104390003B62444B1B687B6204E07B6A3B627B6A46
:1043A0001B687B627B6A5B687A689A4203D97B6A86
:1043B0001B68002BF1D1394B1B687A6A9A4250D0A6
:1043C0003B6A1B6808221344FB617B6A1A683B6ADC
:1043D0001A607B6A5A687B68D21A08235B009A428B
:1043E00020D97A6A7B6813447B617B6903F00703F9
:1043F000002B0BD04FF0500383F31188BFF36F8F66
:10440000BFF34F8F3B6100BF00BFFDE77B6A5A6877
:104410007B68D21A7B695A607B6A7A685A607869CD
:1044200000F0FCF81E4B1A687B6A5B68D31A1C4AC2
:1044300013601B4B1A681C4B1B689A4203D2184B23
:104440001B68194A13607B6A5B6843F000427B6A11
:104450005A607B6A00221A60144B1B680133134AAE
:104460001360FEF709FAFB69002B01D1ECF748FA5B
:10447000FB6903F00703002B0BD04FF0500383F3CD
:104480001188BFF36F8FBFF34F8FFB6000BF00BF7A
:10449000FDE7FB6918462837BD4680BD7C2C01240A
:1044A000802C0124742C0124842C0124882C0124C8
:1044B00080B586B000AF78607B687B617B68002B3D
:1044C00047D008235B427A6913447B617B693B6177
:1044D0003B695B68002B0BDB4FF0500383F31188C3
:1044E000BFF36F8FBFF34F8FFB6000BF00BFFDE7CF
:1044F0003B691B68002B0BD04FF0500383F31188EE
:10450000BFF36F8FBFF34F8FBB6000BF00BFFDE7EE
:104510003B695B68002B1CDA3B691B68002B18D1D8
:104520003B695B6823F000423B695A60FEF796F9ED
:104530003B695A68094B1B681344084A1360386981
:1045400000F06CF8064B1B680133054A1360FEF758
:1045500093F900BF1837BD4680BD00BF802C0124F1
:104560008C2C012480B485B000AF4FF48033BB6045
:10457000254BFB60FB6803F00703002B0CD0FB68A6
:104580000733FB60FB6823F00703FB60BA68FB6836
:10459000D31A1D4A1344BB60FB687B601B4A7B68CF
:1045A00013601A4B00225A607A68BB681344FB60A0
:1045B0000822FB689B1AFB60FB6823F00703FB6083
:1045C000FB68134A1360124B1B6800225A60104BA1
:1045D0001B6800221A607B683B603B68FA68D21A4D
:1045E0003B685A600A4B1A683B681A603B685B6814
:1045F000084A13603B685B68074A136000BF1437C2
:10460000BD465DF8047B7047742C0024742C012493
:104610007C2C0124842C0124802C012480B485B0BE
:1046200000AF7860284BFB6002E0FB681B68FB6012
:10463000FB681B687A689A42F7D8FB68BB60FB6826
:104640005B68BA6813447A689A4208D1FB685A6872
:104650007B685B681A44FB685A60FB687B607B6818
:10466000BB607B685B68BA681A44FB681B689A4247
:1046700018D1FB681A68154B1B689A420DD07B68ED
:104680005A68FB681B685B681A447B685A60FB6861
:104690001B681A687B681A6008E00C4B1A687B6814
:1046A0001A6003E0FB681A687B681A60FA687B6826
:1046B0009A4202D0FB687A681A6000BF1437BD4680
:1046C0005DF8047B704700BF742C01247C2C01240E
:1046D00080B584B000AF786039603B681B680C33EC
:1046E0001A463968786803F047FF0346FB7397F969
:1046F0000F30002B03D13B6893F9043001E097F9A8
:104700000F3018461037BD4680BD000080B58EB012
:1047100000AF03463A60FB710B46BB71FB79396809
:10472000184601F015F978637B6B002B54D0BB79E8
:104730003B757B6BFB6007F10C0319462948FFF7BB
:10474000C7FF034687F8333097F93330002B43D047
:104750007B6B5B68002B05D0234BA32223492448A5
:104760000FF004FC7B6B103318460FF0CDF80346B6
:10477000002B05D11C4BA4221E491D480FF0F6FB4F
:104780007B6B143318460FF0BFF80346002B05D09F
:10479000154BA622184916480FF0E8FB7B6B0C332B
:1047A00018460FF03FF90346002B05D10E4BA92206
:1047B00012490F480FF0DAFB7B6B0C3318460FF0F1
:1047C00024F97B6B103318460FF02AF8796B072019
:1047D00004F02CFD002300E07B6B18463837BD4603
:1047E00080BD00BF25590108046702083867020828
:1047F000DC6602085C6702087467020898670208B2
:1048000080B58CB000AF78607B68002B01D10023AD
:1048100016E07B68BB60FBF7E5FB03467B6107F1B5
:10482000080319460848FFF753FF034687F82F305F
:1048300097F92F30002B02D097F92F3000E000239A
:1048400018463037BD4680BDC15E010880B584B0D2
:1048500000AF78607B68002B01D100230DE0786801
:10486000FFF7CEFF0346FB7397F90F30002B02D101
:10487000786801F0E3F897F90F3018461037BD4615
:1048800080BD000080B58EB000AFF860B9607A607E
:10489000FB70FB68002B02D16FF00F031FE0BB68B9
:1048A000002B02D16FF00F0319E07B68002B02D1BF
:1048B0006FF00F0313E0FB683B61FB7887F8203053
:1048C000BB68BB617B68FB6107F1100319460648B2
:1048D000FFF7FEFE034687F8373097F93730184662
:1048E0003837BD4680BD00BF2968010880B58EB04D
:1048F00000AFF860B9601346FB80FB68002B02D163
:104900006FF00F0315E0BB68002B01D10B4BBB60B0
:10491000FB683B61BB68BB61FB88BB8307F110038D
:1049200019460748FFF7D4FE034687F8373097F952
:10493000373018463837BD4680BD00BFE0A20208B8
:104940008D60010880B58CB000AF78600B46FB70BD
:104950007B68002B02D16FF00F030CE07B68BB601B
:1049600007F1080319460648FFF7B2FE034687F829
:104970002F3097F92F3018463037BD4680BD00BF25
:104980000161010880B586B000AF786039603B688E
:10499000002B02D16FF00F0370E03B6800221A6019
:1049A0007B68002B02D16FF00F0367E0786800F09E
:1049B0004DFB0346FB7497F91330002B02D097F997
:1049C00013305BE07B68143318460EF09DFF0346FE
:1049D000002B06D07B6893F8243003F00103002BF2
:1049E00002D06FF00E0349E07B6893F8243003F0A7
:1049F0000203002B0ED07B68143307F10C02114622
:104A000018460EF06AFF0346B3F1FF3F13D16FF073
:104A1000060333E07B6803F114007B681A6A07F130
:104A20000C0319460EF028FF0346B3F1FF3F02D1F5
:104A30006FF0020322E07B68DB6A002B05D07B6805
:104A4000DB6A0022012178689847FB6807F11302AE
:104A50001146184600F04CFB0346002B02D097F994
:104A600013300BE0FB68002B02D16FF00E0305E062
:104A7000FB687B613B687A691A6000231846183727
:104A8000BD4680BD80B588B000AFF860B960134600
:104A9000FB710023BB61BB68002B02D16FF00F03D9
:104AA000A7E0BB6800221A60FB68002B02D16FF000
:104AB0000F039EE0FB68103318460EF025FF0346F7
:104AC000002B0ED1F86800F0C1FA03463B7797F946
:104AD0001C30002B02D097F91C308AE06FF00A03DB
:104AE00087E0FB6893F8243003F00203002B10D119
:104AF000FB7903F00403002B0BD1FB6893F82430FF
:104B000003F00103002B04D1FB6893F90830002B5C
:104B100024D0FB68103307F11802114618460EF036
:104B2000DCFE0346B3F1FF3F29D1F86800F08EFAAE
:104B300003467B7797F91D30002B02D097F91D3083
:104B400057E0FB6893F8243003F00103002B02D0F8
:104B50006FF00A034DE06FF006034AE0FB6803F1D3
:104B60001000FB681A6A07F1180319460EF084FE5C
:104B70000346B3F1FF3F02D16FF0020339E0FB6857
:104B80001B7803F0F003102B17D1BB6907F1170254
:104B90001146184600F0ACFA0346002B09D097F9ED
:104BA000173013F10F0F01D1002322E097F91730CE
:104BB0001FE0BB691B89FB830DE0BB69002B06D19D
:104BC0000E4B40F291220E490E480FF0CFF9BB690F
:104BD0001B681B89FB83FB68DB6A002B05D0FB6825
:104BE000DB6AFA8B0121F8689847BA69BB681A60DA
:104BF000002318462037BD4680BD00BF0467020869
:104C0000B4670208DC66020880B584B000AFF860C3
:104C1000B9607A60FB68002B05D0FB681B7803F055
:104C2000F003102B02D06FF00F030AE07B68FA68E4
:104C30001A607B68BA689A6079680448FFF748FD93
:104C4000034618461037BD4680BD00BFCB62010841
:104C500080B58CB000AF786039607B68002B05D0E0
:104C60007B681B7803F0F003102B02D06FF00F036A
:104C70000BE007F108031A4639687868FFF7C4FFAC
:104C8000034687F82F3097F92F3018463037BD4646
:104C900080BD80B590B000AFF860B9601346FB717D
:104CA000FB68103318460EF02FFE0346002B02D18E
:104CB0006FF00A0372E0FB6893F824305BB2002BBC
:104CC00009DAFB6893F8243003F07F03DAB2FB685B
:104CD00083F824203BE0FB791A46B968F868FFF7AF
:104CE000D1FE034687F83F3097F93F30002B02D0C2
:104CF00097F93F3052E0BB681B68BB63FB7903F058
:104D00000803002B0ED1BB6B002B02D0BB6B1B89A1
:104D100000E00123FB86FB8E07F110021946F868BC
:104D2000FFF772FFBB6B002B36D1FB7903F010034A
:104D3000002B0BD0FB6893F8243063F07F03DAB2CA
:104D4000FB6883F824206FF0060327E000BFFB68B0
:104D5000DB6A002B05D0FB68DB6A00220121F868C2
:104D60009847FB685B68002B0FD1F86800F06EF97C
:104D7000034687F83F3097F93F30002B02D097F970
:104D80003F300BE06FF00D0308E00121F86800F000
:104D900037F96FF00E0301E097F93F3018464037BE
:104DA000BD4680BD80B584B000AFF860B9601346E1
:104DB000FB71FB68002B05D0FB681B7803F0F00348
:104DC000102B02D06FF00F0306E0FB791A46B9688A
:104DD000F868FFF75EFF034618461037BD4680BDF2
:104DE00080B584B000AFF860B9601346FB71FB6812
:104DF000002B05D0FB681B7803F0F003102B02D1C9
:104E00006FF00F0306E0FB791A46B968F868FFF700
:104E100039FE034618461037BD4680BD80B58CB0BC
:104E200000AF786039607B68002B02D16FF00F0310
:104E30000EE07B68BB603B683B6107F108031946E5
:104E40000548FFF745FC034687F82F3097F92F30C8
:104E500018463037BD4680BD3162010880B588B044
:104E600002AFF860B9607A60FB70BB683B617B6839
:104E70007B61FA7807F110013B6A00931346012227
:104E8000F86800F005F8034618461837BD4680BD9F
:104E900080B592B000AFF860B96011461A460B4673
:104EA000FB8013467B71FB68002B02D16FF00F0370
:104EB0009AE0FB681B7803F0F003102B02D06FF030
:104EC000050391E0FB6893F8243003F00203002B04
:104ED00004D17B7903F00403002B01D0012300E00F
:104EE000002387F84730FB68DB69002B02D00123E1
:104EF00087F8473097F84730002B05D03B6D002BE3
:104F000002D16FF005036FE000233B640023FB63D5
:104F100015E0FB6BDB00BA6813445B683A6C134422
:104F20003B64FB6BDB00BA6813445B683A6C9A42E3
:104F300002D26FF0050357E0FB6B0133FB63FB8884
:104F4000FA6B9A42E5DB3B6C002B01D100234BE06E
:104F50003B6C002B0ADA3B6D002B02D16FF005038E
:104F600042E06FF00043BB63BB6B3B64FB683B619B
:104F7000BB68BB61FB88BB8300233B627B7987F8FE
:104F80002C303B6C7B620023BB62FB68DB69002B2F
:104F900004D0FBF727F803463B6301E000233B63A3
:104FA00007F1100319461248FFF792FB034687F8F2
:104FB000373097F93730002B14D13B6D002B02D0DE
:104FC000BA6A3B6D1A6097F84730002B0AD1BB6A6A
:104FD0003A6C9A4206D0074B4FF48662064907485E
:104FE0000EF0C4FF97F9373018464837BD4680BDEC
:104FF0001167010804670208C0670208DC6602083E
:1050000080B58CB000AF78600B46FB707B68002BDE
:1050100002D16FF00F0312E07B68BB60FB783B743A
:10502000FAF7E0FF03467B6107F1080319460648DB
:10503000FFF74EFB034687F82F3097F92F301846BD
:105040003037BD4680BD00BF3569010880B584B0EA
:1050500000AF78607B68002B01D100230DE00EF0DB
:1050600061FDF8607B681B7AFB727B6800221A7214
:10507000F8680EF065FD97F90B3018461037BD46FD
:1050800080BD000080B582B000AF0346FB7197F988
:10509000073013F10D0F09D013F10D0F0CDC13F1D4
:1050A0000F0F07D013F10E0F02D005E00A4B0EE0F0
:1050B0000A4B0CE00A4B0AE097F90730002B05D0A9
:1050C000084B7D22084909480EF050FF002318467E
:1050D0000837BD4680BD00BF88A1020889A102082B
:1050E0008AA10208E467020818680208DC66020860
:1050F00080B582B000AF786039603B68002B05D185
:10510000124B8522124913480EF030FF7B68124A79
:10511000934204D13B68F3221A70012312E07B68AA
:105120000E4A934204D13B68F2221A70012309E02F
:105130007B680B4A934204D13B68F1221A70012329
:1051400000E0002318460837BD4680BDE46702082A
:1051500028680208DC66020888A1020889A1020802
:105160008AA1020880B588B000AFF860B9607A60A3
:105170003B60BB68002B05D1354BE62235493648EC
:105180000EF0F4FEFB68002B05D1314BE7223349CA
:1051900031480EF0EBFEFB68FB61FB69002B03D18D
:1051A000786804F009FF50E0FB695B68BA689A42CE
:1051B00005D0274BEF222A4927480EF0D7FEFB697E
:1051C000103318460EF0A0FB0346002B03D178687D
:1051D00004F0F2FE39E0062003F0BEFFB861BB69BF
:1051E000002B03D1786804F0E7FE2EE0BB697A68F3
:1051F0001A60BB697A685A603B68002B02D03B6832
:105200001B6800E00023BA699360BB693A8D9A81FC
:105210007B681B89FB82FB691033B96918460EF065
:1052200011FB03467B7597F91530002B03D0B86945
:1052300001F02AFC09E0FB69DB6A002B05D0FB6961
:10524000DB6AFA8A0021F86998472037BD4680BD9D
:10525000E467020834680208DC660208586802083D
:105260007868020880B588B000AFF860B9607A60ED
:10527000FB70BB68002B06D1364B40F22F1236492B
:1052800036480EF073FEFB68002B06D1314B4FF40D
:105290009872334931480EF069FE97F90330002BBC
:1052A00006D02C4B40F231122E492C480EF05EFEF7
:1052B000FB687B617B69002B02D16FF0050345E041
:1052C0007B695B68BA689A4206D0224B4FF49C72A5
:1052D000254922480EF04AFE7B69103318460EF02D
:1052E00013FB0346002B0DD17B68002B08D07B6895
:1052F0001B891946B86805F0F5FD786804F05CFE76
:10530000002323E07B68002B05D07B68BB617B68B2
:105310001B89FB8303E0154BBB610023FB837B6987
:105320001033B96918460EF08DFA0346002B02D0EF
:105330004FF0FF330AE07B69DB6A002B05D07B6905
:10534000DB6AFA8B002178699847002318462037DA
:10535000BD4680BDE467020898680208DC66020862
:10536000BC680208DC680208F46802088AA1020826
:1053700080B584B000AF786039607B68FB60FB6803
:10538000002B06D1244B40F26D12244924480EF024
:10539000EDFDFB685B78012B04D10121F86800F07A
:1053A000C9FF07E0FB685B78042B03D10121F86893
:1053B00000F00CFCFB6893F8243003F01003002B82
:1053C00024D0FB685B68002B20D0FB685B68B3F8D7
:1053D000643040F66932934218D9FB685B68B3F8D1
:1053E0006630072B12D8FB6893F8243023F01003A3
:1053F000DAB2FB6883F82420FB68DB6A002B05D057
:10540000FB68DB6A00220221F868984700231846EF
:105410001037BD4680BD00BFE4670208146902086A
:10542000DC66020880B586B000AFF860B96013464C
:10543000FB80FB687B617B69002B06D1224B4FF41C
:10544000CB72224922480EF091FD7B69002B35D0AA
:105450007B695B78012B04D10121786900F06AFF38
:1054600007E07B695B78042B03D10121786900F0A8
:10547000ADFB7B695B68002B20D07B695B68B3F870
:10548000643040F66932934218D97B695B68B3F89F
:105490006630072B12D87B6993F8243023F0100371
:1054A000DAB27B6983F824207B69DB6A002B05D0A4
:1054B0007B69DB6AFA8802217869984700231846DD
:1054C0001837BD4680BD00BFE467020814690208B2
:1054D000DC66020880B588B000AF78600B46FB70D0
:1054E0007B68FB61FB69002B06D1614B40F2BB126C
:1054F000604961480EF03AFD0EF014FBB861FB699B
:1055000000225A60FB69FA781A72FB6993F824301A
:1055100043F00103DAB2FB6983F82420FB695B786E
:10552000FB75FB6900225A70B8690EF009FBFB6934
:10553000DB6A002B05D0FB69DB6A00220421F869D5
:105540009847FB69DB6A002B05D0FB69DB6A002208
:105550000021F8699847FB69DB6A002B05D0FB69DD
:10556000DB6A00220221F869984797F90330184650
:10557000FFF788FD3861FB69103318460EF0C4F957
:105580000346002B05D0FB691033396918460EF02D
:1055900059F9FB69143318460EF0B6F90346002B8F
:1055A00005D0FB691433396918460EF04BF9FB7DC1
:1055B000012B05D0FB7D042B02D0FB7D032B46D1B4
:1055C000FB6993F8243003F00403002B14BF01237C
:1055D0000023DBB2FB60FB6993F8243023F0040363
:1055E000DAB2FB6983F82420FB68002B3BD1FB690E
:1055F0009B6A002B06D11E4B40F2E9121F491E4840
:105600000EF0B4FCFB7D042B04D1FB699B6A0022E5
:105610001A7103E0FB699B6AFA781A71FB699B6A4D
:105620001B680C33BB60B8680EF0FCF90346002B16
:1056300006D10F4B4FF4F97211490F480EF096FC4A
:10564000FB6900229A62B8680EF0D2F90BE0FB69A0
:105650009B6A002B08D0064B4FF4FD72094906489F
:105660000EF084FC00E000BF00BF2037BD4680BDC7
:10567000E467020814690208DC660208246902086B
:10568000406902085C69020880B584B000AF7860A8
:105690007B685B68FB607968F86806F0C9FA0A49BC
:1056A000F86806F0D7FA0949F86806F0F5FA022218
:1056B0000749F86806F04CFB0649F86806F00EFB4F
:1056C00000BF1037BD4680BD655201082554010852
:1056D00071530108D554010890B589B000AFF86046
:1056E000B9601346FB71FB68FB61FB69002B02D1BB
:1056F0006FF00503A1E0FB69143318460EF004F9BE
:105700000346002B02D16FF0050396E0BB68002B27
:105710001BD1FB6903F114046FF00C00FFF7B2FC1E
:105720000346194620460EF08DF80346002B09D19A
:10573000FB69DB6A002B05D0FB69DB6A00220021D4
:10574000F86998476FF0050377E097F90730002B69
:1057500006D03C4B40F22D223B493C480EF006FC63
:10576000FB691A78FB69DB6A1946104600F0F0F80D
:10577000B861BB69002B1BD1FB6903F114046FF006
:105780000C00FFF77FFC0346194620460EF05AF83E
:105790000346002B09D1FB69DB6A002B05D0FB69AE
:1057A000DB6A00220021F86998474FF0FF3344E09C
:1057B000BB69BA685A60B869FFF766FFFB691433C2
:1057C000B96918460EF03EF80346002B2AD0BB6993
:1057D0005B687B610021786906F02AFA002178690C
:1057E00006F038FA0021786906F056FA0022002106
:1057F000786906F0ADFA0021786906F06FFABB69A6
:1058000000225A60BB69103318460EF009F8BB69D4
:10581000103318460EF089F8B86900F00FF94FF010
:10582000FF330AE0FB69DB6A002B05D0FB69DB6A0A
:1058300000220021F8699847002318462437BD4606
:1058400090BD00BFE467020878690208DC660208C0
:1058500090B585B000AF78600023FB737B681B6850
:105860005B68002B06D02B4B4FF41A722A492B4849
:105870000EF07CFB7B681B681B7803F0F003102B99
:1058800022D0202B33D17B681C68FB7B18460BF0A1
:1058900066FC034663607B681B685B68002B2AD04C
:1058A0007B681B681B78222B04D17B681B685B68B4
:1058B00001221A747B681B6858687B681B681A464B
:1058C00017490BF0ECFB16E07B681C68FB7B184665
:1058D00006F0A0F9034663607B681B685B68002BD9
:1058E0000BD07B681B681846FFF7CEFE05E07B688F
:1058F000FA221A710AE000BF00E000BF7B681B6853
:105900005B68002B02D17B68FF221A711437BD46F9
:1059100090BD00BFE4670208A0690208DC660208C7
:105920006551010880B584B000AF78607B68FB608A
:10593000FB6800221A71FB681B685B68002B02D1B0
:10594000F868FFF785FF00BF1037BD4680BD000037
:1059500080B586B000AF03463960FB710023FB744D
:10596000072003F0F9FBF860FB68002B01D100234E
:1059700059E0FB6800221A72FB68FA791A70FB681A
:1059800000225A60FB7903F0F003102B04D0202B87
:1059900005D106237B610AE006237B6107E0244BE7
:1059A00040F2EB22234924480EF0E0FA36E0FB688F
:1059B0001033796918460DF019FF0346002B2CD1DE
:1059C000FB680C33002118460DF0BCFF0346002B8A
:1059D00005D0FB68103318460DF022FF1EE0FB686F
:1059E000143318460DF0A1FFFB6800225A70FB68C3
:1059F0004FF0FF329A61FB683A68DA62FB68002276
:105A00009A62FB680022DA61FB6800221A62FB6876
:105A1000FA7C83F82420FB6805E000BFF9680720C2
:105A200003F004FC002318461837BD4680BD00BFB4
:105A3000E4670208C0690208DC66020880B582B02B
:105A400000AF78607B685B68002B06D01B4B4FF47F
:105A500048721B491B480EF089FA7B6810331846C0
:105A60000DF052FF0346002B06D0144B40F22732B4
:105A7000154914480EF07AFA7B68143318460DF075
:105A800043FF0346002B06D00C4B40F22A320F494D
:105A90000C480EF06BFA7B680C3318460DF0B5FF1E
:105AA0007B680C3318460DF0CEFF7968072003F0B1
:105AB000BDFB00BF0837BD4680BD00BFE4670208DC
:105AC000E8690208DC660208186A0208546A0208DB
:105AD00080B586B000AF78607B68103318460DF053
:105AE00013FF0346002B2FD018E07B681B7803F0D0
:105AF000F003102B0ED13B6907F10F021146184637
:105B0000FFF7F6FA0346002B08D13B69184604F06C
:105B100053FA03E03B69184600F0B6FF7B68103388
:105B200007F11002114618460DF0D7FE0346B3F1F7
:105B3000FF3FDAD17B68103318460DF071FE7B68A9
:105B4000103318460DF0F1FE7B68143318460DF043
:105B5000DBFE0346002B34D01DE03B6907F10E024B
:105B600011461846FFF7C4FA0346002B13D13B69D0
:105B70007B617869FFF7ACFF7B695B68002B07D01E
:105B80007B695B68184604F0F7FF7B6900225A6066
:105B90007869FFF753FF7B68143307F11002114651
:105BA00018460DF09AFE0346B3F1FF3FD5D17B684E
:105BB000143318460DF034FE7B68143318460DF08C
:105BC000B4FE00BF1837BD4680BD000080B588B068
:105BD00000AF78600B46FB7000237B777B68002B5F
:105BE00006D18F4B40F2A6328E498F480EF0BEF997
:105BF0007B681B7803F0F003102B06D0884B40F233
:105C0000A7328A4988480EF0B1F97B685B78042B8B
:105C100006D0834B4FF46A72854983480EF0A6F98B
:105C20007B685B68002B06D17D4B40F2A93281492D
:105C30007D480EF09BF97B689B6A002B06D1784B60
:105C400040F2AA327C4978480EF090F97B685B6894
:105C50007B617B689B6A1B7AFB74FB7C03F001030E
:105C6000BB74FB7C03F002037B74FB7C032B02D12F
:105C70000123BB771FE0BB7C002B0ED07B691B7D13
:105C8000052B07D07B691B7D062B03D07B691B7D11
:105C9000082B02D10123BB770DE07B7C002B08D0C1
:105CA0007B695B8B03F01003002B02D00123BB77D1
:105CB00001E00023BB77BB7F002B03D00021786974
:105CC00005F0B6FF7B691B7D012B04D100217869AB
:105CD00006F026F81DE0BB7C002B07D00021786978
:105CE00005F0B8FF0021786906F01AF87B7C002BDC
:105CF00003D00021786905F0CFFFBB7F002B08D0CF
:105D000000220021786906F023F80021786905F067
:105D1000E5FFBB7F002B05D0786904F00DFE03463C
:105D2000FB7707E0BB7C7A7C1946786904F022FE99
:105D30000346FB7797F91F30002B02D101237B77B5
:105D400026E097F91F30B3F1FF3F1FD144F62063DF
:105D5000BB617B68DB69002B02DD7B68DB69BB61B3
:105D6000FAF740F902467B689B6ADB68D31A1A4649
:105D7000BB6993420CDC01237B77BB7F002B07D0F0
:105D8000786904F0F9FE0023FB7701E001237B77BB
:105D90007B7F002B52D07B689B6A1B680C33FB60B7
:105DA0007B689B6AFA7F1A717B6800229A627B6823
:105DB00000225A7097F91F30002B29D1BB7F002B8E
:105DC0000CD07B6800225A607B68DB6A002B05D010
:105DD0007B68DB6A0022042178689847BB7C002B33
:105DE00009D07B68DB6A002B05D07B68DB6A002268
:105DF0000021786898477B7C002B09D07B68DB6AA0
:105E0000002B05D07B68DB6A002202217868984766
:105E1000FB78002B02D0F8680DF0EAFD00233CE08F
:105E2000E4670208906A0208DC660208A06A0208B9
:105E3000C06A0208E46A0208246902087B7F002B1A
:105E40001ED17B691B7D012B06D1164B40F24542CA
:105E5000154916480EF08AF87B7C002B03D01449B4
:105E6000786905F019FF01221249786905F070FF81
:105E70001149786905F032FF7968786905F0D8FE34
:105E800097F91F30002B06D1064B40F251420B49C7
:105E900006480EF06BF897F91F3018462037BD46BC
:105EA00080BD00BFE4670208F86A0208DC660208E9
:105EB0002554010871530108D55401081C6B0208D0
:105EC00080B584B000AF78607B68FB60FB681B68BE
:105ED0005B78FB72FB7A002B0DD0FB681B681B788C
:105EE00003F0F003102B06D0614B40F2624261498F
:105EF00061480EF03BF8FB7A002B05D0FB7A022BB1
:105F000002D0FB7A032B0AD1FB7A032B0BD1FB685F
:105F10001B6893F8243003F00403002B03D1FB68C3
:105F2000FB221A7198E0FB7A032B0ED1FB681B68E9
:105F300093F8243003F00403002B06D14C4B40F2BD
:105F40007E424E494C480EF011F8FB6800221A714F
:105F5000FB681B681846FFF7BBFDFB681B685B68A6
:105F6000002B5FD0FB681B681B7803F0F003102B3D
:105F70000DD0202B51D1FB681B685B680022DA61D1
:105F8000FB681B685B6818460BF09EF846E0FB68F0
:105F90001B689B6A002B06D0354B4FF4936238493F
:105FA00035480DF0E3FFFB681B6804225A70FB685C
:105FB00003221A72FB681B68FA689A62FB681B6806
:105FC00000211846FFF702FE0346002B4BD0FB686A
:105FD0001B685B78042B06D0254B40F29E42294972
:105FE00025480DF0C3FF28480DF06FFDFB681B68C6
:105FF0000C33002118460DF0CAFC23480DF056FD65
:10600000FB681B685B78002B2DD0194B40F2A24235
:106010001C4919480DF0AAFF25E000BFFB681B686A
:1060200000225A60FB681B68DB6A002B07D0FB6804
:106030001B68DB6AFA681068002200219847FB6839
:106040001B68DB6A002B07D0FB681B68DB6AFA68F9
:106050001068002202219847FB681B680C33184621
:106060000DF0E0FC00E000BF1037BD4680BD00BF72
:10607000E46702082C6B0208DC660208406B020829
:10608000606B02087C6B0208E02C012480B584B0B0
:1060900000AF78607B68BB60BB681B685B68002BE7
:1060A00025D0BB681B681B7803F0F003102B0ED0C3
:1060B000202B19D1BB681B685868BB689968BB68FE
:1060C0009B891A460AF056FF0346FB7311E0BB6832
:1060D0001B685868BB689968BB689B891A4604F0BE
:1060E00057FD0346FB7304E0FA23FB7301E0FA2338
:1060F000FB73BB68FA7B1A7100BF1037BD4680BDC9
:1061000080B586B000AF78607B687B617B691B6877
:106110005B68002B7FD07B691B681B7803F0F00362
:10612000102B75D17B691B685B78002B65D17B696F
:106130001B685B681B7D002B02D0FA23FB726CE0AE
:10614000FF23FB747B691B685B6807F10B02F97C1A
:10615000184604F0D9FDF860FB68002B5DD07B6920
:106160001B68103318460DF0CFFB0346002B0BD0F5
:106170007B691B68103318460DF052FB7B691B6866
:10618000103318460DF0D1FB0023FB727B691B68AE
:10619000143318460DF0B8FB0346002B08D17B6979
:1061A0001B681433062118460DF020FB0346FB72D2
:1061B00097F90B30002B18D17B691B6802225A70AB
:1061C0007B691B68FA685A607B691B685A687B693F
:1061D0001B681946104605F02BFD7B691B685B6840
:1061E0001249184605F09CFD17E0F86804F0A4FB7E
:1061F0007B691B6800225A600FE07B691B685B7833
:10620000022B02D10023FB7207E0F523FB7204E0AE
:10621000F023FB7201E0F523FB7297F90B207B69F9
:106220001A7100BF1837BD4680BD00BFD95601089E
:1062300080B584B000AF78607B68BB60BB681B68CA
:106240001846FEF703FF0346FB7397F90F30002B48
:1062500034D1BB681B685B68002B2DD0BB681B6802
:106260001B7803F0F003202B23D1BB689B689B684D
:10627000002B0CD1BB681B685A68BB689B681B6805
:10628000194610460AF018FD0346FB7316E0BB687A
:106290001B685868BB689B681968BB689B6803F1FA
:1062A0000802BB689B689B890AF024FD0346FB73C8
:1062B00004E0F523FB7301E0F523FB73BB68FA7B75
:1062C0001A7100BF1037BD4680BD80B586B000AFE3
:1062D00078607B683B613B6900221A713B691B68EF
:1062E0005B68002B22D03B691B681B7803F0F0032E
:1062F000102B1BD13B699B687B617B69B3F5803FA9
:1063000002D27B699BB201E04FF6FF73FB813B69D0
:106310001B685B68FA891146184604F0E3FDFB89A7
:106320007A69D31A7B617B69002BE6D100BF1837ED
:10633000BD4680BD80B588B000AF78600B46FB706D
:106340000023FB767B68002B06D1704B40F277620E
:106350006F4970480DF00AFE7B685B78012B06D010
:106360006A4B4FF4CF626C496A480DF0FFFD7B68C1
:106370009B6A002B06D1654B40F2796267496548FC
:106380000DF0F4FD7B685B68002B06D15F4B40F29B
:106390007A6263495F480DF0E9FD7B689B6A9A6900
:1063A0007B689B6A5B699A4206D3584B40F27B62DA
:1063B0005C4958480DF0DAFD7B689B6A9B89002B8D
:1063C00006D1524B40F27D62574952480DF0CEFD46
:1063D0007B689B6A1B7FBB767B6893F8243003F055
:1063E0000203002B04D1BB7E03F00403002B01D079
:1063F000012300E000233B767B68DB69002B18D08B
:10640000F9F7F0FD02467B689B6A1B6AD31A1A46AD
:106410007B68DB699A420CDB0123FB767B689B6A15
:106420009B69002B02D1F923FB7750E10023FB7716
:106430004DE17B689B6A9B681A687B689B6A1B6955
:1064400013447B617B689B6A9B685A687B689B6A84
:106450001B69D31A3B613B69B3F5803F07D34FF605
:10646000FF73BB83BB7E43F00203BB7601E03B6955
:10647000BB837B685B68B3F86430FB81FA89BB8BB4
:106480009A4216D2FB89BB833B7E002B0DD0BB8B7F
:10649000002B0ED17B689B6A9B69002B02D16FF0A9
:1064A000060300E00023FB7790E0BB7E43F002038D
:1064B000BB767B689B6A1A69BB8B1A447B689B6AB4
:1064C0009B685B689A4206D9104B40F2A762174955
:1064D00010480DF04BFDBB8B4FF6FF72934203D17A
:1064E0003B69B3F5803F09D23B699BB2BA8B9A42B4
:1064F0001ED17B689B6A9B89012B19D901237B766E
:10650000BB7E43F00203BB7614E000BFE4670208E1
:1065100014690208DC660208846B02082469020818
:10652000A46B0208BC6B0208FC6B0208246C020816
:1065300000237B767B685868BB7EBA8B796908F04C
:10654000C1FA0346FB7797F91F30002B2CD17B68EB
:106550009B6A9969BA8B7B689B6A0A449A617B68DB
:106560009B6A1969BA8B7B689B6A0A441A617B68CB
:106570009B6A1A697B689B6A9B685B689A4213D125
:106580007B689B6A9A89013A92B29A817B689B6A7E
:106590009B89002B08D07B689B6A9A6808329A60B6
:1065A0007B689B6A00221A617B7E002B04D097F9DE
:1065B0001F30002B3FF43DAF97F91F30002B04D064
:1065C00097F91F30B3F1FF3F37D100BF3B7E002B5F
:1065D0001BD07B689B6A9A697B689B6A5B699A425D
:1065E00013D27B68DB6A002B05D07B68DB6A002254
:1065F0000321786898477B6893F8243043F01003B0
:10660000DAB27B6883F8242017E07B685B68B3F814
:10661000643040F66932934205D97B685B68B3F811
:106620006630072B09D97B68DB6A002B05D07B68B5
:10663000DB6A002203217868984797F91F30002B06
:106640001DD17B689B6A9A697B689B6A5B699A42E9
:1066500002D03B7E002B01D00123FB767B685B6878
:10666000184609F00BF803463B7397F90C3013F109
:10667000040F2CD13B7BFB770123FB7627E097F9B6
:106680001F30B3F1FF3F20D17B685B68184608F0EC
:10669000F5FF03467B7397F90D3013F1040F04D116
:1066A0007B7BFB770123FB7611E03B7E002B0ED03A
:1066B0007B689B6A9B69002B02D16FF0060300E0A8
:1066C0000023FB770123FB7601E00123FB76FB7EB1
:1066D000002B15D07B689B6A1B680C33BB607B6802
:1066E0009B6AFA7F1A717B6800229A627B6800229B
:1066F0005A70FB78002B06D0B8680DF079F902E0EB
:106700004FF0FF3300E0002318462037BD4680BD20
:1067100080B584B000AF78607B68BB60BB681B68E5
:106720001846FEF793FC0346FB7397F90F30002BD6
:1067300066D1BB681B681B7803F0F003102B5DD19A
:10674000BB681B685B78002B02D0FB23FB7357E010
:10675000BB681B685B68002B4DD0BB681B680122BF
:106760005A70BB681B689B6A002B06D0284B40F20E
:106770002772284928480DF0F9FBBB685B69002B9C
:1067800006D1234B4FF4E562244923480DF0EEFB7C
:10679000BB681B68BA689A62BB681B680021184610
:1067A000FFF7C8FD0346002B2ED0BB681B685B7843
:1067B000012B06D0164B40F22C72194916480DF0E9
:1067C000D5FB18480DF081F9BB681B680C3300211C
:1067D00018460DF0DCF813480DF068F9BB681B682B
:1067E0005B78012B10D10A4B4FF4E6620C490A4842
:1067F0000DF0BCFB08E0F523FB7301E0FA23FB730B
:10680000BB68FA7B1A7100E000BF1037BD4680BD3F
:10681000E4670208606B0208DC660208506C02083C
:106820007C6B0208E02C012480B584B000AF786056
:106830007B68FB60FB681B685B68002B6BD0FB68A8
:106840001B7C002B07D0FB681B685A68FB689B68A1
:1068500012681A6006E0FB681B685A68FB689B6850
:1068600052681A60FB6800221A71FB681B681B786B
:1068700003F0F003102B21D0202B44D1FB681B7CAC
:10688000002B07D0FB681B685A68FB68DB68528ADC
:106890001A8044E0FB681B685B681B7C03F0040300
:1068A000002B03D1FB68F5221A7138E0FB681B68E6
:1068B0005A68FB68DB68928A1A8030E0FB681B7CB0
:1068C000002B0FD1FB681B685B681B7D002B05D07C
:1068D000FB681B685B681B7D012B03D1FB68F522FD
:1068E0001A711CE0FB681B7C002B04D0FB681B6842
:1068F0005B68DB8A03E0FB681B685B681B8BFA68DC
:10690000D26813800BE0084B40F2817207490848B7
:106910000DF02CFB03E0FB68F5221A7100BF00BFED
:106920001037BD4680BD00BFE4670208646C0208F2
:10693000DC66020880B584B000AF78607B68FB60DD
:10694000FB681B685B78FB72FB681B685B68002B4D
:1069500069D0FB681B681B7803F0F003102B62D131
:10696000FB681B7A032B02D0FB7A022B5BD0FB7AED
:10697000032B03D1FB68F5221A7159E0FB7A012B36
:1069800003D1FB68FB221A7152E0FB681B7A03F00B
:106990000103002B04D0FB681B681846FFF798F82A
:1069A000FB681B689B6A002B06D0234B40F2C17228
:1069B000224923480DF0DAFAFB681B6804225A705A
:1069C000FB681B68FA689A62FB681B68002118461E
:1069D000FFF7FCF80346002B29D0FB681B685B78A7
:1069E000042B06D0144B40F2C672164914480DF021
:1069F000BDFA15480DF069F8FB681B680C330021DF
:106A000018460CF0C4FF10480DF050F8FB681B68E6
:106A10005B78002B0BD0084B40F2CA72094908483A
:106A20000DF0A4FA03E0FB68F5221A7100E000BF44
:106A30001037BD4680BD00BFE4670208606B0208E6
:106A4000DC6602087C6B0208E02C012480B483B071
:106A500000AF0346FB7197F90730002B04DC97F970
:106A6000073013F1100F01DA052305E097F907301D
:106A70005B42044A52F8233018460C37BD465DF895
:106A8000047B70478CA1020880B582B000AF7860AB
:106A90007B68002B13D07B681B68002B0BD07B68B6
:106AA0001B68184603F088FA7B6800225A607B68EE
:106AB0005A687B681A607968062002F0B7FB00BF4D
:106AC0000837BD4680BD80B582B000AF78607B6876
:106AD000002B0FD07B681B68002B04D07B681B68E1
:106AE000184603F069FA7B6800225A607B685A688E
:106AF0007B681A600837BD4680BD80B584B000AFA2
:106B0000F860B9601346FB80FB68002B02D16FF080
:106B10000F032BE0FB681B68002B04D0FB681B688D
:106B2000184603F049FA41220021362002F028FFDE
:106B30000246FB681A60FB681B68002B05D1FB68E6
:106B400000225A604FF0FF3310E0FB681B68BA6800
:106B50005A60FB681B68FA881A81FA6812681B89F8
:106B60005381FB681A68FB685A6000231846103787
:106B7000BD4680BD80B485B000AF78607B68FB60A7
:106B8000FB68002B02DBFB68032B01DD002303E025
:106B9000FB681B01034A134418461437BD465DF8D1
:106BA000047B7047902C012480B584B000AF7860DE
:106BB0007868FFF7DFFFF860FB6818461037BD46BE
:106BC00080BD80B584B000AF78607868FFF7ECFFD7
:106BD000F860FB68002B05D0FB681B68002B01D018
:106BE000FB6800E0002318461037BD4680BD00005A
:106BF00080B584B000AF78607868FFF7E2FFF86096
:106C0000FB68002B04D1054B09221A60002300E029
:106C1000FB6818461037BD4680BD00BF609B01244D
:106C200080B584B000AF786039600023FB6052E02B
:106C30000CF078FFB8602C4AFB681B0113441B68FA
:106C4000002B42D1284AFB681B0113447A681A6062
:106C5000B8680CF075FF244AFB681B011344043329
:106C600000221A60204AFB681B0113440E331B7874
:106C7000002B06D01D4B40F235221D491D480DF05A
:106C800075F9194AFB681B011344083300221A8066
:106C90007B681B7803F0F003102B02D13B68002BBC
:106CA00001D0012300E0002399B20F4AFB681B01C9
:106CB00013440A330A461A800B4AFB681B0113442B
:106CC0000C3300221A80FB680AE0B8680CF038FF29
:106CD000FB680133FB60FB68032BA9DD4FF0FF333A
:106CE00018461037BD4680BD902C01247C6C0208EC
:106CF000B06C0208DC66020880B485B000AFF860B2
:106D0000B9607A603B603B68FA6852681A60FB6859
:106D100000225A60FB681A687B681A60FB680022D0
:106D20001A60012318461437BD465DF8047B70478E
:106D300080B584B000AFF860B9607A607B681B688A
:106D4000002B0DD0FB68002B05D07B681B68184614
:106D500003F032F904E07B681B681846FFF794FEE5
:106D6000BB68002B02D0B868FDF770FD00BF10377C
:106D7000BD4680BD80B586B000AF786039600CF04C
:106D8000D1FE786107F1080307F10C0239687868D1
:106D9000FFF7B2FF386178690CF0D2FE3B69002B37
:106DA00006D0FB6807F1080219463868FFF7C0FFF4
:106DB00000BF1837BD4680BD90B593B000AFF860F6
:106DC000B9607A600023BB620023FB84F868FFF798
:106DD0000FFF38643B6C002B02D14FF0FF33E5E02E
:106DE0003B6C1B6807F12C0211461846FDF7CAFDE3
:106DF000034687F83F3097F93F30002B26D03B6C95
:106E00001B681B7803F0F003102B03D0694B5F2243
:106E10001A6018E097F93F3013F10F0F03D1654B5B
:106E200016221A600FE097F93F301846FFF70EFE62
:106E30000346002B07D097F93F301846FFF706FEB0
:106E400003465C4A13604FF0FF33AFE0FB6A002B50
:106E500006D1594B40F2B222584959480DF086F8F4
:106E6000FB6A01211846FFF7DBFEB863BB6BB3F189
:106E7000FF3F09D1FB6A1846FDF7E8FC4D4B17228E
:106E80001A604FF0FF3391E0BB6B002B02DBBB6B52
:106E9000032B06DD484B40F2BB224A4948480DF01F
:106EA00065F8BB6B1B01484A13447B63BB68002B2E
:106EB00055D07B68002B52D0F86A07F1260207F103
:106EC00028010023FDF7DEFC034687F83F3097F9E1
:106ED0003F30002B16D00121786BFFF74BFF97F95D
:106EE0003F301846FFF7B2FD0346002B07D097F955
:106EF0003F301846FFF7AAFD03462E4A13604FF0B5
:106F0000FF3353E007F1140310221A7007F1140342
:106F100002225A70FB8C07F11404184601F08CFB16
:106F20000346638007F11403BA6A5A6007F1140339
:106F300008330822002118460DF0FBF87B681B6817
:106F40003A7D934203D93B7D1A467B681A607B6881
:106F50001A6807F114031946B8680DF09AF90CF095
:106F6000E1FD3863FB6A9B691BB2DB431BB27B64A8
:106F7000FB6ABA6B9A61386B0CF0E2FDFB6ADB6A64
:106F8000002B12D011480CF091FD08E07B6C013B06
:106F90007B64FB6ADB6AF86A0022002198477B6CFD
:106FA000002BF3DC09480CF090FDBB6B18464C3706
:106FB000BD4690BD609B01247C6C0208D06C020829
:106FC000DC660208E06C0208902C0124E02C01240D
:106FD00080B588B000AFF860B9607A60F868FFF7F4
:106FE00007FEF861FB69002B02D14FF0FF3348E048
:106FF0007B68102B08D1BB685B78022B04D1BB687F
:1070000003F00303002B10D06FF00F00FFF71EFDFD
:107010000346002B06D06FF00F00FFF717FD034665
:107020001A4A13604FF0FF332BE0BB685B687B614B
:10703000BB685B88184601F0FFFA03467B83FB6957
:107040001B687A8B07F114011846FDF74FFC0346C5
:107050007B7697F91930002B12D097F91930184622
:10706000FFF7F4FC0346002B07D097F919301846B8
:10707000FFF7ECFC0346054A13604FF0FF3300E0D6
:10708000002318462037BD4680BD00BF609B012409
:1070900080B586B000AF786000237B617868FFF729
:1070A000A7FD38613B69002B02D14FF0FF333DE073
:1070B0003B691B68002B0BD03B691B681B7803F0F6
:1070C000F003102B0CBF01230023DBB27B610AE02D
:1070D0003B695B68002B06D0164B4FF44F72164984
:1070E00016480CF043FF3B691B681846FDF788FB08
:1070F0000346FB7397F90F30002B12D097F90F302E
:107100001846FFF7A3FC0346002B07D097F90F3072
:107110001846FFF79BFC0346094A13604FF0FF3304
:1071200004E079693869FFF725FE0023184618370F
:10713000BD4680BD7C6C0208F86C0208DC66020863
:10714000609B012480B584B000AF786039607868B6
:10715000FFF74EFDF860FB68002B02D14FF0FF33C4
:1071600033E03B6823EAE373FF2BA8BFFF233B60B8
:10717000FB681B683A68D2B211461846FDF7E2FB7D
:107180000346FB7297F90B30002B1DD0FB681B6880
:107190001B7803F0F003102B03D00E4B5F221A6014
:1071A0000FE097F90B301846FFF750FC0346002B11
:1071B00007D097F90B301846FFF748FC0346054AFD
:1071C00013604FF0FF3300E0002318461037BD4630
:1071D00080BD00BF609B012480B58AB000AFF8601D
:1071E000B9607A603B60082387F8273000233B6250
:1071F0007B68002B01DB7B6801E06FF00043FB61E3
:10720000FB68002B06D1724B40F2C63271497248BE
:107210000CF0ACFEFB681B681B7803F0F003102B2E
:1072200006D06B4B40F2C7326C496B480CF09EFEA7
:107230003B6803F00803002B05D097F8273043F094
:10724000040387F82730FB685B68002B03D0FB68DA
:107250005B687B6139E0FB681B6897F8272007F1C2
:1072600014011846FDF79EFD03467B7697F9193009
:10727000002B1DD03B6A002B00F3928097F9193048
:107280001846FFF7E3FB0346002B07D097F91930A8
:107290001846FFF7DBFB0346514A136097F9193094
:1072A00013F10F0F01D100238DE04FF0FF338AE07F
:1072B0007B69002B06D1464B40F2ED3249494648E6
:1072C0000CF054FE7A69FB685A607B691B891A4688
:1072D000FB69934203DD7B691B897B8301E0FB69CA
:1072E0007B837A8B6FF000439B1A3A6A9A4203DDE4
:1072F0003B6A9BB2DB437B8378693B6ABA68D118EF
:107300007A8B002303F07AF87B8B3A6A13443B6252
:107310007B8BFA699A4206DA2D4B40F205423249DC
:107320002D480CF023FE7B8BFA69D31AFB613B6876
:1073300003F00103002B23D17B691B897A8B9A42CE
:1073400006D9234B40F20B42284923480CF00EFE8D
:107350007B691B891A467B8BD31A002B09DD7B695D
:107360007A8B1146184602F0F4FD0246FB685A601B
:1073700006E0FB6800225A607B69184602F01CFE9A
:1073800097F8273043F0140387F82730FB69002B68
:1073900008DD3B6803F00103002B3FF454AF01E02C
:1073A00000BF00E000BF3B6A002B0BDD3B6803F031
:1073B0000103002B06D1FB681B683A6A1146184688
:1073C000FDF746FC3B6A18462837BD4680BD00BF26
:1073D0007C6C0208106D0208DC660208206D020851
:1073E000609B0124B06B0208446D02086C6D0208BA
:1073F00090B58BB000AFF860B9603B601346FB807E
:1074000000237B62BB68002B06D12B4B40F22F423E
:107410002A492B480CF0AAFD3B68002B06D1264BCD
:107420004FF48662274926480CF0A0FDBB6B002B69
:1074300006D1214B40F23142234921480CF096FD00
:1074400007F1140310221A7007F1140302225A7074
:1074500007F11404FB88184601F0EEF80346638038
:1074600007F11403BA6812685A6007F1140308336D
:107470000822002118460CF05CFEBB6B1B683A7DAD
:10748000934202D201237B6208E0BB6B1B683A7D0A
:10749000934203D93B7D1A46BB6B1A60BB6B1A68DB
:1074A00007F11403194638680CF0F3FE7B6A18469E
:1074B0002C37BD4690BD00BF7C6C02087C6D020875
:1074C000DC660208906D0208A06D020880B588B0E5
:1074D00002AFF860B9607A603B60FB68002B01D1B5
:1074E000002321E0BB68002B1DD07B68002B1AD045
:1074F000FB68186807F1160207F110010023FDF779
:10750000C1F9BB68002B0ED07B68002B0BD0FB6849
:107510001868FA8A07F110017B680093BB68FFF7CF
:1075200067FF034600E0002318461837BD4680BDBC
:1075300090B58DB002AFF860B9607A603B607B684F
:107540009B68002B06D17B68DB68002B02DD6FF0A7
:107550000F03ADE0BB6803F00803002B03D0042346
:1075600087F8273002E0002387F82730FB685B6844
:107570003B613B69002B1ED1FB681B6897F82720F5
:1075800007F110011846FDF72BFC0346FB7697F92F
:107590001B30002B02D097F91B3089E03B69002B90
:1075A00006D1454B40F28642444945480CF0DEFC8A
:1075B0003A69FB685A603B691B681B893B8300235F
:1075C0007B840023FB6129E03A8B7B8CD31AFB82FE
:1075D0007B689A68FB69DB0013445A68FB8A9A420D
:1075E00002D9FB8ABB8406E07B689A68FB69DB00F2
:1075F00013445B68BB843B6918687B689A68FB69C5
:10760000DB00134419687B8CBA8C02F0F7FE7A8C8D
:10761000BB8C13447B84FB690133FB617B68DB68B3
:10762000FA699A4203DA7A8C3B8B9A42CCD37B6814
:107630001B68002B1AD07B685B68002B16D07B6818
:107640001B68002B12D07B685B68002B0ED0FB6898
:1076500018683B6903F108013B699A897B681C68DB
:107660007B68043300932346FFF7C2FE7B68002249
:107670009A617B681B69002B07D000237B757B7D9B
:10768000002B02D17B6800225A61BB6803F0010322
:10769000002B06D1FB6800225A603B691846FFF7B1
:1076A000F3F93B68002B02D03B683A8B1A80002329
:1076B00018462C37BD4690BD7C6C0208B4670208A2
:1076C000DC66020880B594B002AFF860B9607A60F9
:1076D0003B60F868FFF78CFA78647B6C002B02D172
:1076E0004FF0FF3374E07B6C1B681B7803F0F003F2
:1076F000102B12D13B687A68B968786CFFF76CFD83
:10770000F863FB6B0193FB680093334B7A6D396D23
:10771000786CFFF7DBFEFB6B5AE000237B87BB68CE
:107720003B637B687B6300237B620023BB62002397
:10773000FB6207F13003FB6101233B623B6D7B6120
:107740007B6D002B02D07B6D1B6800E00023BB61CA
:1077500007F13A0107F11402FB6800930B46396800
:10776000786CFFF7E5FE034687F8433097F943301E
:10777000002B12D097F943301846FFF767F90346FC
:10778000002B07D097F943301846FFF75FF90346FF
:10779000124A13604FF0FF331AE07B8F1A467B6862
:1077A000934228BF13466FF00042934206D27B8F6C
:1077B0001A467B68934228BF134601E06FF00043EE
:1077C000FB637B6D002B02D0BA697B6D1A60FB6B8B
:1077D00018464837BD4680BDB06D0208609B012445
:1077E00080B586B002AFF860B9607A603B60002374
:1077F0000193002300933B687A68B968F868FFF743
:1078000061FF034618461037BD4680BD80B58AB07B
:1078100002AFF860B9607A603B60F868FFF7E8F99A
:10782000F861FB69002B02D14FF0FF334AE0FB699E
:107830001B681B7803F0F003102B0BD0002301937F
:10784000002300933B687A68B968F86800F040F854
:10785000034637E03B6803F01003002B01D00322FE
:1078600000E001223B685B105BB203F004035BB2F3
:1078700013435BB2FB7600237B61FB691868FA7ED9
:1078800007F11403009313467A68B968FDF7E6FA26
:107890000346BB7697F91A301846FFF7D7F8034628
:1078A000002B07D097F91A301846FFF7CFF8034698
:1078B000064A136097F91A30002B01D17B6901E069
:1078C0004FF0FF3318462037BD4680BD609B012432
:1078D00080B58CB000AFF860B9607A603B60F86842
:1078E000FFF786F9B862BB6A002B02D14FF0FF3375
:1078F0008EE0BB6A1B681B7803F0F003102B07D1E6
:107900003B687A68B968F868FFF780FF03467FE054
:107910007B68B3F5803F05D33F4B5A221A604FF086
:10792000FF3375E07B68FB84BB6B002B02D1FB6BE4
:10793000002B1FD0FB6B102B0BD1BB6B002B08D087
:10794000BB6B5B78022B04D1BB6B03F00303002BF2
:1079500010D06FF00F00FFF779F80346002B06D028
:107960006FF00F00FFF772F803462B4A13604FF0D9
:10797000FF334DE00023BB61BB697B61BB6B002B18
:107980000AD0BB6B5B68FB61BB6B5B88184600F081
:1079900053FE0346BB8503E00023BB850023FB6148
:1079A000BB8D3B84FA8C07F11403B9681846FFF7C6
:1079B000A4F8034687F82F3097F92F30002B0AD10F
:1079C000BB6A1B6807F1140211461846FDF726FA38
:1079D000034687F82F3007F114031846FFF773F8B2
:1079E00097F92F301846FFF731F80346002B07D0E0
:1079F00097F92F301846FFF729F80346064A136017
:107A000097F92F30002B01D1FB8C01E04FF0FF33B1
:107A100018463037BD4680BD609B012480B586B0D6
:107A200000AFF860B9607A60BB68032B09D0BB680F
:107A3000032B23DCBB68012B19D0BB68022B09D0B8
:107A40001CE07B68DBB2224A19464020FCF75EFE50
:107A5000786119E07B68882B01D1212300E0202385
:107A60001B4A00211846FCF751FE78610CE0184AC9
:107A700000211020FCF74AFE786105E0154B162224
:107A80001A604FF0FF331EE07B69002B05D1114BCC
:107A900069221A604FF0FF3315E000217869FFF783
:107AA000BFF838613B69B3F1FF3F08D17869FCF753
:107AB000CDFE084B17221A604FF0FF3303E07B69BD
:107AC0003A699A613B6918461837BD4680BD00BFC8
:107AD000617B0108609B012480B487B000AFF8602F
:107AE000B9607A603B6000237B612CE0FB685A69D7
:107AF0007B69DB0013443B613B691B68BA689A42AF
:107B00001ED17B68002B09D03B69B3F904309BB2CE
:107B100003F00103002B01D001231AE03B68002B86
:107B200009D03B69B3F904309BB203F00203002B88
:107B300001D001230DE03B6A002B01D0012308E0B6
:107B40007B6901337B61FB689B697A699A42CDD37B
:107B5000002318461C37BD465DF8047B70470000C3
:107B600080B58AB000AF78600B46FB7013463B804F
:107B70007B68002B00F0A4807B689B697B627B6A3A
:107B8000002B18DA0BF0CEFFF8617B689B69002BA5
:107B90000BDAFB78002B04D17B689B695A1E7B684B
:107BA0009A61F8690BF0CCFF8DE07B689B697B6282
:107BB000F8690BF0C5FF786AFFF71AF8B861BB697E
:107BC000002B7FD001233B620BF0ACFFF861FB7808
:107BD000042B3ED801A252F823F000BFF17B01082C
:107BE000137C01082B7C01083F7C01084B7C0108B9
:107BF000BB69B3F908309BB201339BB21AB2BB69BF
:107C00001A81BB69B3F90830012B2ADD00233B62DE
:107C100027E0BB69B3F908309BB2013B9BB21AB2B3
:107C2000BB691A8100233B621CE0BB695B89002BA6
:107C300001D000233B62BB6901225A8112E0BB697B
:107C400000225A8100233B620CE0BB6901229A8129
:107C500008E01E4B40F61F221D491E480CF086F915
:107C600000E000BFBB699B7B002B25D03B6A002B4B
:107C700022D0BB69B3F90830002BCCBF012300230D
:107C8000DBB27B61BB695B89002B14BF012300233E
:107C9000DBB23B61BB699B89002B14BF012300232E
:107CA000DBB2FB60F8690BF04BFFFB683A6979695E
:107CB000786A00F011F806E0F8690BF041FF02E085
:107CC00000BF00E000BF2837BD4680BD7C6C0208C5
:107CD000C06D0208DC66020880B588B002AFF860AB
:107CE000B9607A603B60424B1B687B6178E07B69DE
:107CF000DB69002B71D100233B617B695B69002B41
:107D000009D03B6800937B68BA68F9687869FFF727
:107D1000E3FE386156E0BB68002B17D07B699B6897
:107D2000002B13D07B699A68FB68002B00DA1F33A5
:107D30005B1152F82320FB6803F01F0322FA03F3C0
:107D400003F00103002B01D001233B617B68002B72
:107D50001AD03B69002B17D17B69DB68002B13D04D
:107D60007B69DA68FB68002B00DA1F335B1152F87D
:107D70002320FB6803F01F0322FA03F303F001033F
:107D8000002B01D001233B613B68002B1AD03B69DB
:107D9000002B17D17B691B69002B13D07B691A69F3
:107DA000FB68002B00DA1F335B1152F82320FB68BD
:107DB00003F01F0322FA03F303F00103002B01D0A9
:107DC00001233B613B69002B07D07B690122DA610B
:107DD0007B69203318460BF00BFE7B691B687B61C7
:107DE0007B69002B83D100BF00BF1837BD4680BD23
:107DF000D02C012480B582B000AF78607B68202B46
:107E000009D07B68202B0CDC7B68042B07D07B68B7
:107E1000082B02D005E020230BE0082309E004230F
:107E200007E0064B40F66832054906480CF09EF81C
:107E3000002318460837BD4680BD00BF7C6C020891
:107E4000D06D0208DC66020880B588B002AFF86029
:107E5000B9607A603B6000237B61F868FEF7C8FE7A
:107E600038613B69002B02D14FF0FF3324E03B68BF
:107E7000002B05D1124B0E221A604FF0FF331BE08E
:107E800010480BF013FE3B6A00933B687A68B968B0
:107E9000F86800F019F878610A480BF016FE7B6963
:107EA000002B02D0064A7B6913607B69002B02D04D
:107EB0004FF0FF3300E0002318461837BD4680BD61
:107EC000609B0124E02C012480B58AB000AFF860EB
:107ED000B9607A603B6000237B62F868FEF771FE50
:107EE000F861FB69002B01D10923E8E1BB6840F68A
:107EF000FF72934215D0BB68B3F5805F80F2DB81DF
:107F0000BB68FF2B00F0D381BB68FF2B00F3D3814C
:107F1000BB68002B00F03781BB68062B00F077812F
:107F2000C9E17B6841F20B02934200F328817B6830
:107F300041F20502934206DA7B68082B1AD07B686F
:107F4000202B17D01BE17A68944B1344062B00F2C8
:107F5000168101A252F823F0FD7F01084980010833
:107F60007F8101087F8101087F81010895800108D8
:107F7000FF8001087B68202B08D1FB691B681B78F8
:107F800003F0F003202B01D05C2398E17868FFF721
:107F900031FF78603B6B032B01D816238FE1FB691F
:107FA0001B68002B04D0FB691B685B68002B01D1A8
:107FB000162384E13B681B68002B0ED0FB691B680D
:107FC0005B685B7A5AB27B685BB213435AB2FB6957
:107FD0001B685B68D2B25A72D4E0FB691B685B68AD
:107FE0005B7A5AB27B685BB2DB435BB213405AB236
:107FF000FB691B685B68D2B25A72C3E03B6B0F2B04
:1080000001D816235BE1FB691B68002B01D1162305
:1080100055E13B68D3E900234FF47A7303FB02F286
:108020003B689B685E4981FB03018911DB17CB1A12
:1080300013443B613B69002B01DA16233FE1FB69E6
:108040001B683A69DA619DE03B6B0F2B01D8162360
:1080500035E1FB691B68002B01D116232FE13B683A
:10806000D3E900234FF47A7303FB02F23B689B6869
:108070004B4981FB03018911DB17CB1A13447B6148
:108080007B69002B01DA162319E1FB691B687A6909
:108090001A6277E03B6B032B01D816230FE1FB69D3
:1080A0001B68002B04D0FB691B685B68002B01D1A7
:1080B000162304E1FB691B681B7803F0F003202BF7
:1080C00001D05C23FBE03B681B68002B0BD0FB69F5
:1080D0001B685B681A7CFB691B685B6842F00102E5
:1080E000D2B21A744EE0FB691B685B681A7CFB69AC
:1080F0001B685B6822F00102D2B21A7442E00023CE
:108100003B623B6B052B01D81623D8E0FB691B684B
:10811000002B01D11623D2E03B68BB61BB691B7801
:10812000002B09D0BB69184601F064FB38623B6A3A
:10813000002B01D11323C2E0FB691B681B7803F0FD
:10814000F003102B02D0202B08D00FE0FB691B6836
:108150005B68396A184602F09DFD0FE0FB691B68F9
:108160005B68396A184608F081FF07E00D4B40F65E
:10817000D9520D490D480BF0F9FE00BF02E05C2317
:108180007B6200BF9AE07B68012B24D07B68022BC6
:1081900039D13B6B032B0BD8162390E0FBEFFFFF8D
:1081A000D34D62107C6C0208E86D0208DC660208A0
:1081B000FB691B68002B04D0FB691B685B68002B04
:1081C00001D116237BE03B681A68FB691B685B687A
:1081D000D2B2DA721AE03B6B032B01D816236EE0A1
:1081E000FB691B68002B04D0FB691B685B68002BD4
:1081F00001D1162363E03B681A68FB691B685B6862
:10820000D2B29A7202E05C237B6200BF56E03B6B05
:10821000032B01D8162352E0FB691B68002B04D006
:10822000FB691B685B68002B01D1162347E0FB69E3
:108230001B681B7803F0F003102B01D05C233EE099
:10824000FB691B685B681B7D012B01D1162336E09F
:108250007B68012B03D07B68022B1CD023E03B689A
:108260001B68002B0BD0FB691B685B685A8BFB6992
:108270001B685B6842F0400292B25A8316E0FB69C9
:108280001B685B685A8BFB691B685B6822F04002C5
:1082900092B25A830AE03B681A68FB691B685B6804
:1082A000C3F8942002E05C237B6200BF06E05C23FD
:1082B0007B6200BF02E05C237B6200BF7B6A1846E2
:1082C0002837BD4680BD00BF80B584B000AF786060
:1082D000396008F0F7FAF860FB68B3F1FF3F0BD1A3
:1082E00013480BF0F2FB0022396878680BF0C4FAEF
:1082F0000F480BF0DBFB18E0FB68002B02D108F005
:10830000A7FAE6E70A480BF0E0FBFA6839687868F4
:108310000BF0B2FAB86006480BF0C8FBBB68B3F1CB
:10832000FF3F02D108F094FAD3E71037BD4680BD75
:10833000E02C012480B584B000AF786010480BF0C9
:10834000B5FB104B1B68002B05D00E4B1B680E4A6B
:1083500012681046984707F10C0319460B48FFF7BF
:10836000B3FFFB68002B06D1094B9A2209490A4842
:108370000BF0FCFD03E0FB68184600F00FF8EAE79D
:10838000E02C0124D42C0124D82C0124DC2C012441
:10839000146E0208446E0208DC66020880B582B0E2
:1083A00000AF78607B681B78022B26D0022B2BDC79
:1083B000002B02D0012B15D026E07B68DB687A68A1
:1083C00050687A689268114698470346002B04D09B
:1083D0007B685B68184601F0EFFD7968092000F0C2
:1083E00025FF18E07B685B687A68926810469847BA
:1083F0007968082000F01AFF0DE07B685B687A68F6
:1084000092681046984706E0054BDD22054906486C
:108410000BF0ACFD00BF00BF0837BD4680BD00BFFC
:10842000146E0208446E0208DC66020880B586B04D
:1084300000AFF860B9607A601A480BF065FA03463D
:10844000002B06D1184B4FF48572184918480BF0D1
:108450008DFD092000F080FE78617B69002B02D140
:108460004FF0FF331AE07B6900221A707B69FA68CB
:108470005A607B69BA689A607B697A68DA60796960
:1084800008480BF0DFF90346002B06D07969092074
:1084900000F0CCFE4FF0FF3300E000231846183701
:1084A000BD4680BDDC2C0124146E0208646E0208F7
:1084B000DC66020880B582B000AF786039603B6846
:1084C00093F82D3003F01803002B06D0084A3968C2
:1084D0007868FFF7ABFF034605E0064A396878681D
:1084E000FFF7A4FF034618460837BD4680BD00BF0E
:1084F000413602085D25020880B584B000AF78607F
:10850000396019480BF000FA0346002B06D1174BCF
:1085100040F26B12164917480BF028FD082000F0B6
:108520001BFEF860FB68002B02D14FF0FF3317E011
:10853000FB6801221A70FB687A685A60FB683A6827
:108540009A60F96808480BF07DF90346002B06D0C5
:10855000F968082000F06AFE4FF0FF3300E00023C6
:1085600018461037BD4680BDDC2C0124146E02086D
:10857000646E0208DC66020880B584B000AFF86063
:10858000B9607A6006480BF091FAFB68B8689847C2
:1085900003480BF09AFA002318461037BD4680BDF9
:1085A000E02C012480B584B002AF7860396000F01F
:1085B0002EF9174A7B681360164A3B681360062140
:1085C00015480BF013F90346002B06D0134B40F26D
:1085D0009A22134913480BF0C9FC13480BF04EFACA
:1085E0000346002B06D00D4B40F29E220F490D484A
:1085F0000BF0BCFC182300934FF4805300220C496D
:108600000C480BF06FFA00BF0837BD4680BD00BFB5
:10861000D42C0124D82C0124DC2C0124146E020853
:10862000746E0208DC660208E02C0124986E0208D1
:1086300035830108BC6E020880B483B000AF0346E6
:10864000FB80B7F906301B021AB2FB881B0A9BB2EB
:108650001BB213431BB29BB218460C37BD465DF8E4
:10866000047B704780B483B000AF78607B681A06E3
:108670007B681B0203F47F031A437B681B0A03F425
:108680007F431A437B681B0E134318460C37BD46C5
:108690005DF8047B704780B489B000AF78603960C2
:1086A0007B68FB610023FB8100237B61FB6903F096
:1086B00001033B613B69002B0DD03B68002B0ADDB9
:1086C000FA69531CFB6107F10E03013312781A702B
:1086D0003B68013B3B60FB69BB610AE0BB699A1CDC
:1086E000BA611B881A467B6913447B613B68023B75
:1086F0003B603B68012BF1DC3B68002B04DD07F19C
:108700000E03BA6912781A70FB891A467B69134402
:108710007B617B691A0C7B699BB213447B617B692B
:108720001A0C7B699BB213447B613B69002B07D019
:108730007B691B029AB27B691B0ADBB213437B6124
:108740007B699BB218462437BD465DF8047B7047B1
:1087500080B582B000AF78600B467B807B8819467D
:108760007868FFF798FF0346DB439BB2184608374B
:10877000BD4680BD80B586B000AF78600023FB6049
:1087800000237B617B683B612BE03B695A683B6956
:108790005B8919461046FFF77EFF03461A467B6940
:1087A00013447B617B691A0C7B699BB213447B6128
:1087B0003B695B8903F001039BB2002B0ED0FB6881
:1087C000002B0CBF01230023DBB2FB607B691B0283
:1087D0009AB27B691B0ADBB213437B613B691B685E
:1087E0003B613B69002BD0D1FB68002B07D07B6934
:1087F0001B029AB27B691B0ADBB213437B617B6964
:108800009BB2DB439BB218461837BD4680BD80B58E
:1088100082B000AF00237B600BF022F900F0D4F8A7
:1088200000F02CFC00F01EFD08F084F801F074FE4E
:1088300007F0C6FF00BF0837BD4680BD80B483B0D7
:1088400000AF0346FB80054B1A68FB8813441846AB
:108850000C37BD465DF8047B704700BFFC2C01243B
:1088600080B483B000AF7860054B1B687A68D31A78
:108870009BB218460C37BD465DF8047B704700BFBD
:10888000FC2C012490B585B000AF7860454B1B6887
:108890007A689A4206D2444B4FF4E97243494448FD
:1088A0000BF064FB434B1B687A689A4206D33E4B3D
:1088B00040F2D31240493E480BF058FB7B681B79CD
:1088C000002B06D0384B4FF4EA723C4938480BF085
:1088D0004DFB7B681B88B3F5804F06D9324B40F2C5
:1088E000D712374932480BF041FB7B681B8818468A
:1088F000FFF7A4FFF8607A68FB689A4224D0FB680F
:108900001B79002B20D12B4B1B68FA689A421BD095
:108910002C4B1B68FA689A4202D12A4A7B68136082
:10892000FB681A887B681A80FB681B88B3F5804F48
:108930000AD0FB681B881846FFF780FF044678685A
:10894000FFF78EFF034663807B685B881846FFF75E
:1089500075FFB860BA687B689A421FD0BB681B7904
:10896000002B1BD1174B1B687A689A4202D1154A1B
:10897000BB6813607B681A88BB681A807B681B8899
:10898000B3F5804F0AD07B681B881846FFF756FF67
:108990000446B868FFF764FF0346638000BF1437DE
:1089A000BD4690BDFC2C0124CC6E0208FC6E020872
:1089B000DC660208002D0124146F0208306F0208E3
:1089C0004C6F0208082D012480B582B000AF1D4B0A
:1089D0001D4A1A601B4B1B687B607B684FF480420A
:1089E0001A807B6800225A807B6800221A714FF43B
:1089F0008040FFF723FF0346144A1360134B1B68A4
:108A000001221A71114B1B684FF480421A800F4BE0
:108A10001B684FF480425A800A4B1B680C4A136053
:108A20000C480BF02BF80346002B06D00A4B40F203
:108A300012220A490A480BF099FA00BF0837BD46CE
:108A400080BD00BFFC2C012400500030002D01240B
:108A5000082D0124042D0124CC6E0208786F020831
:108A6000DC66020880B586B000AF78607868FFF7F2
:108A7000F7FE0346FB827B681B881846FFF7DEFE85
:108A800038617B685B881846FFF7D8FEF8607B6822
:108A90001B88B3F5804F18D87B685B88B3F5804F8F
:108AA00013D87B685B88FA8A9A4204D0FB681B88DB
:108AB000FA8A9A4209D1084B1B683A699A4206D051
:108AC0003B695B88FA8A9A4201D0002300E00123C7
:108AD00018461837BD4680BD002D012480B588B0EA
:108AE00000AF78607B68002B70D07B6803F00303D5
:108AF000002B0DD0374B40F26622374937480BF038
:108B000035FA0BF00FF8F860F8680BF019F85EE032
:108B10007B68083BFB61324B1B68FA699A4206D3BB
:108B20007B6803F10C022F4B1B689A420DD9294B2D
:108B300040F272222C4929480BF018FA0AF0F2FF91
:108B4000386138690AF0FCFF41E028480AF0AEFFBE
:108B5000FB691B79002B10D11E4B40F27F22244968
:108B60001E480BF003FA21480AF0AFFF0AF0DAFFC3
:108B7000786178690AF0E4FF29E0F869FFF772FF8D
:108B80000346002B10D1134B4FF42272194913489E
:108B90000BF0ECF915480AF098FF0AF0C3FFB86132
:108BA000B8690AF0CDFF12E0FB6900221A71124B7E
:108BB0001B68FA699A4202D20F4AFB691360F8698E
:108BC000FFF760FE09480AF080FF00E000BF203791
:108BD000BD4680BDCC6E0208946F0208DC660208B8
:108BE000FC2C0124002D0124B86F0208042D01245F
:108BF000D46F0208FC6F0208082D012480B588B0EC
:108C000000AF78600B467B807B8803339BB223F0F8
:108C10000303FB83FB8B0B2B01D80C23FB83FB8B08
:108C2000B3F5804F03D8FA8B7B889A4201D2002398
:108C3000D8E06E4B1B687A689A4204D36C4B1B6871
:108C40007A689A4206D36B4B4FF431726A496B488B
:108C50000BF08CF9654B1B687A689A4204D3644B1D
:108C60001B687A689A4207D30AF05CFFB860B8685C
:108C70000AF066FF7B68B5E07B68083BBB61B869BA
:108C8000FFF7EEFD0346FB82BB691A88FB8AD31A05
:108C90009BB2083BBB82FA8BBB8A9A4206D9554BE2
:108CA00040F2D722564955480BF060F9FA8BBB8A3F
:108CB0009A4201D9002395E0FA8BBB8A9A4201D1EE
:108CC0007B688FE04F480AF0F1FEBB691B881846AD
:108CD000FFF7B4FD38613B691B79002B3FD1BB69BD
:108CE0001B88B3F5804F06D1424B4FF43A72464988
:108CF00042480BF03BF93B691B88BB81FA8AFB8B2E
:108D000013449BB20833FB81404B1B683A699A427B
:108D100006D1FB891846FFF791FD03463B4A1360D5
:108D2000FB891846FFF78AFD38613B6900221A71FA
:108D30003B69BA891A803B69FA8A5A80BB69FA8909
:108D40001A803B691B88B3F5804F47D03B691B886D
:108D50001846FFF773FD0246FB8953803EE0FB8B0C
:108D600003F11402BB8A9A4238D8FA8AFB8B134467
:108D70009BB20833FB81BB691B88B3F5804F06D1DA
:108D80001C4B40F2093220491C480BF0EFF8FB89DC
:108D90001846FFF753FD38611C4B1B683A699A422D
:108DA00002D21A4A3B6913603B6900221A71BB69FF
:108DB0001A883B691A803B69FA8A5A80BB69FA892A
:108DC0001A803B691B88B3F5804F07D03B691B882D
:108DD0001846FFF733FD0246FB89538009480AF025
:108DE00074FE7B6818462037BD4680BDFC2C0124EC
:108DF000002D0124CC6E020830700208DC660208E7
:108E000048700208042D012468700208082D01240E
:108E100080B588B000AF0346FB80FB88002B01D1F2
:108E20000023E2E0FB8803339BB223F00303BB8300
:108E3000BB8B0B2B01D80C23BB83BB8BB3F5804FB3
:108E400003D8BA8BFB889A4201D20023CDE069484F
:108E50000AF02CFE684B1B681846FFF701FD03461D
:108E6000FB83B7E0FB8B1846FFF7E8FC78617B6972
:108E70001B79002B40F0A7807B691B881A46FB8B6F
:108E8000D31AA3F10802BB8B9A42C0F09C807B6985
:108E90001B881A46FB8BD31AA3F10802BB8B143331
:108EA0009A4233D3FA8BBB8B13449BB208337B8239
:108EB0007B8AB3F5804F06D1504B40F27A3250494D
:108EC00050480BF053F87B8A1846FFF7B7FCF86060
:108ED000FB6800221A717B691A88FB681A80FB689C
:108EE000FA8B5A807B697A8A1A807B6901221A710F
:108EF000FB681B88B3F5804F0BD0FB681B881846B6
:108F0000FFF79CFC02467B8A538002E07B690122CA
:108F10001A71394B1B687A699A4227D1364B1B6804
:108F2000BB6105E0BB691B881846FFF787FCB86189
:108F3000BB691B79002B04D0334B1B68BA699A427A
:108F4000F0D12D4ABB6913602B4B1A682E4B1B685E
:108F50009A420BD0284B1B681B79002B06D0274B5D
:108F60004FF46A72294927480BF000F821480AF0AB
:108F7000ACFDBA8B7B6913440833234A12689342D1
:108F800006D91E4B4FF46B7221491E480AF0EEFFC2
:108F90007B6903F00303002B06D0184B40F2AE327E
:108FA0001C4918480AF0E2FF7B6903F00303002B19
:108FB00006D0124B4FF46C72174912480AF0D6FFD4
:108FC0007B69083311E0FB8B1846FFF737FC03463B
:108FD0001B88FB83FA8BBB8BC3F580439A42FFF45B
:108FE00041AF04480AF071FD002318462037BD4602
:108FF00080BD00BF042D0124082D0124CC6E020881
:1090000068700208DC660208002D01247C700208EA
:1090100098700208C8700208F870020880B485B021
:1090200000AF78607B689B6800221A607B685B6891
:10903000033323F00303BB600023FB6011E07B6874
:109040009B681A68BB681A607B689B68BA681A607C
:109050007B681B881A46BB681344BB60FB680133FE
:10906000FB607B685B881A46FB689342E7DB00BFC6
:1090700000BF1437BD465DF8047B704780B582B0F1
:1090800000AF0023FB8009E0FB88084A52F8233038
:109090001846FFF7C3FFFB880133FB80FB880C2BCE
:1090A000F2D900BF00BF0837BD4680BD6CA20208E0
:1090B00080B584B000AF78600AF034FDF8607B685A
:1090C0009B681B68BB60BB68002B15D07B689B68E6
:1090D000BA6812681A60BB6803F00303002B06D05D
:1090E000094B4FF48C72094909480AF03FFFF868B0
:1090F0000AF026FDBB6803E0F8680AF021FD0023B2
:1091000018461037BD4680BD1C7102084C7102081C
:10911000DC66020880B582B000AF78607B68002B07
:1091200006D10A4B4FF49E7209490A480AF01EFF05
:109130007B68002B01D1002303E07868FFF7B8FFBC
:10914000034618460837BD4680BD00BF1C710208A3
:1091500070710208DC66020880B584B000AF034677
:10916000FB71FB790C2B01D9002308E0FB79064A3F
:1091700052F823301846FFF79BFFF860FB6818464B
:109180001037BD4680BD00BF6CA2020880B584B018
:1091900000AF786039603B6803F00303002B06D012
:1091A0000D4B4FF4B6720D490D480AF0DFFE3B68D7
:1091B000FB600AF0B7FCB8607B689B681A68FB68C4
:1091C0001A607B689B68FA681A60B8680AF0B8FC95
:1091D00000BF1037BD4680BD1C71020884710208B3
:1091E000DC66020880B582B000AF786039607B68C9
:1091F000002B06D10A4B40F295120A490A480AF0A0
:10920000B5FE7B68002B07D03B68002B04D0396883
:109210007868FFF7BBFF00E000BF0837BD4680BDA0
:109220001C71020870710208DC66020880B582B009
:1092300000AF03463960FB71FB790C2B0CD83B68FF
:10924000002B08D0FB79064A52F8233039681846BB
:10925000FFF79CFF00E000BF0837BD4680BD00BFA0
:109260006CA2020880B400AF00BFBD465DF8047B6D
:109270007047000080B586B000AFF860B9607A60D2
:109280003B60FB68002B01D100239BE07B6A002B35
:1092900001D1002396E0BB68002B01D14B4BBB6092
:1092A0007B68002B01D1494B7B603B68002B01D1CF
:1092B000464B3B60FB6800225A60FB6800229A60C4
:1092C000FB680022DA60FB68414A5A61FB680022B1
:1092D0009A84FB68002283F82D20FB680022DA6163
:1092E000FB683A6A1A623B4B1A78FB6883F83020B5
:1092F000FB68BA6A1A613B687A68B968F86800F076
:109300000FF97B6AF86898470346002B01D00023C9
:1093100058E0FB6893F83030FF2B03D1FB68002244
:1093200083F8302000233B612B4B1B687B612BE0D3
:109330007A69FB689A4206D1284B4FF4CE722849CD
:1093400028480AF013FE3B6901333B613B69FF2B60
:1093500006DD224B4FF4CF72234922480AF006FE65
:109360007B6993F83020FB6893F830309A4208D13B
:10937000FB6893F830300133DAB2FB6883F83020B1
:1093800005E07B691B687B617B69002BD0D17B6921
:10939000002BBED1FB6893F83030FE2B03D10D4B70
:1093A00000221A7006E0FB6893F830300133DAB21D
:1093B000084B1A70084B1A68FB681A60064AFB686B
:1093C0001360FB6818461837BD4680BDE0A202084E
:1093D0008B970108C0980124B8980124A471020851
:1093E00010720208DC6602082472020880B582B09E
:1093F00000AF786039603968786802F037FE396804
:10940000786807F0B9FE00BF0837BD4680BD000090
:1094100080B586B000AFF860B9607A60BB68002B99
:1094200006D11D4B4FF4EE721C491D480AF09EFDFB
:109430007B68002B06D1184B40F2DD121749184803
:109440000AF094FDBB681A68FB6804331B689A42F3
:109450001CD0BB681B687B61FB6804331A687B689F
:109460001A6007F1140319467868FFF7BFFFBB685D
:10947000002B02D0BB681B6800E00023FA68536031
:109480000121F86800F0C4F8012300E00023184629
:109490001837BD4680BD00BFA4710208547202088F
:1094A000DC66020880B485B000AFF860B9607A600D
:1094B000BB681A68FB6808331B689A420AD0BB680D
:1094C000002B02D0BB681B6800E00023FA689360A1
:1094D000012300E0002318461437BD465DF8047BE5
:1094E000704780B485B000AFF860B9607A60BB683F
:1094F0001A68FB680C331B689A420AD0BB68002BC1
:1095000002D0BB681B6800E00023FA68D360012327
:1095100000E0002318461437BD465DF8047B704711
:1095200080B588B000AFF860B9607A603B60002316
:10953000FB610023BB61BB68002B01D11C4BBB60EE
:109540007B68002B01D11A4B7B603B68002B01D15B
:10955000174B3B60BB68002B03D0BB681B68002B1C
:1095600001D1012300E000237B617B69002B06D041
:1095700007F110031A46B968F868FFF749FFFA695E
:109580007968F868FFF78EFFBA693968F868FFF7FD
:10959000A8FF7B69002B06D107F110031A46B968B2
:1095A000F868FFF735FF00BF2037BD4680BD00BF1C
:1095B000E0A2020880B483B000AF7860044A7B6800
:1095C000136000BF0C37BD465DF8047B704700BFD9
:1095D000BC98012480B582B000AF78607B68002B16
:1095E00013D07B6893F82D3003F00103002B0CD1CE
:1095F0007B6893F82D3043F00103DAB27B6883F87F
:109600002D200321786800F003F80837BD4680BD9F
:1096100080B582B000AF78600B46FB707B68002B92
:1096200006D1184B4FF46272174918480AF09EFC95
:109630007B6893F82D3003F00403002B1ED07B6869
:1096400093F82D3003F00103002B17D0FB7803F0C3
:109650000103002B13D07B6804331B68002B0ED052
:109660007B6893F82D3003F00803002B07D07B684C
:1096700004331946786808F005FD00E000BF08379C
:10968000BD4680BDA471020864720208DC6602084F
:1096900080B582B000AF78607B68002B19D07B6802
:1096A00093F82D3003F00103002B12D07B6893F860
:1096B0002D3023F00103DAB27B6883F82D207B681C
:1096C00093F82D3003F00803002B02D0786808F0DF
:1096D0007BF80837BD4680BD80B582B000AF7860AA
:1096E0007B68002B1BD07B6893F82D3003F00403BC
:1096F000002B14D17B6893F82D3043F00403DAB2C9
:109700007B6883F82D2003217868FFF781FF7B6851
:10971000DB69002B03D07B68DB69786898470837E2
:10972000BD4680BD80B582B000AF78607B68002BFD
:1097300017D07B6893F82D3003F00403002B10D072
:109740007B6893F82D3023F00403DAB27B6883F84A
:109750002D207B68DB69002B03D07B68DB69786890
:1097600098470837BD4680BD80B483B000AF7860AD
:1097700039607B68002B02D07B683A68DA6100BFF1
:109780000C37BD465DF8047B704780B485B000AFF0
:10979000F860B9607A606FF00B0318461437BD4665
:1097A0005DF8047B7047000080B485B000AF0346CD
:1097B000FB71FB79002B13D00D4B1B68FB600CE099
:1097C000FB6893F830300133DBB2FA799A4201D169
:1097D000FB6806E0FB681B68FB60FB68002BEFD1B1
:1097E000002318461437BD465DF8047B704700BF60
:1097F000B898012480B584B000AF78607B68002BF6
:1098000001D1002332E07B68023318460AF0A8F940
:109810000346FB72FB7A002B06D17B6802331B7870
:10982000302B01D0002321E0124B1B68FB6019E0B4
:10983000FB6893F83030FA7A9A4210D17B681A7834
:10984000FB6893F82E309A4209D17B6801331A786D
:10985000FB6893F82F309A4201D1FB6806E0FB6861
:109860001B68FB60FB68002BE2D100231846103711
:10987000BD4680BDB898012480B582B000AF0AF023
:1098800051F938600D4B00221A7038680AF058F907
:109890000B4B1B687B600AE07B685B6F002B03D07F
:1098A000786802F021FC05E07B68DB687B607B6800
:1098B000002BF1D10837BD4680BD00BFC1980124FF
:1098C000D098012480B582B000AF7860FFF7D4FF54
:1098D00000BF0837BD4680BD80B582B000AF0AF03A
:1098E00021F978600F4B1B78FB700E4B01221A7028
:1098F00078680AF025F9FB78002B0FD100210A487F
:10990000FEF7FAFD0346002B08D00AF00BF9786049
:10991000044B00221A7078680AF012F900BF083769
:10992000BD4680BDC1980124C598010880B485B0AA
:1099300000AFF860B96011461A460B46FB8013462B
:10994000BB80FB6800221A60FB68BA685A60FB683B
:10995000FA881A81FB68BA885A813B8BDAB2FB68B5
:109960001A73FB683A7F5A73FB6801229A73FB688B
:109970000022DA7300BF1437BD465DF8047B7047E0
:1099800080B58CB002AF0346FB710B46BB8013461B
:109990007B80FB797B847B88B3F5207F00F082801D
:1099A000B3F5207F00F3CA80B3F5C17F10D0B3F5C3
:1099B000C17F00F3C380012B02D0412B40F0BE8059
:1099C0007A88BB881946002000F0D4F87862BFE09E
:1099D00000237B620023FB61BB887B830C20FFF7A5
:1099E000BBFB38613B69002B09D1FFF775FF7B6A30
:1099F000002B02D0786A00F0DFFA0023A9E07B8C0C
:109A000003339BB223F003039AB240F2EC539B1A48
:109A10009BB27A8B934228BF1346FB817B8C103319
:109A20003A691344033323F003031846F9897A8B08
:109A3000002301937B8800930B4601463869FFF7AA
:109A400075FF3B695B6803F00303002B06D0434BB3
:109A50004FF48172424943480AF088FA7B8C033301
:109A600023F0030340F2EC52934206D13B4B4FF4F8
:109A700082723D493B480AF079FA7B6A002B02D199
:109A80003B697B6202E0FB693A691A603B69FB61F2
:109A90007A8BFB89D31A7B8300237B847B8B002BFF
:109AA0009CD155E07B8C03339BB223F003039AB225
:109AB000BB8803339BB223F003039BB213443B8365
:109AC0003B8B1033FB823A8BBB88033323F00303B9
:109AD0009A4206D3FA8ABB88033323F003039A42DF
:109AE00001D2002335E0FB8A1846FFF791F978622E
:109AF0007B6A002B01D100232BE07B8C10337A6A28
:109B00001344033323F003031846B988BA880023AB
:109B100001937B8800930B460146786AFFF706FFA6
:109B20007B6A5B6803F00303002B10D00B4B4FF4F0
:109B300092720E490B480AF019FA08E0074B40F2FE
:109B400029120B4907480AF011FA002301E000BF6F
:109B50007B6A18462837BD4680BD00BF8872020860
:109B6000B8720208DC660208E87202081C73020878
:109B70004873020880B586B002AF78600B467B80E0
:109B800013463B803B88412B09D03B88012B06D0F4
:109B90000F4B4FF4A6720F490F480AF0E7F90B205C
:109BA000FFF7DAFAF860FB68002B01D100230BE025
:109BB00079887A88002301933B8800930B46796863
:109BC000F868FFF7B3FEFB6818461037BD4680BD46
:109BD0008872020864730208DC66020880B588B0E7
:109BE00002AF7B600346FB730B46BB8113467B8150
:109BF000FB7B7B827B8A033323F00302BB891A44FD
:109C0000BB8C9A4201D9002318E03B6A002B07D095
:109C10007B8A033323F003033A6A13447B6101E038
:109C200000237B617868B989BA89022301937B8913
:109C300000930B467969FFF779FE7B681846183761
:109C4000BD4680BD80B586B000AF78600B467B8096
:109C50007B68002B06D13F4B4FF4CD723E493F4805
:109C60000AF084F97B681B897A889A426ED27B68F5
:109C70001A897B88D31A3B827B887B827B687B61D5
:109C800018E07B695B897A8AD31A7B827B691A899F
:109C90003B8AD31A9AB27B691A817B691B687B6104
:109CA0007B69002B06D12B4B40F2B1122C492B487B
:109CB0000AF05CF97B695B897A8A9A42E1D87B6910
:109CC0001B7B03F00F03002B2CD17B695B897A8A05
:109CD0009A4227D07B695B7B03F00203002B21D1E2
:109CE0007B695A687B69D31A9AB27B8A13449BB208
:109CF00019467869FEF782FFF860FB68002B06D1F1
:109D0000144B40F2BF12174914480AF02FF9FA68B1
:109D10007B699A4206D00F4B40F2C11212490F489C
:109D20000AF024F97B697A8A5A817B695A897B69AE
:109D30001A817B691B68002B04D07B691B6818465D
:109D400000F03AF97B6900221A6000E000BF183782
:109D5000BD4680BD8872020878730208DC6602087E
:109D600090730208A8730208C473020880B586B015
:109D700000AFF860B9601346FB71FB68002B06D199
:109D80002B4B4FF4F2722B492B480AF0EFF8FB688B
:109D9000002B03D0BB68B3F5803F01D3012343E020
:109DA000BB68002B01D100233EE0BB687B82FB68CF
:109DB0001A897B8A13449BB27A8A9A4201D9012379
:109DC00032E0FB681B7B3B823B8A03F08003002B65
:109DD0000CD0FB685A68BB685B4213447B61FB682C
:109DE00010337A699A420DD201231DE0FB79002BD2
:109DF00006D0FB685A68BB685B4213447B6101E094
:109E0000012311E0FB687A695A60FB685A897B8AF2
:109E100013449AB2FB685A81FB681A897B8A1344FF
:109E20009AB2FB681A81002318461837BD4680BDD8
:109E300088720208B06B0208DC66020880B582B046
:109E400000AF78603960002239687868FFF78EFFCC
:109E5000034618460837BD4680BD000080B584B073
:109E600000AF786039607B68002B06D11C4B4FF443
:109E700014721C491C480AF079F87B68002B03D047
:109E80003B68B3F5803F01D3012325E03B68002BFD
:109E900001D1002320E03B68FB817B685B89FA8964
:109EA0009A4201D9012317E07B685B68BB607B683D
:109EB0005A683B681A447B685A607B685A89FB89F8
:109EC000D31A9AB27B685A817B681A89FB89D31AA4
:109ED0009AB27B681A81002318461037BD4680BDB0
:109EE00088720208B06B0208DC66020880B582B096
:109EF00000AF78600B467B8013467B70B7F9023069
:109F0000002B08DAB7F902305B4219467868FFF790
:109F1000A5FF034607E0B7F902307A78194678685A
:109F2000FFF724FF034618460837BD4680BD80B5BD
:109F300082B000AF78600B467B80B7F90230012217
:109F400019467868FFF7D2FF034618460837BD4622
:109F500080BD80B586B000AF78600B467B807B68A3
:109F60007B617B887B821CE07B695B897A8A9A4271
:109F700010D37B69FB607B695B897A8AD31A7B8209
:109F80007B691B687B61FB6800221A60F86800F03F
:109F900013F806E07B8A19467869FFF75FFF002314
:109FA0007B827B8A002B02D07B69002BDCD17B6912
:109FB00018461837BD4680BD80B588B000AF7860C0
:109FC0007B68002B0BD17B68002B06D13B4B4FF4F9
:109FD00038723B493B4809F0C9FF002369E0002380
:109FE000FB7762E009F09EFDB8617B689B7B002BEC
:109FF00006D1324B40F2F5223349324809F0B6FF20
:10A000007B689B7B013BDAB27B689A737B689B7BA6
:10A01000FB75B86909F094FDFB7D002B43D17B688B
:10A020001B683B617B681B7B03F00F03FB737B6842
:10A030005B7B03F00203002B11D07B68BB60BB6825
:10A040001B69002B06D11D4B40F203321F491D48EE
:10A0500009F08CFFBB681B69786898471DE0FB7BA3
:10A06000022B04D179680C20FFF7E0F815E0FB7BA8
:10A07000012B04D179680B20FFF7D8F80DE0FB7BAA
:10A08000002B03D17868FEF729FD06E00B4B40F268
:10A0900013320F490B4809F069FFFB7F0133FB774F
:10A0A0003B697B6001E000237B607B68002B99D1DA
:10A0B000FB7F18462037BD4680BD00BF887202086E
:10A0C000B06B0208DC660208E0730208F87302084D
:10A0D0001C74020880B485B000AF78600023FB8157
:10A0E00005E0FB890133FB817B681B687B607B6833
:10A0F000002BF6D1FB8918461437BD465DF8047B6A
:10A100007047000080B584B000AF78607B68002B9A
:10A1100016D009F007FDF8607B689B7B0133DAB24B
:10A120007B689A73F86809F00BFD7B689B7B002BBA
:10A1300006D1054B40F246320449054809F016FFA6
:10A1400000BF1037BD4680BD887202083074020817
:10A15000DC66020880B584B000AF786039607B6847
:10A16000002B42D03B68002B3FD07A683B689A4274
:10A1700006D11F4B40F25F321E491F4809F0F6FE20
:10A180007B68FB600AE0FB681A893B681B89134403
:10A190009AB2FB681A81FB681B68FB60FB681B684E
:10A1A000002BF0D1FB681A89FB685B899A4206D0C4
:10A1B0000F4B40F2673211490F4809F0D7FEFB6898
:10A1C0001B68002B06D00A4B4FF45A720C490A4800
:10A1D00009F0CCFEFB681A893B681B8913449AB2CC
:10A1E000FB681A81FB683A681A601037BD4680BD6B
:10A1F0008872020844740208DC660208607402086F
:10A200009074020880B582B000AF78603960396818
:10A210007868FFF79FFF3868FFF774FF00BF0837C3
:10A22000BD4680BD80B582B000AF786039603B68C4
:10A23000002B02D16FF00F0307E03B681A8900235F
:10A240003968786800F006F8034618460837BD46B6
:10A2500080BD000080B588B000AFF860B9601146DD
:10A260001A460B46FB801346BB80BB88FB6100236C
:10A27000BB61BB68002B04D0BB681B89FA889A427B
:10A2800002D96FF00F03ACE0FB68002B07D0FB682E
:10A290001B891946BA88FB881344994202DA6FF089
:10A2A0000F039EE0FB685B891A46FB69D21ABB6804
:10A2B0005B891946BB69CB1A9A4206D3BB685B8996
:10A2C0001A46BB69D31A7B6105E0FB685B891A46B5
:10A2D000FB69D31A7B61FB887A69934228BF1346D6
:10A2E0007B61FB685A68FB69D018BB685A68BB6918
:10A2F00013447A69194609F0CCFFFA697B69134463
:10A30000FB61BA697B691344BB617B699BB2FA88C4
:10A31000D31AFB80FB685B891A46FB69934206D916
:10A32000324B40F2FA323249324809F01FFEBB6824
:10A330005B891A46BB69934206D92C4B40F2FB322B
:10A340002D492C4809F012FEBB685B891A46BB698F
:10A3500093420DD30023BB61BB681B68BB60BB6825
:10A36000002B05D1FB88002B02D06FF00F0338E0E3
:10A37000FB685B891A46FB6993420DD10023FB61A0
:10A38000FB681B68FB60FB68002B05D1FB88002B7A
:10A3900002D06FF00F0324E0BB68002B0CD0BB6829
:10A3A0005A89BB681B899A4206D1BB681B68002B7F
:10A3B00002D06FF0050314E0FB68002B0CD0FB68A3
:10A3C0005A89FB681B899A4206D1FB681B68002BDF
:10A3D00002D06FF0050304E0FB88002B7FF462AF2E
:10A3E000002318462037BD4680BD00BF8872020892
:10A3F000A0740208DC660208B874020880B588B050
:10A4000000AFF860B96011461A460B46FB80134650
:10A41000BB8000237B830023FB82FB68002B01D1E0
:10A42000002343E0BB68002B01D100233EE0FB6822
:10A43000FB6134E0BB88002B0AD0FB695B89BA88DA
:10A440009A4205D3FB695B89BA88D31ABB8023E0A3
:10A45000FB695A89BB88D31A3B833A8BFB889A42A3
:10A4600001D9FB883B837B8BBA68D018FB695A689B
:10A47000BB8813443A8B194609F00BFFFA8A3B8BD1
:10A480001344FB827A8B3B8B13447B83FA883B8B90
:10A49000D31AFB800023BB80FB691B68FB61FB8830
:10A4A000002B02D0FB69002BC4D1FB8A1846203751
:10A4B000BD4680BD80B584B000AF03463A60FB71F5
:10A4C0000B46BB803B681989BA88FB791846FFF7B1
:10A4D00057FAF860FB68002B01D1002311E03968BE
:10A4E000F868FFF79FFE0346FB7297F90B30002BCD
:10A4F00006D0064B40F24C520549064809F036FD9D
:10A50000FB6818461037BD4680BD00BF8872020840
:10A51000D4740208DC66020880B500AF09F024FBA1
:10A5200003469BB2C3F30D039BB2A3F580439AB2DB
:10A53000014B1A8000BF80BD2C00002480B582B082
:10A5400000AF78607B681B7D012B05D1064BD422C0
:10A550000649074809F00AFD79680120FEF766FE02
:10A5600000BF0837BD4680BDE874020818750208B0
:10A57000DC66020880B582B000AF78607B681B7D26
:10A58000012B05D1064BDF220649074809F0EEFCF6
:10A5900079680220FEF74AFE00BF0837BD4680BD3D
:10A5A000E87402082C750208DC66020880B500AF6A
:10A5B00001F068F8074B1B780133DAB2054B1A70CB
:10A5C000044B1B7803F00103002B01D000F018FDB1
:10A5D00000BF80BDD998012480B584B000AF7860F9
:10A5E00039603B68002B05D10D4BFF220D490E4809
:10A5F00009F0BCFC7B68FB600AE0FB68DB6F3A6833
:10A600009A4202D1FB680022DA67FB68DB68FB60D4
:10A61000FB68002BF1D100BF00BF1037BD4680BDE5
:10A62000E874020848750208DC66020880B584B048
:10A6300000AF78607B68002B06D1144B40F21112FA
:10A640001349144809F092FC7B681B7D012B06D04E
:10A650000E4B4FF4897210490E4809F087FC012314
:10A66000FB600BE00D4AFB6852F823301B687968E9
:10A670001846FFF7B1FFFB680133FB60FB68032B53
:10A68000F0D900BF00BF1037BD4680BDE874020896
:10A6900070750208DC6602087C750208B8A2020820
:10A6A000B0B588B004AF78600B46FB707B68002BB8
:10A6B00006D1634B4FF4AF726249634809F056FC10
:10A6C000FB78002B67D07B681B7D042B03D07B6855
:10A6D0001B7D072B5FD17B689B6F002B05D17B68AF
:10A6E0001B8D41F2D062934255D07B685B8B03F0A7
:10A6F0001003002B06D1524B4FF4B272534952480B
:10A7000009F034FC7B68186D7B685C6A7D687B6847
:10A7100004337A68D28A7968098B02910192009396
:10A720002B4622460146786805F0D2FD786801F094
:10A7300035FB474B1B687A689A4205D1444B1B682E
:10A74000DB68434A136013E0414B1B68FB600CE07D
:10A75000FB68DB687A689A4204D17B68DA68FB6838
:10A76000DA6005E0FB68DB68FB60FB68002BEFD17B
:10A770007B680022DA60374B01221A70364B1B6867
:10A780007A689A4202D103F0E1FF02E07868FFF7AD
:10A79000D5FE002350E07B681B7D022B3BD0022BB3
:10A7A00044DC002B02D0012B2AD03FE07B68DB8AFF
:10A7B000002B21D0294B1B687A689A4205D1274B80
:10A7C0001B68DB68254A136013E0244B1B68BB60E1
:10A7D0000CE0BB68DB687A689A4204D17B68DA686F
:10A7E000BB68DA6005E0BB68DB68BB60BB68002B58
:10A7F000EFD17B680022DA607868FFF79FFE1AE0ED
:10A800007868FFF713FF7968154801F009FB78684D
:10A81000FFF7B0FE0FE079680D4801F001FB0D4B2A
:10A8200001221A707868FFF789FE04E0786800F06A
:10A8300019F8034600E0002318461037BD46B0BDA6
:10A84000E874020894750208DC660208B475020810
:10A85000D0980124D898012410990124C898012483
:10A86000CC98012480B584B000AF78607B68002B61
:10A8700006D12E4B4FF4CE722D492E4809F076FBAF
:10A880007B681B7D072B20D0072B2BDC032B02D0F2
:10A89000042B0DD026E0786804F0B2FD0346FB736C
:10A8A00097F90F30002B1FD17B6805221A751BE02A
:10A8B000786804F0A5FD0346FB7397F90F30002B71
:10A8C00014D17B6805221A7510E0786804F098FDB1
:10A8D0000346FB7397F90F30002B09D17B680922DF
:10A8E0001A7505E000231CE000BF02E000BF00E095
:10A8F00000BF97F90F30002B03D1786804F0BEFE3B
:10A900000DE097F90F30B3F1FF3F08D17B685B8B07
:10A9100043F008039AB27B685A83002301E097F959
:10A920000F3018461037BD4680BD00BFE8740208DE
:10A9300070750208DC66020880B582B000AF7860EE
:10A940007B68002B02D16FF00F030FE07B681B7D4B
:10A95000012B06D07B685B8B43F010039AB27B68B7
:10A960005A8301217868FFF79BFE03461846083793
:10A97000BD4680BD80B584B000AFF860B9607A6034
:10A98000FB68002B02D16FF00F033DE0FB681B7DDD
:10A99000012B02D16FF00A0336E0BB68002B1BD0FD
:10A9A000FB685B8B43F010039AB2FB685A837B68A9
:10A9B000002B05D00121F868FFF772FE034623E063
:10A9C000FB689B6F002B07D0FB689B6F1846FFF757
:10A9D000F3FAFB6800229A677B68002B13D0FB68B0
:10A9E0001B7D042B02DC032B02DA09E0072B07D1C5
:10A9F000BB68DBB21946F868FFF752FE034603E076
:10AA00006FF00A0300E0002318461037BD4680BDF2
:10AA100080B58EB004AF786039607B68002B00F0A1
:10AA20009A807B681B7D012B06D14C4B4FF4107232
:10AA30004B494C4809F09AFA7B681B7D0A2B07D1D9
:10AA40007968494801F0ECF97868FFF777FD82E012
:10AA500000237B6200237B847B681B6DBB617B686A
:10AA60005B6A7B617B68D3F890303B617B681B69D4
:10AA7000FB607B681B7D002B26D17B68DB8A002B6B
:10AA80002ED03A4B1B687A689A4205D1374B1B6827
:10AA9000DB68364A136013E0344B1B68FB610CE043
:10AAA000FB69DB687A689A4204D17B68DA68FB69E3
:10AAB000DA6005E0FB69DB68FB61FB69002BEFD125
:10AAC0007B680022DA600BE03B687B627B68DB8A94
:10AAD0007B847968264801F0A3F9264B01221A707D
:10AAE0007B681B6F002B04D07B681B6F184600F03F
:10AAF0009DFE7B68DB6E002B04D07B68DB6E184606
:10AB000000F094FE7B685B6F002B04D07B685B6F6A
:10AB1000184600F08BFE7B6A002B0ED079687B68AC
:10AB200004337A68128B02927A8C019200930B465E
:10AB30007A69B969786805F0CBFB7B681B7DFB728D
:10AB40007868FFF7FBFC3B69002B04D03B696FF092
:10AB50000C01F86898472837BD4680BDE8740208A4
:10AB6000D0750208DC660208D4980124C898012434
:10AB7000D0980124D898012480B582B000AF7860C5
:10AB800001217868FFF744FF00BF0837BD4680BD4C
:10AB900080B588B000AFF860B9601346FB8004232D
:10ABA0007B61BB68002B01D1374BBB60FB68002B7E
:10ABB00002D16FF00F0363E0FB681B7D002B02D016
:10ABC0006FF005035CE0FB88002B09D100F0D2F99F
:10ABD0000346FB80FB88002B35D16FF001034FE06B
:10ABE0000023FB612BE0294AFB6952F823301B68E4
:10ABF000BB611EE0BB69DB8AFA889A4216D1BB6949
:10AC0000002B10D0BB691B68002B0CD0BB68002B3D
:10AC100009D0BB681B68002B05D0BB691A68BB68EC
:10AC20001B689A4202D16FF0070329E0BB69DB6819
:10AC3000BB61BB69002BDDD1FB690133FB61FA69A4
:10AC40007B699A42CFDBBB68002B0CD0BB681B68CA
:10AC5000002B08D0BB68002B02D0BB681B6800E04B
:10AC60000023FA681360FB68FA88DA82084B1A68D6
:10AC7000FB68DA60064AFB68136005F0E1FC00231C
:10AC800018462037BD4680BDE0A20208B8A20208DF
:10AC9000C898012480B483B000AF786039603B6805
:10ACA000002B07D03B6893F830300133DAB27B6871
:10ACB0001A7202E07B6800221A7200BF0C37BD4690
:10ACC0005DF8047B7047000080B584B000AFF86089
:10ACD000B9601346FB71BB68002B06D1074B4FF4DC
:10ACE00044720749074809F041F9B868FFF744FF83
:10ACF0006FF00C0318461037BD4680BDE87402089B
:10AD000004760208DC66020880B588B000AFF860FF
:10AD10000B467A60FB720023FB61FB68002B02D1BB
:10AD2000F023FB7673E0FB681B7D002B02D0F12340
:10AD3000FB766CE0FB681B7D012B04D1FB68FB619B
:10AD4000F723FB7663E00220FEF706FAF861FB6961
:10AD5000002B02D1FF23FB7659E0FB681A69FB69DF
:10AD60001A61FB68DA8AFB69DA82FB6901221A75CB
:10AD7000FB685A7DFB695A75FB685A7AFB695A72FF
:10AD8000FB681A7AFB691A72FB68DA7AFB69DA7275
:10AD9000FB689A7AFB699A72FB681A68FB691A6009
:10ADA000FB68DB8A002B21D01E4B1B68FA689A4295
:10ADB00005D11C4B1B68DB681A4A136013E0194B62
:10ADC0001B687B610CE07B69DB68FA689A4204D1FE
:10ADD000FB68DA687B69DA6005E07B69DB687B61C8
:10ADE0007B69002BEFD1FB680022DA60F868FFF77F
:10ADF000A5FBFB690C4A9A610C4B1A68FB69DA6087
:10AE00000A4AFB69136005F01BFC0023FB767B6894
:10AE1000002B02D07B68FA7E1A70FB691846203737
:10AE2000BD4680BDC8980124C9AC0108CC98012456
:10AE300080B584B000AF78607B68002B06D1254BCD
:10AE400040F2AA322449254809F090F87B685B6AF1
:10AE50007A68128D1344FB607B68DB6A7A68528ED5
:10AE600040F668318A4228BF0A4692B21344FA6813
:10AE7000D31A002B08DB7B681A8D7B685A857B68A8
:10AE8000DB6AFA68D31A20E07B68DA6A7B685B6A5F
:10AE9000D31A002B03DA7B6800225A8514E07B6802
:10AEA000DA6A7B685B6AD31ABB60BB68B3F5803F24
:10AEB00006D3084B40F2BA320949084809F056F85F
:10AEC000BB689AB27B685A85002318461037BD4686
:10AED00080BD00BFE874020824760208DC66020820
:10AEE0004876020880B584B000AF78600B467B805E
:10AEF0007B68002B34D07B681B7D012B06D11A4B5D
:10AF000040F2D63219491A4809F030F87B681A8D98
:10AF10007B881344FB81FB8941F2D062934204D8C1
:10AF20007B681B8DFA899A4204D27B6841F2D06219
:10AF30001A8502E07B68FA891A857868FFF778FF3E
:10AF4000B860BB6840F2B352934209D97B685B8B0F
:10AF500043F002039AB27B685A83786804F08EFB50
:10AF60001037BD4680BD00BFE87402086476020851
:10AF7000DC66020880B483B000AF0023BB801E4BA8
:10AF80001B8801339AB21C4B1A801B4B1B884FF64F
:10AF9000FF72934203D1184B4FF440421A800023B2
:10AFA000FB711EE0FB79154A52F823301B683B60A9
:10AFB00011E03B68DA8A104B1B889A4208D1BB88A3
:10AFC0000133BB80BB88B3F5804FD8D300230DE09D
:10AFD0003B68DB683B603B68002BEAD1FB790133BF
:10AFE000FB71FB79032BDDD9034B1B8818460C370B
:10AFF000BD465DF8047B70472C000024B8A202080F
:10B00000B0B590B004AF002387F82530954B1B688E
:10B010000133944A1360944B1B780133DAB2924B9C
:10B020001A7000E000BF0023BB62904B1B68FB62FC
:10B030009DE2FB6A1B7D002B06D18D4B40F2C24284
:10B040008C498D4808F092FFFB6A1B7D012B06D1CD
:10B05000874B40F2C3428949874808F087FFFB6A63
:10B060001B7D0A2B06D1824B40F2C44284498248A0
:10B0700008F07CFFFB6A9A7F7B4B1B789A4205D1D4
:10B08000FB6ABB62FB6ADB68FB6270E2764B1A7894
:10B09000FB6A9A77002387F82730002387F8263049
:10B0A000FB6A1B7D022B0AD1FB6A93F84230052B09
:10B0B00005D997F82730013387F827301EE1FB6A5E
:10B0C00093F842300B2B05D997F82730013387F8D6
:10B0D000273013E1FB6A93F89930002B75D0FB6A97
:10B0E0001B6F002B06D0624B4FF49B626549624890
:10B0F00008F03CFFFB6ADB6E002B06D15C4B40F294
:10B10000D94261495C4808F031FFFB6A93F89A30F4
:10B110000B2B05D997F82730013387F82730EDE05E
:10B12000FB6A93F89930013B584AD35C7B74FB6A05
:10B1300093F898307A7C9A4207D9FB6A93F8983052
:10B140000133DAB2FB6A83F89820FB6A93F89830EF
:10B150007A7C9A4200F2D28001233B62FB6AB3F808
:10B160006030002B08D1F86A05F09CF90346002BEB
:10B1700014D000233B6211E0FB6AB3F8603019463B
:10B18000F86A03F0F3FF0346002B07D1F86A04F0D6
:10B1900075FA0346002B01D100233B623B6A002B6A
:10B1A00000F0AC80FB6A002283F89820FB6A93F8D9
:10B1B0009930062B00F2A280FB6A93F89930013394
:10B1C000DAB2FB6A83F8992098E0FB6AB3F9303071
:10B1D000002B0FDBFB6AB3F9303047F6FF72934266
:10B1E00008D0FB6AB3F930309BB201339BB21AB27C
:10B1F000FB6A1A86FB6AB3F93020FB6AB3F9403068
:10B200009A427BDBF86A04F02DFD0346002B07D041
:10B21000FB6A1B6F002B71D1FB6ADB6E002B6DD0BC
:10B22000FB6A1B7D022B3AD0FB6A93F842300C2B51
:10B2300028BF0C23FB76FB6AB3F93C30DB101BB252
:10B240001A46FB6AB3F93E301344FA7E10498A5C11
:10B2500093407B617B6947F6FE7293421ADC7B69FF
:10B260001AB219E0C4980124DA980124D098012474
:10B27000E87402088C760208DC660208B8760208D8
:10B28000E47602081077020844770208B0A20208A8
:10B29000A0A2020847F6FF72FB6AA3F84020FB6AEF
:10B2A00000221A86FB6AB3F86020FB6AB3F84830C4
:10B2B000934228BF13467B827B8A5B089AB2FB6A63
:10B2C000A3F84A20FB6AB3F84A20FB6A5B8E5B0056
:10B2D0009BB29A4206D2FB6A5B8E5B009AB2FB6A13
:10B2E000A3F84A20FB6A5A8EFB6AA3F84820FB6A3F
:10B2F0000022A3F86A20F86A04F024FDFB6A1B7D93
:10B30000062B11D1FB6A5B8B03F01003002B0BD0D3
:10B310009C4B1A68FB6A1B6AD31A282B04D997F82E
:10B320002730013387F82730FB6A5B7A03F0080384
:10B33000002B4AD0FB6A1B7D042B03D0FB6A1B7DCC
:10B34000072B42D18F4B1A68FB6A1B6AD21AFB6A21
:10B35000D3F894108C4B0B448C49A1FB03135B096D
:10B360009A420AD997F82730013387F8273097F89F
:10B370002630013387F8263027E0824B1A68FB6AB3
:10B380001B6AD21AFB6AD3F89410FB6A93F89B30BD
:10B3900018467F4B00FB03F30B447C49A1FB0313CE
:10B3A0005B099A4211D9F86A05F03CF8034687F820
:10B3B000253097F92530002B07D1FB6A93F89B3095
:10B3C0000133DAB2FB6A83F89B20FB6A5B6F002BC8
:10B3D00011D06C4B1A68FB6A1B6AD21AFB6AB3F96C
:10B3E000403019460B465B000B445B009A4202D387
:10B3F000F86A00F079FEFB6A1B7D032B0BD1614BD1
:10B400001A68FB6A1B6AD31A282B04D997F82730CD
:10B41000013387F82730FB6A1B7D092B0BD1594B71
:10B420001A68FB6A1B6AD31AF02B04D997F82730E5
:10B43000013387F8273097F82730002B60D0FB6A5C
:10B44000D3F89030FB60F86A00F0A8FCBB6A002BD0
:10B4500010D0504B1B68FA6A9A4206D14E4B40F20C
:10B4600071524E494E4808F081FDFB6ADA68BB6AAA
:10B47000DA600FE0474B1B68FA6A9A4206D0464BE7
:10B4800040F275524749464808F070FDFB6ADB6898
:10B49000404A136097F82630002B13D0FB6A186DD2
:10B4A000FB6A5C6AFD6AFB6A0433FA6AD28AF96A4B
:10B4B000098B0291019200932B4622460146F86ABD
:10B4C00004F006FFFB6A1B69BB60FB6A1B7DFB7116
:10B4D000FB6A3B60FB6ADB68FB623868FFF72EF8AB
:10B4E000314B00221A70FB68002B04D0FB686FF010
:10B4F0000C01B86898472C4B1B78002B37D092E58D
:10B50000FB6ABB62FB6ADB68FB62BB6A1B7F0133C1
:10B51000DAB2BB6A1A77BB6A1A7FBB6A5B7F9A4250
:10B5200025D3BB6A00221A771F4B00221A70BB6A10
:10B53000D3F88C30002B0BD0BB6AD3F88C30BA6AAE
:10B540001269B96A10469847034687F8253002E029
:10B55000002387F82530144B1B78002B7FF462AD55
:10B5600097F92530002B02D1B86A04F087F8FB6AFE
:10B57000002B7FF45EAD0023BB620C4B1B68FB62AB
:10B5800069E000BFC4980124B84C0A00D34D621092
:10B59000F8240100D0980124E87402087C7702089E
:10B5A000DC660208A8770208D8980124D498012400
:10B5B000FB6A1B7D0A2B06D02B4B40F2A5522B4970
:10B5C0002B4808F0D3FC002387F82730294B1A6852
:10B5D000FB6A1B6AD31AF02B04D997F82730013382
:10B5E00087F8273097F82730002B2FD0F86A00F023
:10B5F000D5FBBB6A002B10D01F4B1B68FA6A9A421E
:10B6000006D1194B40F2B3521C49194808F0AEFC60
:10B61000FB6ADA68BB6ADA600FE0174B1B68FA6AEC
:10B620009A4206D0104B40F2B7521549104808F024
:10B630009DFCFB6ADB68104A1360FB6AFB61FB6AD6
:10B64000DB68FB62F869FEF779FF04E0FB6ABB6226
:10B65000FB6ADB68FB62FB6A002BA9D100BF00BF5D
:10B660003037BD46B0BD00BFE8740208D477020889
:10B67000DC660208C4980124D498012404780208E6
:10B680002C78020880B582B000AF2D4B1B780133B7
:10B69000DAB22B4B1A702B4B1B687B6048E07B683F
:10B6A0009A7F274B1B789A423FD0254B1A787B68AC
:10B6B0009A777B685B8B03F00103002B10D07B68CB
:10B6C0005B8B43F002039AB27B685A83786803F07D
:10B6D000D5FF7B685B8B23F003039AB27B685A83A8
:10B6E0007B685B8B03F00803002B09D07B685B8BC6
:10B6F00023F008039AB27B685A837868FFF7B2F8A0
:10B700007B68DB683B607B689B6F002B0AD00E4B2D
:10B7100000221A70786800F019F80B4B1B78002B88
:10B7200000D0B8E73B687B6002E07B68DB687B6049
:10B730007B68002BB3D100BF00BF0837BD4680BD7A
:10B74000DA980124D0980124D898012490B585B0C6
:10B7500000AF78607B68002B02D16FF00F0361E0CF
:10B760007B689B6F5B7BBB737B689B6FBB607B68FD
:10B7700000229A677B68D3F88430002B0BD07B685B
:10B78000D3F884407B6818690023BA687968A047B9
:10B790000346FB7307E00023BA687968002000F0D5
:10B7A0009FF80346FB7397F90F30002B2BD1BB7B1F
:10B7B00003F02003002B34D07B681B8D41F2D06254
:10B7C000934205D07B681B8D01339AB27B681A8542
:10B7D0007B68D3F88430002B0BD07B68D3F884408F
:10B7E0007B681869002300227968A0470346FB7331
:10B7F00001E00023FB7397F90F3013F10D0F10D107
:10B800006FF00C030EE097F90F3013F10D0F02D11A
:10B810006FF00C0306E07B68BA689A676FF0040368
:10B8200000E0002318461437BD4690BD80B584B0B3
:10B8300000AF786007E07B681B68FB60786800F009
:10B840000AF8FB687B607B68002BF4D100BF00BF67
:10B850001037BD4680BD80B582B000AF78607B6890
:10B86000002B0CD07B685B68002B04D07B685B6886
:10B870001846FEF7A1FB79680320FDF7D7FC00BF4F
:10B880000837BD4680BD000080B584B000AF786049
:10B890007B68002B06D10F4B40F286620E490F48A1
:10B8A00008F064FB0320FDF757FCF860FB68002BF1
:10B8B00001D100230AE010227968F86808F0E9FC59
:10B8C000FB685B681846FEF71DFCFB6818461037DE
:10B8D000BD4680BDE874020854780208DC660208A0
:10B8E00080B584B000AFF860B9607A60FB70BB6867
:10B8F000002B02D16FF00F0316E07B68002B09D0FC
:10B900007B681B891946B868FFF7ECFA7868FEF780
:10B9100053FB08E097F90330002B04D1B868FFF718
:10B920000BF8034600E0002318461037BD4680BDE3
:10B9300080B586B000AF0346FB7197F90730002B46
:10B9400001DBFB7900E07F23FB72FB7A002B34D014
:10B95000FB7A013BFB720023FB6000233B61194B28
:10B960001B687B611FE07B695B7DFA7A9A420CD889
:10B970007B695B7DFA7A9A4212D1134B1A687B6914
:10B980001B6AD31AFA689A420AD80F4B1A687B6965
:10B990001B6AD31AFB607B693B617B695B7DFB7231
:10B9A0007B69DB687B617B69002BDCD13B69002B09
:10B9B00004D03869FFF7E0F800E000BF1837BD4653
:10B9C00080BD00BFD0980124C498012480B586B002
:10B9D00000AF0346FB71FB79082B09D0FB79092BDB
:10B9E00006D01A4B40F2E16219491A4808F0BEFA33
:10B9F0000023FB6000233B61174B1B687B6117E052
:10BA00007B691B7DFA799A420FD1144B1A687B69C6
:10BA10001B6AD31AFA689A4207D8104B1A687B69D6
:10BA20001B6AD31AFB607B693B617B69DB687B61C6
:10BA30007B69002BE4D13B69002B03D000213869DE
:10BA4000FEF7E6FF00BF1837BD4680BDE874020868
:10BA500070780208DC660208D0980124C49801249A
:10BA600080B584B000AF00237B600023BB60124B25
:10BA70001B68FB6012E0114B1A68FB681B6AD31A43
:10BA80007A689A4207D80D4B1A68FB681B6AD31A6A
:10BA90007B60FB68BB60FB68DB68FB60FB68002BBE
:10BAA000E9D1BB68002B02D0B868FFF765F800BF8A
:10BAB0001037BD4680BD00BFD4980124C49801242E
:10BAC00080B582B000AF104B1B687B6014E07B68D0
:10BAD000DB683B607B685B8B03F00803002B09D0BD
:10BAE0007B685B8B23F008039AB27B685A83786883
:10BAF000FEF7B8FE3B687B607B68002BE7D100BF98
:10BB000000BF0837BD4680BDD098012480B584B001
:10BB100000AF0346FB710120FDF71EFBF860FB68D8
:10BB2000002B26D1FFF7CCFFFFF79AFF0120FDF78E
:10BB300013FBF860FB68002B1BD10920FFF746FFC1
:10BB40000120FDF709FBF860FB68002B11D10820EC
:10BB5000FFF73CFF0120FDF7FFFAF860FB68002BC0
:10BB600007D1FB791846FFF7E3FE0120FDF7F4FA51
:10BB7000F860FB68002B3FD09C220021F86808F099
:10BB8000D8FAFB68FA795A75FB6841F2D062A3F8DB
:10BB90006420FB6841F2D0625A85FB685A8DFB68CD
:10BBA0001A85FB68FF22DA72FB684FF406725A8628
:10BBB000FB680622A3F84020FB680622DA87FB68B0
:10BBC0004FF6FF721A86FB680122A3F848200D4B3E
:10BBD0001A68FB681A620C4B1A78FB689A77FB6844
:10BBE00041F2D062A3F84A20FB68084AC3F88420D7
:10BBF000FB68074AC3F89420FB6818461037BD4617
:10BC000080BD00BFC4980124DA980124E1B801087E
:10BC100000DD6D0080B584B000AF0346FB714020AD
:10BC2000FFF774FFF860FB6818461037BD4680BD0B
:10BC300080B483B000AF786039607B68002B02D09D
:10BC40007B683A681A6100BF0C37BD465DF8047B1B
:10BC50007047000080B582B000AF786039607B68C3
:10BC6000002B0ED07B681B7D012B06D1074B4FF4B8
:10BC7000FD620749074808F079F97B683A68C3F81C
:10BC8000842000BF0837BD4680BD00BFE8740208AD
:10BC900080780208DC66020880B582B000AF786068
:10BCA00039607B68002B0ED07B681B7D012B06D191
:10BCB000074B40F2FC720749074808F057F97B68C8
:10BCC0003A68C3F8802000BF0837BD4680BD00BF7A
:10BCD000E8740208A8780208DC66020880B582B021
:10BCE00000AF786039607B68002B0ED07B681B7DCD
:10BCF000012B06D1074B40F616020749074808F00A
:10BD000035F97B683A68C3F8902000BF0837BD4614
:10BD100080BD00BFE8740208D0780208DC66020823
:10BD200080B485B000AF786039607B68002B08D0A4
:10BD30007B681B7D012B04D17B68FB60FB683A6844
:10BD40009A6100BF1437BD465DF8047B7047000060
:10BD500080B584B000AFF860B9601346FB71FB6832
:10BD6000002B11D0FB681B7D012B06D1084B40F640
:10BD700048020849084808F0F9F8FB68BA68C3F8AF
:10BD80008C20FB68FA795A771037BD4680BD00BF1A
:10BD9000E8740208F8780208DC66020880B582B010
:10BDA00000AF78607B68002B37D07B681B7D002B51
:10BDB00033D07B681B7D0A2B2FD07B681B7D012B2A
:10BDC0002BD07B689B6F002B07D07B689B6F18463E
:10BDD000FEF7F2F87B6800229A677B685B6F002BA6
:10BDE00002D0786800F080F97B684FF6FF721A86FF
:10BDF0007B68DB6E1846FFF719FD7B681B6F1846E2
:10BE0000FFF714FD7B680022DA667B68DA6E7B68D8
:10BE10001A677B680022A3F868200837BD4680BDFA
:10BE200080B584B000AF786039603B68002B06D1E4
:10BE30003E4B40F68D023E493E4808F097F87B683D
:10BE4000002B06D1394B40F68E023B49394808F0A9
:10BE50008DF87B681B683A689A4205D17B681B683D
:10BE6000DA687B681A6013E07B681B68FB600CE093
:10BE7000FB68DB683A689A4204D13B68DA68FB6881
:10BE8000DA6005E0FB68DB68FB60FB68002BEFD144
:10BE90003B680022DA603868FFF780FF3B681B7D53
:10BEA0000A2B13D03B681B7D012B0FD03B685B8BAB
:10BEB00003F00103002B09D03B685B8B43F00203C6
:10BEC0009AB23B685A83386803F0D8FB3B681B7D05
:10BED000012B20D03B68DB6E002B06D0134B40F6C5
:10BEE0009D021649134808F041F83B681B6F002B70
:10BEF00006D00E4B40F69E0211490E4808F036F867
:10BF00003B685B6F002B06D0084B4FF40A620D496B
:10BF1000084808F02BF83B6800221A753B6800229D
:10BF2000DA8200BF1037BD4680BD00BFE87402084A
:10BF300018790208DC66020834790208547902088C
:10BF40006C7902088879020880B582B000AF786009
:10BF50007B68002B06D10A4B40F6B90209490A4812
:10BF600008F004F8094B1A68094B1B681344074A88
:10BF70001360064B1B6818460837BD4680BD00BFDE
:10BF8000E8740208A0790208DC6602083000002488
:10BF9000C498012480B586B000AF0346B9607A60CA
:10BFA000FB817B68002B06D1144B40F6CF0214496D
:10BFB000144807F0DBFFBB68002B01D1FB8919E0B7
:10BFC000BB689B8CFB82FB8A002B12D02823BB8290
:10BFD000FA8ABB8A9A4204D9FA8ABB8AD31A9BB2DC
:10BFE00000E000237B827A8AFB89934228BF1346B4
:10BFF000FB81FB8918461837BD4680BDE8740208EE
:10C00000BC790208DC66020880B584B000AF7860B5
:10C0100039603B68FB607B68002B19D1104B40F600
:10C020000A121049104807F0A1FF11E0FB681A68D6
:10C030007B681B689A4208D1FB68DB68BB60F868C4
:10C04000FEF79AFDBB68FB6002E0FB68DB68FB6003
:10C05000FB68002BEAD100BF00BF1037BD4680BD92
:10C06000E8740208E4790208DC66020880B584B04E
:10C0700000AF786039607B68002B2AD07B681B6832
:10C08000002B26D0154B1B6819467868FFF7BCFFBC
:10C09000134B1B6819467868FFF7B6FF3B68002B07
:10C0A00017D03B681B68002B13D00E4B1B68FB603E
:10C0B0000CE0FB681A687B681B689A4203D13B68F6
:10C0C0001A68FB681A60FB68DB68FB60FB68002B82
:10C0D000EFD100BF1037BD4680BD00BFD09801240E
:10C0E000C8980124CC98012480B582B000AF786054
:10C0F0007B685B6F002B07D07B685B6F1846FFF790
:10C1000095FB7B6800225A6700BF0837BD4680BD9B
:10C1100090B58DB004AF786039607B68002B05D195
:10C120009B4B83229B499C4807F020FF7B685B6800
:10C130009A4A13607B685B89132B40F2D283984B39
:10C140005B69974A12681146184606F003FC0346DD
:10C15000002B40F0C883924B5B6903F0F003E02BA7
:10C1600000F0C1838D4B1B689B899BB21846FCF77E
:10C1700063FA03461B0B9BB2DBB29B00BB74BB7C18
:10C18000132B40F2B283BB7C9AB27B681B899A4224
:10C1900000F2AB83BB7C9BB2143B9AB2814B1A80FA
:10C1A000814B00221A607B685A89BB7C9BB29A4201
:10C1B00009D37C4B1A887D4B1A80BB7C1946786862
:10C1C000FDF74CFE4EE07B681B68002B05D1704BE1
:10C1D000C2227749704807F0C9FE14217868FDF73C
:10C1E0003DFE7B685A89714B1A806E4B1A886F4BE3
:10C1F0001B88D31A3B826D4B1B8819467868FDF764
:10C200002DFE7B681B685B893A8A9A4200F26F8335
:10C210007B681B685B68644A13607B681B683A8AAA
:10C2200011461846FDF71AFE7B681A893B8AD31A15
:10C230009AB27B681A817B685B89002B05D0544BCE
:10C24000DF225C49544807F091FE7B681A897B68BD
:10C250001B681B899A4205D04D4BE02256494E4837
:10C2600007F084FE4D4B1B681B889BB24B4A146839
:10C270001846FCF7E1F903462380484B1B685B88AE
:10C280009BB2464A14681846FCF7D6F90346638009
:10C29000424B1B685B68414A14681846FCF7E2F998
:10C2A000034663606368454A13603C4B1B689B68A8
:10C2B0003A4A14681846FCF7D5F90346A360A36808
:10C2C0003F4A1360354B1B68DB899BB2334A1468C5
:10C2D0001846FCF7B1F90346E381304B1B689B8994
:10C2E0009BB21846FCF7A8F90346DBB203F03F0304
:10C2F000DAB2344B1A707B681A89334B1A80314B8F
:10C300001B7803F00303002B0CD02F4B1B88013349
:10C310009AB22D4B1A807B681A892B4B1B889A4244
:10C3200000F2E7820023BB61284B1B68FB619DE0A4
:10C33000FB691B7D002B05D1154BFB2224491648B8
:10C3400007F014FEFB691B7D0A2B05D1104BFC2264
:10C350002049114807F00AFEFB691B7D012B05D11E
:10C360000B4BFD221C490C4807F000FEFB691B7AB1
:10C37000002B33D0FB691A7A094B5B6893F8303095
:10C380000133DBB29A4229D0FB69BB616BE000BF8D
:10C39000187A02084C7A0208DC660208EC9801243C
:10C3A000E42C0124F0980124F4980124F29801244B
:10C3B000647A0208747A0208807A0208FC980124E0
:10C3C000009901240899012406990124D098012498
:10C3D000A07A0208C87A0208F47A0208FB691A8B6C
:10C3E000724B1B681B889BB29A423AD1FB69DA8A6E
:10C3F0006E4B1B685B889BB29A4232D1FB695A68CC
:10C400006B4B1B699A422CD1FB691A68684B5B69BC
:10C410009A4226D1FB69DB68FA699A4206D1654BDC
:10C4200040F20D126449654807F0A0FDBB69002B7E
:10C430000AD0FB69DA68BB69DA60614B1A68FB698C
:10C44000DA605F4AFB691360FB69DB68FA699A424C
:10C4500011D1584B40F215125A49584807F086FD41
:10C4600009E0FB69BB61FB69DB68FB61FB69002BD1
:10C470007FF45EAF00E000BFFB69002B40F0AA80B4
:10C48000514B1B68FB613FE0FB691B7D0A2B06D00B
:10C49000484B40F21F124D49484807F067FDFB69C1
:10C4A0001B7A002B09D0FB691A7A414B5B6893F821
:10C4B00030300133DBB29A4222D1FB691A8B3B4BFD
:10C4C0001B681B889BB29A421BD1FB69DA8A374BE7
:10C4D0001B685B889BB29A4213D1FB695A68344B44
:10C4E0001B699A420DD1FB691A68314B5B699A420C
:10C4F00007D1F86900F058FB7868FDF75DFDFEE1B3
:10C5000000BFFB69DB68FB61FB69002BBCD100232A
:10C51000BB612F4B1B687B612AE07B691B7A002B78
:10C520000CD07B691A7A224B5B6893F83030013368
:10C53000DBB29A4202D07B69BB6116E07B69DA8A82
:10C540001A4B1B685B889BB29A420CD17B691A68B4
:10C55000174B5B699A420FD07B69002B0DD07B692A
:10C560001B68002B09D07B69BB617B69DB687B6141
:10C570007B69002BD1D100E000BF7B69002B29D063
:10C58000BB69002B0AD07B69DA68BB69DA60104BA3
:10C590001A687B69DA600E4A7B691360786900F07B
:10C5A00005FA7868FDF708FDA9E100BFEC980124C1
:10C5B000E42C0124187A02081C7B0208DC660208BD
:10C5C000D0980124487B0208D4980124747B020887
:10C5D000CC980124FB69002B00F05881954B002278
:10C5E0001A607B681A89934B1A81924A7B68536060
:10C5F000914B1B688F4AD360904B00221A60904B7E
:10C6000000221A708F4B00221A808F4B1B7803F088
:10C610000803002B06D07B685B7B43F00103DAB292
:10C620007B685A73FB699B6F002B17D0F869FFF783
:10C630008DF8034613F10D0F07D0FB699B6F002B9C
:10C640000CD0824B1B88002B08D0FB695B8D002B24
:10C6500040F0E480F86903F083FEDFE07C4AFB6988
:10C660001360F86900F01AFB0346FB7497F9133066
:10C6700013F10D0F00F0D480714B1B7803F0080309
:10C68000002B15D0FB69D3F89030002B08D0FB6944
:10C69000D3F89030FA6912696FF00D01104698478F
:10C6A000F9696C48FFF7BCFBF869FDF747FFDAE072
:10C6B0000023FB74634B1B88002B1DD0614B1B8830
:10C6C000FB81FB69D3F88030002B0AD0FB69D3F8DB
:10C6D0008030FA691069FA89F96998470346FB7452
:10C6E00001E00023FB7497F9133013F10D0F00F0F4
:10C6F0009980544B00221A80F86900F017F903461C
:10C70000002B40F091804D4B1B68002B41D0FB6902
:10C710009B6F002B06D0504B4FF4F3724F4950489B
:10C7200007F024FCFB695B8B03F01003002B08D09F
:10C73000424B1B681846FDF73FFCF869FEF71CFAF0
:10C7400091E0FB69D3F88430002B0CD0FB69D3F85F
:10C750008440FB691869394B1A680023F969A047BE
:10C760000346FB7408E0354B1A680023F969002082
:10C77000FFF7B6F80346FB7497F9133013F10D0F6A
:10C7800054D097F91330002B03D02C4B1A68FB6957
:10C790009A672B4B1B7803F02003002B31D0FB69E9
:10C7A0009B6F002B09D0FB699B6F5A7BFB699B6FCA
:10C7B00042F02002D2B25A7323E0FB691B8D41F292
:10C7C000D062934205D0FB691B8D01339AB2FB699D
:10C7D0001A85FB69D3F88430002B0BD0FB69D3F8A2
:10C7E0008440FB69186900230022F969A0470346C9
:10C7F000FB7401E00023FB7497F9133013F10D0F64
:10C8000016D0134B00221A60F86900F08FF8034627
:10C81000002B27D1F86902F031FF24E000BF22E0AD
:10C8200000BF20E000BF1EE000BF1CE000BF1AE018
:10C8300000BF18E0DC980124EC9801240C99012435
:10C8400009990124049901240899012406990124D5
:10C8500010990124D0980124187A0208A47B0208B8
:10C86000DC66020800BF274B00221A60264B00221C
:10C870001A60264B5B68002B40D0244B5B6818463F
:10C88000FDF79AFB214B00225A6037E0204B1B68D2
:10C890009B899BB21846FBF7CFFE0346DBB203F041
:10C8A0000403002B19D11B4B58681B4B19681B4BF9
:10C8B0001B881A461A4B1B68D418154B1B685B88DB
:10C8C0009BB2134A1268128892B202920193154BDE
:10C8D0000093154B224603F01CFD7868FDF76CFBB6
:10C8E0000CE000BF06E000BF04E000BF02E000BFB4
:10C8F00000E000BF7868FDF75FFB00E000BF243771
:10C90000BD4690BD109901240C990124DC980124A6
:10C91000EC980124E42C01240099012406990124B7
:10C92000FC980124F42C0124F82C012480B582B059
:10C9300000AF78607B68002B06D1174B40F25A227B
:10C940001649174807F012FB164B1B7803F010032B
:10C95000002B1CD07B685B8B03F01003002B0DD1E8
:10C960007B68D3F89030002B08D07B68D3F89030E8
:10C970007A6812696FF00E011046984779680A4884
:10C98000FFF74EFA7868FDF7D9FD012300E0002398
:10C9900018460837BD4680BD187A0208C07B0208D9
:10C9A000DC66020809990124D098012490B58BB067
:10C9B00004AF78606F4B1B7803F00403002B40F04A
:10C9C000D3807B68002B06D16B4B40F281226B49F0
:10C9D0006B4807F0CBFA674B1B7803F01003002B72
:10C9E0001AD0684B5868684B1968684B1B881A4600
:10C9F000674B1B68D418674B1B685B889BB2654A02
:10CA00001268128892B202920193634B0093634BB7
:10CA1000224603F07EFCA9E0564B1B7803F002038C
:10CA2000002B00F0A3807B685B7D1846FFF76EF853
:10CA300078617B69002B11D17B689B69002B0AD040
:10CA40007B689B697A6810694FF0FF320021984734
:10CA50000346BB738BE0F023BB7388E0494B5A69F4
:10CA60007B691A60474B1A697B695A607B68DA8A6E
:10CA70007B69DA82474B1B681B889AB27B691A83F1
:10CA80007B6903221A75424B1B685A1C7B695A62E8
:10CA90007B695A6A7B69DA627869FFF755FA38610F
:10CAA0007B693A699A657B693A691A657B693A6973
:10CAB0005A647B693A69DA65354B1B685A1E7B6993
:10CAC0005A657B681A697B691A617B697A68DA67DB
:10CAD0007B685B7A03F00C03DAB27B695A727B687D
:10CAE0001A7A7B691A722E4B1A687B69DA602C4AB3
:10CAF0007B69136003F0A4FD2A4B01221A70786948
:10CB000001F0ACFD234B1B68DB899AB27B69A3F86B
:10CB100060207B69B3F860207B69A3F862207B69A1
:10CB20005C8E7B690433184605F07EFC01467B6908
:10CB300004331A462046FFF72DFA03461A467B694E
:10CB40005A861221786902F0ABFC0346FB7397F911
:10CB50000F30002B04D000217869FDF759FF06E063
:10CB6000786902F08BFD01E000BF00E000BF1C37D8
:10CB7000BD4690BD08990124187A0208E87B020896
:10CB8000DC660208E42C01240099012406990124A2
:10CB9000FC980124EC980124F42C0124F82C0124A5
:10CBA000D0980124D898012480B586B004AF78606D
:10CBB0002F4B1B7803F00403002B53D17B68002B11
:10CBC00006D12C4B40F2F1222B492C4807F0CEF92C
:10CBD000274B1B7803F00203002B2AD0284B1A683E
:10CBE0007B685B6AD31A002B2DDB7B685B6A7A68F3
:10CBF000128D1A44224B1B68D31A002B23DB214BC6
:10CC00001968214B1B881A461D4B1B68D0181F4BF7
:10CC10001B685B889BB21D4A1268128892B202920E
:10CC200001931B4B00931B4B0246786803F050FBAB
:10CC30001BE00F4B1B7803F00103002B03D0164BB6
:10CC40001A687B681A62104B1B88002B0CD07B681B
:10CC50005B8B43F002039AB27B685A83786802F0D8
:10CC60000DFD01E000BF00E000BF0837BD4680BDFC
:10CC700008990124187A0208087C0208DC66020878
:10CC8000FC9801240099012406990124EC980124C0
:10CC9000F42C0124F82C0124C498012490B58DB003
:10CCA00004AF78600023FB760023BB767B68002B03
:10CCB00006D18C4B40F21F328B498C4807F056F955
:10CCC0008B4B1B7803F00403002B4ED07B681B7D3D
:10CCD000022B08D17B681A6D864B1B689A4223D1C0
:10CCE0000123FB7620E07B685A6A834B1B689A42DB
:10CCF00002D10123FB7617E07F4B1A687B685B6AE1
:10CD0000D31A002B10DB7B685B6A7A68128D1A4499
:10CD1000794B1B68D31A002B06DB7B685B8B43F0D7
:10CD200002039AB27B685A83FB7E002B1BD07B6880
:10CD30001B7D002B06D16B4B40F23B326F496B4899
:10CD400007F014F96E4B1B7843F00803DAB26C4B12
:10CD50001A707B685B8B23F001039AB27B685A835D
:10CD60006FF00D039EE300239CE3614B1B7803F0FF
:10CD70000203002B10D07B681B7D022B0CD07B683C
:10CD80001B7D032B08D07B685B8B43F002039AB2B8
:10CD90007B685A83002385E37B685B8B03F0100379
:10CDA000002B03D1574B1A687B681A627B680022FC
:10CDB00083F89B207B68002283F89A20786801F032
:10CDC0004DFC4B4B1B7803F00203002B09D07B6812
:10CDD0001B7D022B05D07B681B7D032B01D000231C
:10CDE00060E37B681B7D023B072B00F24B8301A2B3
:10CDF00052F823F015CE01083BD00108EFD101080D
:10CE000019D2010807D30108EFD1010893D3010813
:10CE10004FD40108364B1B7803F01003002B00F0B1
:10CE2000DF80334B1B7803F00203002B00F0D88027
:10CE30007B685B6C5A1C2F4B1B689A4240F0D08079
:10CE40002D4B1B685A1C7B685A627B685A6A7B6848
:10CE5000DA62284B1A687B685A642B4B1B68DB89A3
:10CE60009AB27B68A3F860207B68B3F860207B6887
:10CE7000A3F86220204B1B685A1E7B685A657B68AA
:10CE800004221A757B685C8E7B680433184605F0B3
:10CE9000CBFA01467B6804331A462046FFF77AF83E
:10CEA00003461A467B685A867B685B8E9A007B68CD
:10CEB0005B8E5B0041F21C118B4238BF0B469A42DD
:10CEC00004D27B685B8E9B009BB221E07B685B8E0B
:10CED0005B0041F21C12934218D97B685B8E5B00A9
:10CEE0009BB215E0187A0208287C0208DC6602086A
:10CEF0000899012400990124FC980124447C02082B
:10CF000009990124C4980124EC98012441F21C13CE
:10CF10007A68A2F848307B68B3F86630002B06D1F7
:10CF2000974B40F277329749974807F01FF87B6894
:10CF3000B3F86630013B9AB27B68A3F866207B6841
:10CF40001B6FFB61FB69002B11D17B68DB6EFB6102
:10CF5000FB69002B06D18A4B40F27F328B498A480D
:10CF600007F004F8FB691A687B68DA6603E0FB697E
:10CF70001A687B681A67F869FEF76DFC7B681B6F9F
:10CF8000002B04D17B684FF6FF721A8606E07B689F
:10CF900000221A867B68002283F842207B68D3F83F
:10CFA0008830002B0AD07B68D3F888307A68106903
:10CFB0000022796898470346BB7601E00023BB76E0
:10CFC00097F91A3013F10D0F02D16FF00C0369E2DB
:10CFD0007B685B8B43F002039AB27B685A8353E20F
:10CFE0006B4B1B7803F01003002B00F04D82694B54
:10CFF0001968694B1B881A46684B1B68D018684B28
:10D000001B685B889BB2664A1268128892B20292D1
:10D010000193644B0093644B0246786803F058F91F
:10D020007B6893F84230052B00F22E827B68002249
:10D030001A86786802F0AEFE26E2554B1B7803F0A4
:10D040000203002B0BD07B685B6A5A1E534B1B6894
:10D050009A4240F01B82786802F0BEFE16E24C4B0A
:10D060001B7803F01003002B00F01082494B1A6864
:10D070007B685B6CD31A013B002BC0F29D807B6800
:10D080001A6D444B1B68D31A002BC0F295807B6845
:10D0900004221A757B68DB6F002B02D1FA23BB7662
:10D0A0001DE07B68DB6F9B69002B06D1344B4FF48E
:10D0B0006E723E49344806F059FF7B68DB6F9B690E
:10D0C000002B0AD07B68DB6F9B697A6810690022AD
:10D0D000796898470346BB7601E0F023BB7697F961
:10D0E0001A30002B0AD097F91A3013F10D0F02D025
:10D0F0007868FDF741FD6FF00C03D3E1786800F02C
:10D10000E3FA2B4B1B88002B05D0294B1B88013BD6
:10D110009AB2274B1A807B685B8E9A007B685B8E85
:10D120005B0041F21C118B4238BF0B469A4204D27D
:10D130007B685B8E9B009BB20DE07B685B8E5B0027
:10D1400041F21C12934204D97B685B8E5B009BB258
:10D1500001E041F21C137A68A2F84830154B1B78A5
:10D1600003F02003002B41D07B685B8B43F002036C
:10D170009AB27B685A837B6807221A7536E000BF33
:10D18000187A0208647C0208DC6602087C7C0208CB
:10D19000089901240099012406990124FC9801248E
:10D1A000EC980124F42C0124F82C0124907C020832
:10D1B00004990124099901248D4B19688D4B1B8812
:10D1C0001A468D4B1B68D0188C4B1B685B889BB232
:10D1D0008A4A1268128892B202920193884B009395
:10D1E000884B0246786803F073F84FE14EE17868A7
:10D1F00000F06AFA844B1B7803F02003002B00F048
:10D2000047817B685B8B43F002039AB27B685A8349
:10D210007B6807221A753BE1786800F055FA7A4B73
:10D220001B7803F02003002B56D0784B1B7803F0BB
:10D230001003002B45D07B681A6D6D4B1B689A421A
:10D240003FD17B68DB6E002B3BD17B685B8B43F06F
:10D2500002039AB27B685A837868FEF79FFD6C4B95
:10D260001B687A689A4205D1694B1B68DB68684A7B
:10D27000136013E0664B1B687B610CE07B69DB6825
:10D280007A689A4204D17B68DA687B69DA6005E0E3
:10D290007B69DB687B617B69002BEFD17B680022B7
:10D2A000DA605C4B01221A707B680A221A755A4BAD
:10D2B0001A687B68DA60584A7B68136003F0C0F92B
:10D2C000E8E07B685B8B43F002039AB27B685A8389
:10D2D0007B6808221A75DDE04C4B1B7803F01003C5
:10D2E000002B00F0D7807B681A6D414B1B689A4277
:10D2F00040F0D0807B68DB6E002B40F0CB807B68F9
:10D3000006221A75C6E0786800F0DEF93E4B1B78FD
:10D3100003F02003002B00F0BF807B685B8B43F0A1
:10D3200002039AB27B685A837868FEF737FD384B60
:10D330001B687A689A4205D1354B1B68DB68344A12
:10D34000136013E0324B1B683B610CE03B69DB6808
:10D350007A689A4204D17B68DA683B69DA6005E052
:10D360003B69DB683B613B69002BEFD17B680022A6
:10D37000DA60284B01221A707B680A221A75264B44
:10D380001A687B68DA60244A7B68136003F058F9F6
:10D3900082E0786800F098F91C4B1B7803F01003CA
:10D3A000002B7BD07B681A6D114B1B689A4275D19C
:10D3B0007B68DB6E002B71D17868FEF7EFFC144BB5
:10D3C0001B687A689A4205D1114B1B68DB68104ACA
:10D3D000136029E00E4B1B68FB6022E0FB68DB68F2
:10D3E0007A689A421AD17B68DA68FB68DA601BE0D7
:10D3F0000099012406990124FC980124EC98012449
:10D40000F42C0124F82C0124099901240899012401
:10D41000D0980124D8980124D4980124FB68DB68B3
:10D42000FB60FB68002BD9D17B680022DA601F4BC0
:10D4300001221A707B680A221A751D4B1A687B68D4
:10D44000DA601B4A7B68136003F0FAF826E078681C
:10D4500000F03AF9174B1B7803F01003002B1FD094
:10D460007B681A6D144B1B689A4219D17B68DB6E7E
:10D47000002B15D1114B1B7843F01003DAB20F4B80
:10D480001A700DE000BF0CE000BF0AE000BF08E02A
:10D4900000BF06E000BF04E000BF02E000BF00E004
:10D4A00000BF002318462437BD4690BDD8980124FC
:10D4B000D498012408990124009901240999012490
:10D4C00090B585B000AF786039607B68002B06D1DD
:10D4D0003B4B40F22C423B493B4806F047FD7B6802
:10D4E000DB689B899BB21846FBF7A6F80346DBB2C4
:10D4F00003F00103002B28D03868FEF797F90023CA
:10D500003B6056E03B68DB689B899BB21846FBF7A3
:10D5100093F80346DBB203F00103002B0DD07B68C8
:10D52000DB689B899CB20120FBF786F803461A460C
:10D530007B68DB68224392B29A813B68FB603B6860
:10D540001B683B60F868FEF786F93B68002B0ED03D
:10D550007B681B891A461D4B1B681A443B68DB68B5
:10D560005B68396809890B44D31A002BCADA3B6817
:10D57000002B1ED03B68DB685A687B681B89194604
:10D58000124B1B680B44D31A002B12DA3B68DB6882
:10D590005B689AB20D4B1B689BB2D31A9AB27B6838
:10D5A0001A817B685A687B681B8919461046FCF70C
:10D5B00049FB7B683A681A6000BF1437BD4690BDCE
:10D5C000187A0208B07C0208DC660208FC98012484
:10D5D000F0B587B000AFF860B9607A603B603EE0BC
:10D5E000BB687B61BB681B68BB607B695B68184676
:10D5F000FCF770FD03467B82FB68B3F866307A8ADD
:10D600009A4206D92A4B40F264422A492A4806F037
:10D61000ADFCFB68B3F866207B8AD31A9AB2FB682C
:10D62000A3F866207B691A89244B1B8813449AB29D
:10D63000224B1A807869FEF70EF9FB68B3F8663062
:10D64000002B0CD0BB68002B09D13B68002B06D106
:10D65000174B40F26E421A49174806F087FCBB6828
:10D66000002B20D0174B1C68BB68DB685B68184632
:10D67000FAF7F8FF0546BB681B891E46BB68DB68E6
:10D680009B899BB21846FAF7D7FF0346DBB203F03B
:10D690000303002B01D0012300E0002333442B447B
:10D6A000E31A002B9CDABB6818461C37BD46F0BD58
:10D6B000187A0208D87C0208DC6602080499012462
:10D6C000007D020800990124B0B594B000AF7860E5
:10D6D0007B68002B06D1A14B40F28742A049A148AC
:10D6E00006F044FC7B681B7D032B06D89B4B4FF454
:10D6F00091629D499B4806F039FC9C4B1B7803F0D6
:10D700001003002B00F05F827B68B3F860301A468C
:10D710007B689B6D13447B637B685A6D944B1B68DD
:10D72000D31A002B1BDB7B685A6D914B1B689A4206
:10D7300006D17B689A6D8F4B1B68D31A002B0EDBCA
:10D740007B689A6D8B4B1B689A4225D18A4B1B686C
:10D75000DB899AB27B68B3F860309A421CD9864B59
:10D760001B68DB899AB27B68A3F860207B68B3F8FA
:10D7700062207B68B3F860309A4205D27B68B3F8C8
:10D7800060207B68A3F86220794B1A687B685A6531
:10D79000784B1A687B689A657B685A6C754B1B6876
:10D7A000D31A002B53DB754B1B88002B40F0AB8149
:10D7B0007B689B6D7A68B2F8602013447A6B9A425A
:10D7C00040F0A1817B68B3F93030002BC0F29B811F
:10D7D0007B685A6C674B1B689A4240F094817B6867
:10D7E00093F84330FF2B07D07B6893F84330013325
:10D7F000DAB27B6883F843207B6893F84330032BCD
:10D800001BD97B68B3F848207B685B8E13449AB2BF
:10D810007B68B3F848309A420AD37B68B3F8482053
:10D820007B685B8E13449AB27B68A3F8482004E0BF
:10D830007B684FF6FF72A3F848207B6893F843306B
:10D84000022B40F26081786802F032FB5BE1494BC9
:10D850001A687B685B6CD31A013B002BC0F24E81C7
:10D860007B681A6D434B1B68D31A002BC0F24681AC
:10D870007B685B8B03F00403002B10D07B685B8B11
:10D8800023F004039AB27B685A837B68B3F84A207A
:10D890007B68A3F848207B680022A3F86A207B6895
:10D8A000002283F842207B68B3F93C30DB101BB2C6
:10D8B0009AB27B68B3F93E309BB213449BB21AB262
:10D8C0007B68A3F840202B4B1B689AB27B685B6C8B
:10D8D0009BB2D31A7B867B68002283F84320254BBA
:10D8E0001A687B685A647B681B7D032B40F2978023
:10D8F0007B68B3F848207B68B3F84A309A4245D237
:10D900007B685B8B03F40063002B01D0012300E0F4
:10D91000022387F8313097F831309AB27B685B8EFA
:10D9200012FB03F39BB27A8E934228BF1346FB850A
:10D930007B68B3F84820FB8D13449AB27B68B3F838
:10D9400048309A421CD37B68B3F84820FB8D1344BF
:10D950009AB27B68A3F8482061E000BF187A0208F9
:10D96000207D0208DC6602083C7D0208089901243B
:10D97000FC98012400990124EC98012406990124C3
:10D980007B684FF6FF72A3F8482048E07B68B3F845
:10D990006A207B8E13449AB27B68B3F86A309A424D
:10D9A00009D37B68B3F86A207B8E13449AB27B68F4
:10D9B000A3F86A2004E07B684FF6FF72A3F86A20A0
:10D9C0007B68B3F86A207B68B3F848309A4226D364
:10D9D0007B68B3F86A207B68B3F84830D31A9AB2F0
:10D9E0007B68A3F86A207B68B3F848207B685B8E6D
:10D9F00013449AB27B68B3F848309A420AD37B68E2
:10DA0000B3F848207B685B8E13449AB27B68A3F816
:10DA1000482004E07B684FF6FF72A3F848207B683B
:10DA2000196F7B68DB6E984A7868FFF7D1FD024674
:10DA30007B681A677B68D96E7B681B6F934A78682E
:10DA4000FFF7C6FD02467B68DA667B681B6F002B1A
:10DA500004D17B684FF6FF721A8602E07B680022D1
:10DA60001A867B6800221A777B68DB6E002B03D155
:10DA70007B680022A3F868207B68B3F86420844B9D
:10DA80001B8813449AB27B68A3F864207B685B8B85
:10DA900003F40063002B35D07B681B6F002B18D17B
:10DAA0007B68DB6E002B0CD07B68DB6EDB685B6811
:10DAB0001846FAF7D7FD02467B68DB6CD31A002BB9
:10DAC00020DB7B685B8B23F400639AB27B685A830C
:10DAD00018E07B681B6FDB685B681846FAF7C2FDCD
:10DAE00002467B68DB6CD31A002B0BDB7B685B8BFD
:10DAF00023F400639AB27B685A8303E0786802F0EB
:10DB00002FFC00E000BF7B685B6B002B5BD07B6869
:10DB10009A6B604B1B68D31A002B54DA5E4B1B6860
:10DB20009AB27B685B6B9BB2D31A9BB2A7F84E305C
:10DB3000B7F84E207B68B3F93C30DB101BB29BB2C8
:10DB4000D31A9BB2A7F84E307B68B3F93C309AB237
:10DB5000B7F84E3013449BB21AB27B689A87B7F974
:10DB60004E30002B05DAB7F84E305B429BB2A7F877
:10DB70004E30B7F84E207B68B3F93E309B101BB295
:10DB80009BB2D31A9BB2A7F84E307B68B3F93E30F4
:10DB90009AB2B7F84E3013449BB21AB27B68DA8758
:10DBA0007B68B3F93C30DB101BB29AB27B68B3F9E7
:10DBB0003E309BB213449BB21AB27B68A3F840205C
:10DBC0007B6800225A63354B1B88002B00F0E684EB
:10DBD0007B681B7D062B00F2E1847B685A6A304B20
:10DBE0001B68D31A013B002BC0F28E802B4B1B8885
:10DBF0001A462B4B1B681A447B685B6AD31A013B9D
:10DC0000002BC0F28180274B5B68BB647B685A6A3B
:10DC1000234B1B68D31ABB62224B5B68002B06D1D7
:10DC2000214B40F29A522149214806F09FF9BB6AE4
:10DC30004FF6FE72934206D91B4B40F29B521D4990
:10DC40001B4806F093F9BB6AA7F84630154B5B6892
:10DC50001B89B7F846209A4206D9134B40F29D52D1
:10DC60001549134806F082F90E4B1A89B7F8463069
:10DC7000D31A9AB20B4B1A810A4B5B681A89B7F810
:10DC80004630D31AFB8429E0587D0208607D0208E3
:10DC90000499012400990124C498012406990124BF
:10DCA000FC980124DC980124187A0208687D020897
:10DCB000DC660208787D0208887D0208BB6C5B89FF
:10DCC000B7F84620D31AA7F84630BB6CFA8C1A81F5
:10DCD000BB6C00225A81BB6C1B68BB64BB6C5B894C
:10DCE000B7F846209A42E9D8B7F846301946B86CDA
:10DCF000FCF7B4F87B685B6A904A1360904BDB6872
:10DD00008E4A12685A600DE08C4B1A687B685B6A19
:10DD1000D31A002B06DA7B685B8B43F002039AB2BE
:10DD20007B685A83854B1A687B685B6AD31A002B21
:10DD3000C0F22F847B685B6A7A68128D1A447F4B2D
:10DD40001B68D31A013B002BC0F223847B685A6AFC
:10DD50007A4B1B689A4240F09882794B1C89784B29
:10DD6000DB689B899BB21846FAF766FC0346DBB278
:10DD700003F00303002B01D0012300E00023234420
:10DD80009AB2704B1A807B681A8D6E4B1B889A4230
:10DD900074D26B4BDB689B899BB21846FAF74CFC3C
:10DDA0000346DBB203F00103002B1ED0644BDB689B
:10DDB0009B899BB21BB223F47C531CB2604BDB6883
:10DDC0009B899BB21846FAF737FC0346DBB203F097
:10DDD0003E039BB21846FAF72FFC03461BB22343BF
:10DDE0001AB2574BDB6892B29A817B681A8D544BFA
:10DDF0001A81534BDB689B899BB21846FAF71CFCCF
:10DE00000346DBB203F00203002B05D04C4B1B8909
:10DE1000013B9AB24A4B1A81494B5B68484A1289C6
:10DE200011461846FBF70EFF454B1C89444BDB6837
:10DE30009B899BB21846FAF7FFFB0346DBB203F05F
:10DE40000303002B01D0012300E0002323449AB2F6
:10DE50003C4B1A803B4B1B881A46384B1B681A44B4
:10DE60007B685B6A7968098D0B449A4206D0364B11
:10DE700040F2D1523549364806F078F87B685B6F3E
:10DE8000002B00F0E6802E4BDB689B899BB2184686
:10DE9000FAF7D2FB0346DBB203F00103002B10D0EC
:10DEA0000AE07B685B6F3B617B685B6F1A687B682D
:10DEB0005A673869FDF7CFFC7B685B6F002BF0D1A8
:10DEC000C7E07B685B6F3B6451E03B6CDB689B8920
:10DED0009BB21846FAF7B0FB0346DBB203F001032E
:10DEE000002B3CD0164BDB689B899BB21846FAF797
:10DEF000A3FB0346DBB203F00203002B2FD1104B30
:10DF0000DB689B899CB20120FAF796FB03461A4610
:10DF10000B4BDB68224392B29A81094B1C89084B58
:10DF2000DB689B899BB21846FAF786FB0346DBB297
:10DF300003F00303002B0DD001230CE0FC98012417
:10DF4000DC98012406990124187A0208987D0208B9
:10DF5000DC660208002323449AB2984B1A803B6C7B
:10DF60007B613B6C1B683B647869FDF774FC3B6C20
:10DF7000002B0ED0914B1B881A46914B1B681A44FC
:10DF80003B6CDB685B68396C09890B44D31A002B46
:10DF90009BDA3B6C002B59D03B6CDB685A68874B93
:10DFA0001B881946864B1B680B44D31A002B4DDA8D
:10DFB0003B6CDB685B689AB2814B1B689BB2D31ADF
:10DFC0009AB2804B1A817F4BDB689B899BB21846C3
:10DFD000FAF732FB0346DBB203F00203002B05D055
:10DFE000784B1B89013B9AB2764B1A81754B5B6863
:10DFF000744A128911461846FBF724FE714B1C899E
:10E00000704BDB689B899BB21846FAF715FB0346F9
:10E01000DBB203F00303002B01D0012300E0002357
:10E0200023449AB2654B1A80644B1B881A46644B92
:10E030001B681A443B6CDB685B689A4206D0624BF3
:10E0400040F202626149624805F090FF7B683A6CD9
:10E050005A675A4B1B881A46594B1B681A447B68EF
:10E060005A627B681A8D554B1B889A4206D2564BD2
:10E0700040F20D625749564805F078FF7B681A8DCB
:10E080004E4B1B88D31A9AB27B681A857868FCF7C6
:10E09000CFFE4C4B5B681B89002B06D0494B5B685D
:10E0A0004D4A1360474B00225A60464BDB689B8900
:10E0B0009BB21846FAF7C0FA0346DBB203F001033D
:10E0C000002B00F0B880454B1B7843F02003DAB2F8
:10E0D000424B1A70AFE07B685B6FFB607B685B6FE5
:10E0E000DB685B68364A1360FB681B891C46FB686B
:10E0F000DB689B899BB21846FAF79EFA0346DBB2AF
:10E1000003F00303002B01D0012300E000231A19C0
:10E110007B685B6A1A447B685A627B681B8D1C466D
:10E12000FB681B891D46FB68DB689B899BB2184610
:10E13000FAF782FA0346DBB203F00303002B01D0A7
:10E14000012300E000232B449C4206D21E4B40F2E8
:10E15000316223491E4805F009FFFB681B891C46F4
:10E16000FB68DB689B899BB21846FAF765FA0346A1
:10E17000DBB203F00303002B01D0012300E00023F6
:10E1800019197B681A8D8BB2D31A9AB27B681A85DB
:10E190007868FCF74DFEFB685B681B89002B28D074
:10E1A0000D4B1B68002B1DD00B4B1A68FB685B687E
:10E1B00019461046FBF7CEFF18E000BF0699012470
:10E1C000FC980124DC980124187A0208D07D02080A
:10E1D000DC6602080C7E02080C99012409990124CE
:10E1E0002C7E0208FB685B68734A1360FB680022A0
:10E1F0005A60FB68DB689B899BB21846FAF71CFAE9
:10E200000346DBB203F00103002B0DD06B4B1B78F0
:10E2100043F02003DAB2694B1A707B681B7D042B34
:10E2200002D17B6807221A75FB681A687B685A67F7
:10E23000F868FDF710FB7B685B6F002B08D07B68EC
:10E240005B6FDB685A687B685B6A9A423FF443AF56
:10E250007B685B8B03F00103002B0ED07B685B8B2C
:10E2600023F001039AB27B685A837B685B8B43F08F
:10E2700002039AB27B685A838FE17B685B8B43F021
:10E2800001039AB27B685A8387E17B685B6F002B3E
:10E2900006D14B48FDF7F8FA02467B685A6774E1ED
:10E2A0000023BB637B685B6FFB635CE1FB6BDB683C
:10E2B0005A68444B1B689A4222D1414B1A89FB6B26
:10E2C0001B899A4240F25481FB6B1B68002B00F0C3
:10E2D00051813B48FDF7D8FAB861BB69002B00F0CB
:10E2E0004B81BB6B002B03D0BB6BBA691A6002E099
:10E2F0007B68BA695A67F96BB869FFF7E1F83BE1E7
:10E30000BB6B002B17D12F4B1A68FB6BDB685B686C
:10E31000D31A002B58DA2A48FDF7B6FAF861FB69E0
:10E32000002B00F02B817B68FA695A67F96BF8695A
:10E33000FFF7C6F822E1234B1A68BB6BDB685B680A
:10E34000D31A013B002B3FDBFB6BDB685A681D4B8C
:10E350001B68D31A013B002B36DB1948FDF794FAF2
:10E3600038623B6A002B00F00B81164B1A68BB6BBE
:10E37000DB685B68B96B09890B44D31A002B12DA8E
:10E38000104B1B689AB2BB6BDB685B689BB2D31AFD
:10E390009AB2BB6B1A81BB6B5A68BB6B1B8919465F
:10E3A0001046FBF74FFCBB6B3A6A1A60F96B386A90
:10E3B000FFF786F8E4E000BF0C99012409990124D5
:10E3C000DC980124FC980124FB6BBB63FB6B1B688E
:10E3D000002B40F0C580FB6BDB685A687E4B1B68E6
:10E3E000D31A002B80F2BC80FB6BDB689B899BB24D
:10E3F0001846FAF721F90346DBB203F00103002BBC
:10E4000040F0C0807548FDF73FFA0246FB6B1A608A
:10E41000FB6B1B68002B00F0B7806F4B1A68FB6B1F
:10E42000DB685B68F96B09890B44D31A002B12DA9D
:10E43000694B1B689AB2FB6BDB685B689BB2D31AB3
:10E440009AB2FB6B1A81FB6B5A68FB6B1B891946EE
:10E450001046FBF7F7FB7B685B6A7A68128D1A44FB
:10E460005F4B1B8819465C4B1B680B44D31A002B6F
:10E4700080F28A80FB6B1B68DB689B899BB2184625
:10E48000FAF7DAF80346DBB203F00103002B21D0E0
:10E49000FB6B1B68DB689B899BB21BB223F47C532C
:10E4A0001CB2FB6B1B68DB689B899BB21846FAF7B2
:10E4B000C3F80346DBB203F03E039BB21846FAF7FB
:10E4C000BBF803461BB223431AB2FB6B1B68DB6825
:10E4D00092B29A817B685B6A9AB27B681B8D134407
:10E4E00099B23D4B1B689AB2FB6B1B688A1A92B2B9
:10E4F0001A81FB6B1B685A68FB6B1B681B891946EA
:10E500001046FBF79FFBFB6B1B681C89FB6B1B68B2
:10E51000DB689B899BB21846FAF78EF80346DBB29C
:10E5200003F00303002B01D0012300E00023234468
:10E530009AB22B4B1A802A4B1B881A46264B1B6813
:10E540001A447B685B6A7968098D0B449A421BD038
:10E55000244B4FF4E1622449244805F007FD13E001
:10E56000FB6B1B68FB63FB6B002B7FF49FAE0CE027
:10E5700000BF0AE000BF08E000BF06E000BF04E003
:10E5800000BF02E000BF00E000BF786801F0E8FED5
:10E5900003E0786801F0E4FE1AE019E00E4B1A6817
:10E5A0007B685B6AD31A002B0ADB7B685B6A7A683C
:10E5B000128D1A44084B1B68D31A013B002B07DA53
:10E5C0007B685B8B43F002039AB27B685A83FFE758
:10E5D00000BF5037BD46B0BDFC980124DC98012433
:10E5E00006990124187A0208987D0208DC66020860
:10E5F00080B483B000AF154B1B885A1C91B2134AEC
:10E600001180FB80124B1B68002B04D0114B1B8820
:10E61000FA889A4208D2104B1B6814333B60FB887F
:10E620003A6813441B780BE0FB88DAB2094B1B886D
:10E63000DBB2D31A7B71064B1A687B7913441B78C3
:10E6400018460C37BD465DF8047B7047F8980124E6
:10E65000F4980124F2980124EC98012480B584B048
:10E6600000AF78607B68002B06D1334B40F28D728F
:10E670003249334805F07AFC324B1B88002B57D0C7
:10E68000314B00221A8047E0FFF7B2FF0346FB73CD
:10E69000FB7B022B06D0022B2BDC002B43D0012B63
:10E6A00039D026E0FFF7A4FF0346042B3DD1264BCB
:10E6B0001B880133234A1288934236DAFFF798FF0A
:10E6C00003461B02BB81FFF793FF03461A46BB8933
:10E6D0001343BB81BB8940F2B452934204D8BB8937
:10E6E000002B01D0BA8901E040F2B4527B685A860F
:10E6F00012E0FFF77DFF0346FB72FB7A012B16D970
:10E70000FB7A9AB2104B1B8813449BB2023B9AB21D
:10E710000D4B1A8000E000BF0B4B1A88094B1B8879
:10E720009A42B1D304E000BF02E000BF00E000BFA6
:10E730001037BD4680BD00BF187A0208507E02081F
:10E74000DC660208F0980124F898012480B400AF38
:10E75000054B1B7843F01003DAB2034B1A7000BF6D
:10E76000BD465DF8047B70470999012480B584B0EB
:10E7700000AFF860B9607A60FB68002B0AD0FB68D4
:10E780001B7A002B06D0FB681B7A1846FBF70CF8A7
:10E79000034603E0786803F047FE03461846103747
:10E7A000BD4680BD90B587B000AFF860B9603B60F2
:10E7B0001346FB71FB68002B05D1434BA62243494E
:10E7C000434805F0D3FBBB68002B05D13E4BA72285
:10E7D00040493F4805F0CAFB97F828309B00DBB260
:10E7E00003F00403FB750320FAF7B6FC38613B69BC
:10E7F000002B04D1B868FBF7DFFB002360E03B6926
:10E8000097F828209A723B6900221A603B69BA681F
:10E810005A60BB681A89FB7D9BB29A4205D22A4B8B
:10E82000B3222D492A4805F0A1FBBB681A89FB7D5C
:10E830009BB2D31A9AB23B691A811421B868FBF7CC
:10E84000FDFA0346002B04D03869FDF704F80023D5
:10E8500036E03B695B685A683B69DA60FB68DA8AD4
:10E860003B69DC681046F9F7E7FE03462380FB6846
:10E870001A8B3B69DC681046F9F7DEFE03466380BD
:10E880003B69DC683868F9F7EDFE03466360FB7DA1
:10E890009B08DBB205339BB21B039AB2FB799BB298
:10E8A00013439AB23B69DC681046F9F7C5FE03468C
:10E8B000A3813B69DB6800229A740022DA743B6909
:10E8C00018461C37BD4690BD6C7E0208A07E02082B
:10E8D000DC660208C07E0208E47E020880B586B0CD
:10E8E00000AF7B600346FB730B46BB8113467B8105
:10E8F000BB89FB827B68002B05D1304BEB22304972
:10E90000304805F033FB3B6A002B05D12B4BEC2242
:10E910002D492C4805F02AFBBA897B899A4221D2DD
:10E9200097F8243003F00203002B11D13B6A5B8B74
:10E9300003F04003002B15D197F82830002B07D0A7
:10E940003B6ADB6E002B03D13B6A1B6F002B09D0A7
:10E95000BB8903F2B75323F003027B89934228BF9C
:10E960001346FB82F98AFB7B4FF420721846FBF7B3
:10E9700007F838613B69002B01D1002319E03B699E
:10E980001B68002B06D00D4B4FF487720F490D48C2
:10E9900005F0ECFA3B695A89BB89D31A9AB27B68B5
:10E9A0001A803B69BA891A813B691A893B695A8185
:10E9B0003B6918461837BD4680BD00BF6C7E020813
:10E9C000FC7E0208DC660208207F0208407F020805
:10E9D00080B582B000AF78600B467B807B68002BEF
:10E9E00006D1334B4FF49B723249334805F0BEFADF
:10E9F0007B681B7D042B0ED07B681B7D072B0AD008
:10EA00007B681B7D022B06D07B681B7D032B02D00D
:10EA10006FF00A0348E07B88002B01D1002343E01C
:10EA20007B68B3F864307A889A4209D97B685B8B3B
:10EA300043F080039AB27B685A834FF0FF3333E090
:10EA40007B68B3F86630102B09D97B685B8B43F089
:10EA500080039AB27B685A834FF0FF3324E07B68CF
:10EA6000B3F86630002B0FD07B681B6F002B1AD1D8
:10EA70007B68DB6E002B16D10D4B4FF4AC720F4947
:10EA80000D4805F073FA0EE07B681B6F002B03D175
:10EA90007B68DB6E002B06D0054B40F25B12084909
:10EAA000054805F063FA002318460837BD4680BDC7
:10EAB0006C7E0208547F0208DC660208747F02083C
:10EAC000B07F020890B59BB004AFF860B960114602
:10EAD0001A460B46FB8013467B7100237B6500239F
:10EAE0003B650023FB640023BB6400237B6400239D
:10EAF000A7F84230002387F8273000237B820023C9
:10EB0000FB870023BB87FB68002B02D16FF00F034C
:10EB100021E3FB68B3F862305B089AB2FB685B8E56
:10EB2000934228BF1346BB84BB8C002B02D1FB68E9
:10EB30005B8E00E0BB8CBB84BB68002B02D16FF006
:10EB40000F0308E3FB881946F868FFF741FF034607
:10EB500087F8233097F92330002B02D097F9233020
:10EB6000F9E2FB68B3F86630A7F84030002387F875
:10EB70002230FB68DB6E002B00F0F680FB68DB6E5A
:10EB80003B6502E03B6D1B683B653B6D1B68002BE2
:10EB9000F8D13B6D9B7A9B009BB203F004033B844E
:10EBA000BA8C3B6D1B8919463B8C0B449A4206DAA2
:10EBB0009B4B40F2E9129B499B4805F0D7F93B6D0E
:10EBC0001A893B8C13449BB2BA8CD31A7B87FB689F
:10EBD000B3F868307B827B8A002B26D07B8A7A8FC1
:10EBE0009A4206D28E4B40F2FB1290498E4805F0B5
:10EBF000BDF93B6DFB647B8AFA88934228BF1346BC
:10EC00009BB27A8F934228BF1346FB87B7F8422006
:10EC1000FB8F1344A7F842307A8AFB8FD31A9BB23A
:10EC20007B827A8FFB8FD31A7B877B8A002B0BD05A
:10EC3000B7F84220FB889A4206D0794B40F2032273
:10EC40007B49794805F092F9B7F84220FB889A424F
:10EC500080F066817B8F002B00F062813B6D1B8909
:10EC6000002B00F05D81FA88B7F84230D21A7B8F12
:10EC70009342A8BF1346FB833B6DFB647B7903F093
:10EC80000103002B27D007F112007A8FF98B0123A3
:10EC900002937B790193FB68009303460020FFF702
:10ECA0001DFE78657B6D002B00F023827B6D58681C
:10ECB000B7F84230BA681344FA8B194605F0E9FAFE
:10ECC000786DFBF707FA03461A46B7F8403013444D
:10ECD000A7F8403041E03B6D5B687B6302E07B6BF3
:10ECE0001B687B637B6B1B68002BF8D17B6B1B7BEA
:10ECF00003F0C003002B15D17B6B5B687A6B5289E4
:10ED00001344BA689A420DD1B7F84230002B06D0AE
:10ED1000434B4FF40D724749434805F027F9FB8BED
:10ED2000BB871AE0FB8B012219460020FAF728FE68
:10ED300078657B6D002B00F0DE81B7F84230BA6851
:10ED40001A447B6D5A60786DFBF7C4F903461A4686
:10ED5000B7F840301344A7F84030B7F84220FB8B97
:10ED60001344A7F84230DBE0FB68B3F86830002BAF
:10ED700000F0D6802A4B40F24D222F492A4805F058
:10ED8000F5F8CDE0FA88B7F84230D31ABB8397F88C
:10ED900022309BB2BA8CD31A7B837A8BBB8B934283
:10EDA00028BF13463B837B7903F00103002B47D038
:10EDB00097F822309AB23B8B134499B27B6C002BAC
:10EDC0000CBF01230023DBB207F11200BA8C0293BF
:10EDD0007B790193FB68009303463620FFF77EFDA5
:10EDE00038633B6B002B00F088813B6B5B893A8B6F
:10EDF0009A4206D90A4B40F2692210490A4805F0A6
:10EE0000B5F83B6B5A6897F82230D018B7F8423003
:10EE1000BA6813443A8B194605F03BFA40E000BF4C
:10EE20006C7E0208E47F0208DC660208FC7F0208B0
:10EE30001C8002083C800208688002089880020852
:10EE40007B8A002B06D0814B4FF41D72804981488C
:10EE500005F08CF83B8B012219463620FAF790FD1D
:10EE600078617B69002B00F04A81B7F84230BA68BC
:10EE70001A447B695A6097F822309BB24FF4207293
:10EE800019463620FAF77CFD38633B6B002B03D123
:10EE90007869FBF791F835E17969386BFBF75AF936
:10EEA000386BFBF717F903461A46B7F8403013449E
:10EEB000A7F84030B7F84030112B03D9386BFBF777
:10EEC0007BF81FE1FB68DA6DB7F842301A4497F817
:10EED0002730009313460022396BF868FFF762FC75
:10EEE000F864FB6C002B00F00C817B6C002B02D1D2
:10EEF000FB6C7B640CE0BB6C002B06D1534B40F2E7
:10EF0000AE225549534805F031F8BB6CFA6C1A60D3
:10EF1000FB6CBB64B7F842203B8B1344A7F842302C
:10EF2000B7F84220FB889A42FFF42CAFFB8F002BEE
:10EF30002CD03B6D5B68FB621EE0FB6A1A89FB8F7D
:10EF400013449AB2FB6A1A81FB6A1B68002B10D12A
:10EF5000FB6A5B68FA6A52891344FA8FB9681846EB
:10EF600005F097F9FB6A5A89FB8F13449AB2FB6A42
:10EF70005A81FB6A1B68FB62FB6A002BDDD13B6D8B
:10EF80001A89FB8F13449AB23B6D1A817A8AFB6807
:10EF9000A3F868207B6D002B18D03B6D002B06D1A9
:10EFA0002A4B40F2E3222D492A4804F0DFFF3B6D53
:10EFB0005B68796D1846FBF7CDF83B6D1A897B6D60
:10EFC0001B8913449AB23B6D1A8137E0BB8F002B2B
:10EFD00034D03B6D002B03D03B6D5B68002B06D11A
:10EFE0001A4B40F2E9221E491A4804F0BFFF3B6D5C
:10EFF0005B68BB6209E0BB6A1A89BB8F13449AB293
:10F00000BB6A1A81BB6A1B68BB62BB6A1B68002BA8
:10F01000F1D1BB6A1A89BB8F13449AB2BB6A1A81B9
:10F02000BB6A5A89BB8F13449AB2BB6A5A813B6D43
:10F030001A89BB8F13449AB23B6D1A813B6D002B2A
:10F0400010D1FB687A6CDA660FE000BF6C7E0208B4
:10F05000D8800208DC660208E8800208FC8002080A
:10F06000348102083B6D7A6C1A60FB68DA6DFB88AC
:10F070001A44FB68DA65FB68B3F86420FB88D31A8E
:10F080009AB2FB68A3F86420FB68B7F84020A3F8A5
:10F090006620FB68B3F86630002B0ED0FB681B6F50
:10F0A000002B0AD1FB68DB6E002B06D12C4B40F203
:10F0B00015322C492C4804F059FFFB6C002B16D05C
:10F0C000FB6CDB68002B12D07B7903F00203002B72
:10F0D0000DD1FB6CDB689B899CB20820F9F7ACFA78
:10F0E00003461A46FB6CDB68224392B29A810023E6
:10F0F00031E000BF06E000BF04E000BF02E000BF57
:10F1000000E000BFFB685B8B43F080039AB2FB68B2
:10F110005A837B6D002B02D0786DFAF74DFF7B6C24
:10F12000002B02D0786CFCF781FBFB68B3F86630EB
:10F13000002B0ED0FB681B6F002B0AD1FB68DB6E27
:10F14000002B06D1064B40F22A320649064804F04D
:10F150000DFF4FF0FF3318465C37BD4690BD00BF32
:10F160006C7E02086C810208DC66020890B58BB0E8
:10F1700002AF78600B467B800023FB6100233B617C
:10F180000023BB617B68002B06D1964B40F24E32C8
:10F190009549964804F0EAFE7B68DB6E3B613B696B
:10F1A000002B02D14FF0FF3317E17B88002B09D1F0
:10F1B0008C4B40F256328E498C4804F0D7FE6FF0EB
:10F1C00005030AE13B691B897A889A4201D300232F
:10F1D00003E17B685B8E7A889A4206D9814B40F2C4
:10F1E0005E328449814804F0C1FE3B691B89002BD3
:10F1F00006D17C4B40F25F327F497C4804F0B6FE7A
:10F200003B699B7AFB73FB7B9B00DBB203F004033F
:10F21000BB733B691A897B88D31ABB81BB7B9AB2CB
:10F22000BB8913449BB24FF4207219463620FAF77B
:10F23000A7FBB861BB69002B00F0BA803B695B6833
:10F240001A893B691B89D31A9AB27B8813447B8144
:10F250003B695868BB695A68BB7BD1187B89BA89FE
:10F26000FBF7CCF803461A46BB89934240F0A280D4
:10F270003B69DB689B899BB21846F9F7DDF90346C9
:10F28000DBB203F03F03FB750023BB75FB7D03F08E
:10F290000803002B07D0FB7D23F00803FB75BB7D23
:10F2A00043F00803BB75FB7D03F00103002B07D07F
:10F2B000FB7D23F00103FB75BB7D43F00103BB75B0
:10F2C0003B69DB685B681846F9F7CCF902467B8836
:10F2D000D118BA7DFB7B00930B46B9697868FFF7BC
:10F2E00061FAF861FB69002B02D10023BB6162E087
:10F2F0003B695B681846FAF7EDFE03461A467B68E1
:10F30000B3F866309B1A9AB27B68A3F866203B6913
:10F3100058683B695B681A89BB89D31A9BB2194646
:10F32000FAF790FC3B691A89BB89D31A9AB23B69F8
:10F330001A813B69DB689B899CB2FB7D9BB21846B6
:10F34000F9F77AF903461A463B69DB68224392B221
:10F350009A813B695B681846FAF7BCFE03461A4679
:10F360007B68B3F8663013449AB27B68A3F86620D2
:10F37000FB695B681846FAF7ADFE03461A467B68E0
:10F38000B3F8663013449AB27B68A3F866203B69F1
:10F390001A68FB691A603B69FA691A60FB691B68A5
:10F3A000002B03D17B680022A3F86820002314E01F
:10F3B00000BF00E000BFFB69002B06D0094B4FF4F3
:10F3C00077720E49094804F0D1FDBB69002B02D0C9
:10F3D000B869FAF7F1FD4FF0FF3318462437BD4600
:10F3E00090BD00BF6C7E02088C810208DC660208BA
:10F3F000B0810208D4810208E4810208F481020885
:10F4000090B585B000AF78607B68002B06D1214BAA
:10F4100040F2EF322049214804F0A8FD7B68DB6E02
:10F42000002B2ED07B68DB6EFB6002E0FB681B6864
:10F43000FB60FB681B68002BF8D1FB68DB689B89CD
:10F440009BB21846F9F7F8F80346DBB203F007035E
:10F45000002B16D1FB68DB689B899CB20120F9F771
:10F46000EBF803461A46FB68DB68224392B29A81A6
:10F470007B685B8B43F020039AB27B685A8300233E
:10F4800004E00121786800F00BF8034618461437B1
:10F49000BD4690BD6C7E020800820208DC66020850
:10F4A00080B58AB002AF78600B46FB700023FB7713
:10F4B0000023FB75FB7803F00303002B06D1674B99
:10F4C00040F213426649674804F050FD7B68002B08
:10F4D00006D1624B40F215426349624804F046FD92
:10F4E000FB7803F00203002B01D00123FB77FB7FA5
:10F4F0009B00DBB203F00403FB75FB7D9BB24FF472
:10F50000207219463620FAF73BFA38613B69002B26
:10F5100009D17B685B8B43F080039AB27B685A8386
:10F520004FF0FF3395E03B695A89FB7D9BB29A42CD
:10F5300006D24A4B40F23D424C494A4804F016FD7F
:10F540007B68D96DFA78FB7F00930B463969786840
:10F55000FFF728F9F860FB68002B09D17B685B8B0B
:10F5600043F080039AB27B685A834FF0FF3370E018
:10F57000FB68DB6803F00303002B06D0374B40F237
:10F5800046423B49374804F0F1FCFB681B89002BDD
:10F5900006D0324B40F247423649324804F0E6FC8E
:10F5A0007B68DB6E002B03D17B68FA68DA660DE0BE
:10F5B0007B68DB6EBB6102E0BB691B68BB61BB693A
:10F5C0001B68002BF8D1BB69FA681A607B680022BF
:10F5D000A3F86820FB7803F00203002B04D1FB782A
:10F5E00003F00103002B04D07B68DB6D5A1C7B68A1
:10F5F000DA65FB7803F00103002B06D07B685B8B98
:10F6000043F020039AB27B685A83FB685B68184614
:10F61000FAF760FD03461A467B68B3F86630134478
:10F620009AB27B68A3F866207B68B3F86630002B3B
:10F630000ED07B681B6F002B0AD17B68DB6E002B22
:10F6400006D1064B40F269420B49064804F08EFC95
:10F65000002318462037BD4680BD00BF6C7E0208DF
:10F660001C820208DC660208748202089482020886
:10F67000D0820208E882020814830208B0B58AB07A
:10F6800000AF78607B68002B06D18A4B40F2E542E0
:10F6900089498A4804F06AFC7B681B7D012B06D1EE
:10F6A000844B40F2E7428649844804F05FFC854B76
:10F6B0001B687A689A4201D10023CEE17B68B3F8D7
:10F6C00048207B68B3F86030934228BF13469BB252
:10F6D000BB617B68DB6E7B627B6A002B0BD17B6836
:10F6E0005B8B03F00203002B00F0AA81786800F026
:10F6F00037FE0346B1E179687B6804331A467868BF
:10F70000FFF734F878617B69002B02D16FF00303B7
:10F71000A3E17B68002B03D07B681B68002B11D111
:10F720007B69002B02D07B69043300E000233B613E
:10F730003B69002B02D16FF003038EE13B691A682D
:10F740007B681A607B6ADB685B681846F8F78AFF9B
:10F7500002467B685B6CD31A7A6A12891344BA69D1
:10F760009A4227D27B68B3F860301A46BB6993424D
:10F7700014D17B681B6F002B10D17B6893F89930F4
:10F78000002B0BD17B68002283F898207B68012234
:10F7900083F899207B68002283F89A207B685B8B32
:10F7A00003F00203002B00F04D81786800F0D8FDD3
:10F7B000034652E17B68002283F899207B681B6F27
:10F7C0003B623B6A002B00F01C8102E03B6A1B6835
:10F7D0003B623B6A1B68002BF8D112E17B6ADB6855
:10F7E0009B899BB21846F8F727FF0346DBB203F06C
:10F7F0000403002B06D02F4B40F23A5232492F48D7
:10F8000004F0B4FB7B681B6F002B1FD07B685B8B05
:10F8100003F04403002B19D17B68DB6E002B0BD067
:10F820007B68DB6E1B68002B10D17B68DB6E1A894E
:10F830007B685B8E9A4209D27B68B3F86430002BF8
:10F8400004D07B68B3F86630102B01D9012300E0A7
:10F850000023002B06D17B685B8B03F0A003002BF9
:10F8600000F0E4807B681B7D022B0DD07B6ADB6897
:10F870009B899CB21020F8F7DFFE03461A467B6A8C
:10F88000DB68224392B29A817A697968786A00F0DB
:10F8900009F90346FB7397F90F30002B16D07B68EC
:10F8A0005B8B43F080039AB27B685A8397F90F30E1
:10F8B000D3E000BF6C7E02083C830208DC660208CD
:10F8C00054830208109901247C8302087B6A1A6819
:10F8D0007B68DA667B681B7D022B06D07B685B8BBE
:10F8E00023F003039AB27B685A837B6ADB685B6808
:10F8F0001846F8F7B7FE04467B6A1B891D467B6AEB
:10F90000DB689B899BB21846F8F796FE0346DBB28C
:10F9100003F00303002B01D0012300E000232B445C
:10F920002344BB607B681A6DBB68D31A002B02DAD4
:10F930007B68BA681A657B6A1B891C467B6ADB6830
:10F940009B899BB21846F8F777FE0346DBB203F0BB
:10F950000303002B01D0012300E000232344002BEC
:10F9600049D07B6A00221A607B681B6F002B05D18F
:10F970007B687A6A1A677B6A3B623FE07B6ADB6876
:10F980005B681846F8F76EFE04463B6ADB685B6806
:10F990001846F8F767FE0346E31A002B24DA7B6863
:10F9A0007033FB6102E0FB691B68FB61FB691B684C
:10F9B000002B11D0FB691B68DB685B681846F8F701
:10F9C00051FE04467B6ADB685B681846F8F74AFE1E
:10F9D0000346E31A002BE6DBFB691A687B6A1A60B0
:10F9E000FB697A6A1A6009E03B6A7A6A1A603B6AC4
:10F9F0001B683B6202E0786AFBF72DFF7B68DB6ED9
:10FA00007B627B6A002B12D07B6ADB685B681846DE
:10FA1000F8F728FE02467B685B6CD31A7A6A128973
:10FA20001344BA699A42BFF4D9AE00E000BF7B68C4
:10FA3000DB6E002B08D17B680022A3F8682004E06D
:10FA400000BF02E000BF00E000BF7B685B8B23F0DB
:10FA500080039AB27B685A83002318462837BD4634
:10FA6000B0BD00BF80B582B000AF78607B68002B6E
:10FA700006D1094B40F29E520849094804F076FA33
:10FA80007B685B689B7B012B01D0012300E0002396
:10FA900018460837BD4680BD6C7E02089483020874
:10FAA000DC660208B0B58CB004AFF860B9607A606B
:10FAB000FB68002B06D1644B40F2BC52634964489A
:10FAC00004F054FABB68002B06D15F4B40F2BD52E4
:10FAD00060495F4804F04AFA7B68002B06D15A4B14
:10FAE00040F2BE525C495A4804F040FAF868FFF709
:10FAF000B9FF0346002B01D00023A1E0BB685A6A7E
:10FB0000FB68DC681046F8F7ADFD0346A360BB68F0
:10FB10005A8DFB68DC681046F8F78EFD0346E381DA
:10FB2000BB685B6ABA68528D1A44BB68DA62FB68CC
:10FB3000DB681433FB61FB689B7A03F00103002B45
:10FB400015D0BB6804331A46796840F2B450FCF70C
:10FB500021FA03467B837B8B43F001731846F8F749
:10FB600081FD0246FB691A60FB690433FB61BB68D7
:10FB7000B3F93030002B02DABB6800221A86BB686A
:10FB80005B6B002B0CD1354B1A68BB685A63FB6862
:10FB9000DB685B681846F8F765FD0246BB689A6348
:10FBA000FB68DA68FB685B685B68D31A3B83FB68B9
:10FBB0005B685989FB685B683A8B8A1A92B25A81F2
:10FBC000FB685B681989FB685B683A8B8A1A92B29A
:10FBD0001A81FB685B68FA68D2685A60FB68DB6868
:10FBE00000221A7400225A74FB68DA68FB689B7A58
:10FBF00003F00103002B01D0182300E01423134469
:10FC0000FA699A4206D0104B4FF4C4621449104866
:10FC100004F0ACF9FB685868B968BB681C1DBB6888
:10FC2000DD7ABB689B7A7A68029206220192009381
:10FC30002B46224602F0B6FD0346FB7597F91730B6
:10FC400018462037BD46B0BD6C7E0208BC83020852
:10FC5000DC660208DC830208FC830208C4980124E5
:10FC600020840208B0B584B000AF78607B68002BB8
:10FC700006D1314B40F267623049314804F076F9E1
:10FC80007B681B6F002B02D16FF0050350E07B688F
:10FC90001B6FFB600BE0F868FFF7E4FE0346002BE8
:10FCA00002D06FF0050343E0FB681B68FB60FB6854
:10FCB0001B68002BEFD1F868FFF7D4FE0346002B3A
:10FCC00002D06FF0050333E07B68DA6EFB681A60E0
:10FCD0007B681A6F7B68DA667B6800221A677B682C
:10FCE0005B8B43F400639AB27B685A83FB68DB68E2
:10FCF0005B681846F8F7B6FC0446FB681B891D468E
:10FD0000FB68DB689B899BB21846F8F795FC0346B5
:10FD1000DBB203F00303002B01D0012300E000233A
:10FD20002B44E2187B68DA647B6800225A63002364
:10FD300018461037BD46B0BD6C7E020834840208F8
:10FD4000DC66020880B582B000AF78607B68002B6B
:10FD500006D10D4B40F29C620C490D4804F006F9A7
:10FD60007B6893F84230FF2B07D07B6893F84230D2
:10FD70000133DAB27B6883F842207868FFF77EFCB3
:10FD800000BF0837BD4680BD6C7E0208588402085B
:10FD9000DC66020880B582B000AF78607B68002B1B
:10FDA00006D10A4B40F2B16209490A4804F0DEF874
:10FDB0007868FFF757FF0346002B02D17868FFF7FA
:10FDC000C1FF00BF0837BD4680BD00BF6C7E020882
:10FDD0007C840208DC66020890B585B000AF7860CC
:10FDE0007B68002B06D12F4B40F2C5622E492F486D
:10FDF00004F0BCF87B681B6F002B02D16FF0050389
:10FE00004CE07B681B6FBB60B868FFF72BFE0346B6
:10FE1000002B02D06FF0050340E0BB681A687B68D6
:10FE20001A677B686C33FB6002E0FB681B68FB6051
:10FE3000FB681B68002B11D0FB681B68DB685B68E4
:10FE40001846F8F70FFC0446BB68DB685B68184689
:10FE5000F8F708FC0346E31A002BE6DBFB681A6898
:10FE6000BB681A60FB68BA681A60BB681B68002B25
:10FE700003D17B680022A3F868207B6893F84230A6
:10FE8000FF2B07D07B6893F842300133DAB27B68EE
:10FE900083F842207B6800225A63002318461437F7
:10FEA000BD4690BD6C7E020898840208DC6602089C
:10FEB00080B582B000AF78607B68002B06D12A4BFA
:10FEC00040F2FD6229492A4804F050F87B681B6F14
:10FED000002B45D07B685B8B03F00403002B3FD1E4
:10FEE0007868FFF779FF0346002B39D17B68B3F8B8
:10FEF00060207B68B3F84830934228BF13469BB21A
:10FF0000002B00DA01335B109AB27B68A3F84A2019
:10FF10007B68B3F84A301A467B685B8E5B009A4276
:10FF200006D27B685B8E5B009AB27B68A3F84A209E
:10FF30007B68B3F84A207B685B8E194649000B4406
:10FF40009BB213449AB27B68A3F848207B685B8B12
:10FF500043F004039AB27B685A837B6800221A86B6
:10FF600000BF0837BD4680BD6C7E0208B084020821
:10FF7000DC66020880B586B000AFF8607B600B4697
:10FF80007B8113463B817A893B8913449BB21433AE
:10FF90009BB24FF4207219462220F9F7F1FC7861E8
:10FFA0007B69002B4DD07B8913337A695289934248
:10FFB00006DB264B40F227722549264803F0D6FF80
:10FFC0007B695B683B613B8C1846F8F735FB034661
:10FFD0001A463B691A80BB8C1846F8F72DFB03467E
:10FFE0001A463B695A803B697A685A60F868F8F7A4
:10FFF00039FB02463B699A607B899B089BB20533BB
:020000040802F0
:100000009BB21B039AB297F828309BB213439BB262
:100010001846F8F711FB03461A463B699A81BB8DD7
:100020001846F8F709FB03461A463B69DA813B6933
:1000300000221A7400225A743B6900229A7400222A
:10004000DA747B6918461837BD4680BD6C7E02089D
:10005000D0840208DC660208B0B58AB004AFF8604C
:100060007B600B467B8113463B81FB68002B06D1EE
:10007000154B40F246721549154803F077FFFB68AF
:10008000586AFB68DB8AFA68128BF968498D3D89EA
:100090007C89039110210291019200937B682A468A
:1000A0002146FFF767FF78617B69002B06D0FB686C
:1000B0005B6AFA68528D1A44FB68DA627B691846FB
:1000C0001837BD46B0BD00BF6C7E0208008502082F
:1000D000DC66020880B588B000AFF860B9601146F0
:1000E0001A460B46FB711346BB710023FB83BB68AA
:1000F000002B06D1124B40F25A721249124803F0FB
:1001000035FFBB685B68BB61BB6914337B61FB8BEC
:100110009B001A46FB799B0003F00403134414333D
:10012000BA6913447A699A4206D0054B40F2797253
:100130000649054803F01AFF00BF2037BD4680BDC1
:100140006C7E020828850208DC660208208402080A
:1001500080B588B002AFF860B9607A603B60BB6878
:10016000002B06D1114B40F28A721149114803F05D
:10017000FDFE3A687968F868FEF7F8FA78617B69FD
:10018000002B05D1B868F9F717FF6FF0030308E0FB
:100190007B6900933B687A68B968F86800F00CF8EE
:1001A000034618461837BD4680BD00BF6C7E020866
:1001B00050850208DC66020880B58AB004AFF8609A
:1001C000B9607A603B603B6A002B06D1164B40F267
:1001D000A1721649164803F0C9FEFB68002B06D031
:1001E000FB68DB7AFB75FB689B7ABB7503E0FF233A
:1001F000FB750023BB75FA7D3B6A029306230193CE
:10020000BB7D009313463A687968B86802F0CAFA71
:1002100003467B75B868F9F7CFFE97F91530184695
:100220001837BD4680BD00BF6C7E02087C85020881
:10023000DC66020890B58BB004AFF860B9607A60F4
:100240003B603B68002B06D11D4B40F2C4721D4938
:100250001D4803F08BFEBB6A002B06D1184B40F201
:10026000C5721A49184803F081FE0023FB754DF250
:100270001603BB82FB7D9CB2B868F8F7F3F902461F
:10028000BB8A0393142302933B8E0193BB8D00938F
:100290001346002221467868FFF76CFE38613B69FF
:1002A000002B01D1002306E0002300223969F86801
:1002B000FFF710FF3B6918461C37BD4690BD00BFD5
:1002C0006C7E0208B0850208DC660208CC85020854
:1002D00080B58AB004AFF860B9607A603B603B8D4E
:1002E0000293BB8C01933B6A00933B687A68B968C0
:1002F000F868FFF79FFF78617B69002B05D03B6AA8
:100300003A687969F868FFF723FF00BF1837BD46E0
:1003100080BD80B58AB004AFF860B9607A603B6098
:10032000FB68002B17D03B8D0293BB8C01933B6A7B
:1003300000933B687A68B9680020FFF77BFF78611B
:100340007B69002B07D0FB6800933B6A3A687969A8
:100350000020FFF731FF00BF1837BD4680BD000009
:1003600090B587B000AF78600023FB750023BB75A4
:100370007B68002B06D1284B4FF40362274928489D
:1003800003F0F4FDFB7D9B00DBB203F004037B75FF
:100390007B7D9CB27B681B6D1846F8F763F90346BA
:1003A000002221467868FFF757FE38613B69002B31
:1003B00009D17B685B8B43F003039AB27B685A8355
:1003C0006FF0010323E0BB7DFA7D39697868FFF7A0
:1003D00081FE7A687B68043339697868FFF7B8FE74
:1003E0000346FB7397F90F30002B07D07B685B8BBC
:1003F00043F003039AB27B685A8306E07B685B8B09
:1004000023F003039AB27B685A8397F90F3018469A
:100410001C37BD4690BD00BF6C7E0208E88502080F
:10042000DC66020890B587B000AF78600023FB75EA
:100430007B68002B06D1184B40F66A021749184812
:1004400003F094FDFB7D9CB27B681B6D013B18465D
:10045000F8F708F90346002221467868FFF7FCFD0B
:1004600038613B69002B02D14FF0FF3310E00023CD
:10047000002239697868FFF72DFE7A687B680433BB
:1004800039697868FFF764FE0346FB7397F90F300C
:1004900018461C37BD4690BD6C7E020808860208CF
:1004A000DC66020890B58BB000AF7860002387F857
:1004B00027307B68002B06D14C4B40F695024C4907
:1004C0004C4803F053FD7B68DB6E3B623B6A002BBC
:1004D00001D1002385E07B6893F89A30FF2B07D089
:1004E0007B6893F89A300133DAB27B6883F89A20FC
:1004F0003B6ADB689B899BB21846F8F79DF8034678
:10050000DBB203F00103002B05D03B6A1B89002BF3
:1005100001D1012300E00023FB77FB7F002B0CBF00
:1005200001230023DBB2BB8397F8273099B23B6AE3
:10053000DB685B68BA8B7868FFF78EFDB861BB69D2
:10054000002B02D14FF0FF334BE0BB695B687B614E
:10055000FB7F002B11D07B699B899BB21BB223F4DC
:100560007C531CB21120F8F767F803461BB22343F3
:100570001BB29AB27B699A8110E0BB695B68143345
:100580003B613B6A58683B6A5B681A893B6A1B8916
:10059000D31A9BB201223969F9F730FF3B6ADB6855
:1005A0005B681846F8F75EF803460133FB607B682A
:1005B0001A6DFB68D31A002B02DA7B68FA681A6599
:1005C00000230022B9697868FFF784FD7A687B68A8
:1005D0000433B9697868FFF7BBFD0346FB7297F9EE
:1005E0000B3018462C37BD4690BD00BF6C7E02080C
:1005F00024860208DC66020880B582B000AF78600D
:10060000F9F7D4FF0A4B1B68002B03D1094B1B6879
:10061000002B05D000220849FA2000F0F3F803E08F
:10062000064B00221A6000BF00BF0837BD4680BDE0
:10063000D0980124D4980124F90502081C990124BA
:1006400080B500AF0A4B1B68002B0FD1094B1B680C
:10065000002B03D1084B1B68002B07D0044B012251
:100660001A6000220549FA2000F0CCF800BF80BDD6
:100670001C990124D0980124D4980124F90502087A
:1006800080B586B000AFF860B9607A600A20F8F7EC
:1006900063FD38613B69002B09D13B69002B51D1C7
:1006A0002A4BBE222A492B4803F060FC4AE03B69F2
:1006B00000221A603B69BA689A603B697A68DA601E
:1006C0003B69FA685A60244B1B68002B03D1224A0D
:1006D0003B69136037E03B695A681F4B1B685B68D6
:1006E000D31ADB0F03F00103DBB2002B07D01A4B48
:1006F0001A683B691A60184A3B69136023E0164B7D
:100700001B687B611AE07B691B68002B0BD03B697F
:100710005A687B691B685B68D31ADB0F03F001031F
:10072000DBB2002B07D07B691A683B691A607B69D2
:100730003A691A6007E07B691B687B617B69002B63
:10074000E1D100E000BF1837BD4680BD48860208F1
:100750007C860208DC6602081499012480B586B004
:1007600000AF78607B687B617B695B689847EFF7D7
:1007700039FC38617B691A680F4B1B681344FB60B6
:10078000FA683B69D31ADB0F03F00103DBB2002BDD
:1007900009D07B691A683B6913447A68074918468F
:1007A000FFF76EFF04E07A680449F868FFF768FF16
:1007B00000BF1837BD4680BD189901245D070208A7
:1007C00080B582B000AF01237B600EE00B4A7B68EE
:1007D00052F833007B68DB00084A13441A46084984
:1007E00000F010F87B6801337B607B68022BEDD949
:1007F00000BF00BF0837BD4680BD00BFC8A20208C9
:100800005D07020880B586B000AFF860B9607A6015
:10081000FB68B3F1804F06D30A4B40F229120A4914
:100820000A4803F0A3FBEFF7DDFB0246FB68134425
:100830007B617A68B9687869FFF722FF00BF1837D3
:10084000BD4680BD48860208BC860208DC660208F8
:1008500080B584B000AFEFF7C5FBF860174B1B689D
:10086000BB60BB68002B22D0BB685B68FA68D31AF8
:10087000DB0F03F00103DBB2002B1AD1BB681B684E
:100880000E4A1360BB689B687B60BB68DB683B609B
:10089000BB685B680A4A1360B9680A20F8F7C6FCAF
:1008A0007B68002BDAD07B6838689847D6E700BFB2
:1008B00000E000BF1037BD4680BD00BF1499012481
:1008C0001899012480B582B000AF164B1B68002B2D
:1008D00002D14FF0FF3320E0EFF784FB7860114B3B
:1008E0001B685A687B68D31ADB0F03F00103DBB285
:1008F000002B01D0002310E00A4B1B685A687B686C
:10090000D31A3B603B68002B06DA074B4FF4DC72CE
:100910000649074803F02AFB3B6818460837BD46DE
:1009200080BD00BF1499012448860208F48602089D
:10093000DC66020880B500AF03F016F903469BB2EF
:10094000C3F30D039BB2A3F580439AB2014B1A8007
:1009500000BF80BD3400002480B483B000AF00230A
:10096000FB80174B1B885A1C91B2154A11804FF619
:10097000FF72934203D1124B4FF440421A80114B45
:100980001B683B6011E03B685A8A0D4B1B889A42FA
:1009900008D1FB880133FB80FB88B3F5804FE0D39F
:1009A000002307E03B68DB683B603B68002BEAD133
:1009B000034B1B8818460C37BD465DF8047B704717
:1009C000340000242099012480B584B000AFF86081
:1009D000B9601346FB71FB68002B05D1274B8722BA
:1009E0002749284803F0C2FABB68002B05D1234BE6
:1009F00088222549234803F0B9FAFB681B7A002BAB
:100A00000BD0FB681A7A214B5B6893F830300133C6
:100A1000DBB29A4201D000232BE0FB79002B18D0E7
:100A2000FB68002B13D0FB681B68002B0FD0174B03
:100A30005B69B3F1FF3F0AD0FB681A68134B5B692F
:100A40005A40BB6808331B681340002B10D10123A8
:100A50000FE0FB68002B09D0FB681B68002B05D05A
:100A6000FB681A68094B5B699A4201D1012300E0D7
:100A7000002318461037BD4680BD00BF0887020816
:100A800038870208DC6602085C870208E42C01242F
:100A900090B58DB002AF786039600023FB767B683B
:100AA000002B05D17C4BCF227C497D4803F05EFAB8
:100AB0003B68002B05D1784BD0227A49784803F067
:100AC00055FA7B685B89072B03D87868F9F774FAC5
:100AD000DEE07B685B687B61734B5B69724A12681E
:100AE0001146184601F036FF0346FB747B691B88EC
:100AF0009BB21846F7F7A0FD03463B827B695B88F3
:100B00009BB21846F7F798FD0346FB8100237B62F2
:100B100000233B620023FB61644B1B687B6254E053
:100B20007B6A5B8AFA899A424AD1FB7C1A46396809
:100B3000786AFFF749FF0346002B41D07B6A1B7C94
:100B400003F00403002B1DD1FB69002B02D17B6A4B
:100B5000FB6117E0FB7C002B14D0534B5B69B3F1B6
:100B6000FF3F0FD1FB691A683B6804331B689A4248
:100B700008D07B6A1A683B6804331B689A4201D12B
:100B80007B6AFB617B6A9B8A3A8A9A4218D17B6AAC
:100B90005B68002B05D07B6A5A68434B1B699A42FD
:100BA0000ED13B6A002B14D07B6ADA683B6ADA60AC
:100BB0003E4B1A687B6ADA603C4A7B6A136008E045
:100BC0007B6A3B627B6ADB687B627B6A002BA7D116
:100BD00000E000BF7B6A002B01D1FB697B627B6A6E
:100BE000002B02D00123FB760AE03B6804331A682D
:100BF0002D4B5B699A420CBF01230023DBB2FB76CD
:100C0000FB7E002B41D008217868F9F727F90346CD
:100C1000002B0AD0204B4FF4B8722549204803F02E
:100C2000A5F97868F9F7C8F932E07B6A002B12D091
:100C30007B6A9B69002B0AD07B6A9C697B6AD869B6
:100C40003B8A00931B4B7A68796AA04721E0786859
:100C5000F9F7B2F91CE0FB7C002B12D1124B5B6957
:100C600003F0F003E02B0CD00F4B9B8908339BB2B1
:100C70001BB219467868F9F75AF90321786801F030
:100C800035FB7868F9F798F903E07868F9F794F993
:100C900000BF2C37BD4690BD088702088487020834
:100CA000DC6602089C870208E42C012420990124B8
:100CB000B8870208F42C012480B582B000AF7860B8
:100CC00039607B68002B02D16FF00F030EE03B68A8
:100CD000002B02D16FF00F0308E07B681A1D7B68C0
:100CE0009B8A3968786800F005F80346184608378B
:100CF000BD4680BD80B588B002AFF860B9607A604B
:100D00007B80FB68002B02D16FF00F032AE0BB68E9
:100D1000002B02D16FF00F0324E07B68002B02D17F
:100D20006FF00F031EE0FB681B7A002B06D0FB68F8
:100D30001B7A1846F8F738FD786103E0786801F00F
:100D400073FB78617B69002B02D16FF0030309E02C
:100D50007A887B69009313467A68B968F86800F06E
:100D600005F8034618461837BD4680BD80B588B0E3
:100D700002AFF860B9607A607B80FB68002B02D11B
:100D80006FF00F033AE0BB68002B02D16FF00F0346
:100D900034E07B68002B02D16FF00F032EE03B6A3A
:100DA000002B02D16FF00F0328E0FB68002B09D065
:100DB000FB681B68002B05D0FB681B6803F0F00381
:100DC000E02B03D13B6A04337B610BE0FB681A68BC
:100DD0003B6A04331B689A4202D06FF003030DE0B4
:100DE000FB687B617A887B6901933B6A00931346B9
:100DF0007A68B968F86800F005F8034618461837AD
:100E0000BD4680BD80B58CB004AFF860B9607A6033
:100E10007B80FB68002B02D16FF00F03A0E0BB6862
:100E2000002B02D16FF00F039AE07B68002B02D1F8
:100E30006FF00F0394E0FB6A002B02D16FF00F03F9
:100E40008EE0BB6A002B02D16FF00F0388E0FB68D5
:100E50005B8A002B0FD1F968FB685B8A1A46F86839
:100E600000F088F80346FB7697F91B30002B02D080
:100E700097F91B3074E0BB681B894FF6F7729342F9
:100E800002D94FF0FF336BE00821B868F8F7D6FFBE
:100E90000346002B15D04FF4207208212220F8F7CA
:100EA0006FFDF861FB69002B02D14FF0FF3357E073
:100EB000BB681B89002B06D0B968F869F9F7A2F95D
:100EC00001E0BB68FB61FB695B89072B06D8264BF9
:100ED00040F20D322549264803F048F8FB695B686B
:100EE0007B61FB685B8A1846F7F7A6FB03461A4648
:100EF0007B691A807B881846F7F79EFB03461A46E3
:100F00007B695A807B6900229A710022DA71FB6941
:100F10001B891846F7F790FB03461A467B699A80AF
:100F20001123FB74FB68DB7ABB74FB689B7AB97C8A
:100F3000BA6A0292FA7C019200930B467A68F96AC7
:100F4000F86901F059FC0346FB76FA69BB689A42DE
:100F500004D0F869F9F730F80023FB6197F91B30EA
:100F600018462037BD4680BD08870208D48702088E
:100F7000DC66020880B586B000AFF860B960134641
:100F8000FB80BB68002B01D1364BBB60FB68002B9C
:100F900002D16FF00F0360E00023FB74324B1B683B
:100FA0007B6109E0FA687B699A4202D10123FB74F4
:100FB00005E07B69DB687B617B69002BF2D1FB88F4
:100FC000002B09D1FFF7C8FC0346FB80FB88002BF0
:100FD0002CD16FF0070340E0234B1B687B6122E0BC
:100FE000FA687B699A421BD07B695B8AFA889A42CD
:100FF00016D17B691A68BB681B689A420DD0BB6822
:10100000002B0AD0BB681B68002B06D07B69002B25
:1010100003D07B691B68002B02D16FF007031CE033
:101020007B69DB687B617B69002BD9D1BB68002BB6
:1010300002D0BB681B6800E00023FA681360FB68FD
:10104000FA885A82FB7C002B06D1074B1A68FB6892
:10105000DA60054AFB681360002318461837BD465E
:1010600080BD00BFE0A202082099012480B483B0B3
:1010700000AF786039603B68002B07D03B6893F87D
:1010800030300133DAB27B681A7202E07B680022EA
:101090001A7200BF0C37BD465DF8047B704780B400
:1010A00085B000AFF860B9607A60FB68002B05D0AE
:1010B000FB68BA689A61FB687A68DA611437BD46E2
:1010C0005DF8047B7047000080B584B000AF7860A5
:1010D0007B68002B26D0154B1B687A689A4205D195
:1010E000124B1B68DB68114A136017E00F4B1B683B
:1010F000FB6010E0FB68DB68002B09D0FB68DB6855
:101100007A689A4204D17B68DA68FB68DA6005E0A5
:10111000FB68DB68FB60FB68002BEBD17968002083
:10112000F8F784F81037BD4680BD00BF2099012430
:1011300080B582B000AF0020F8F70EF878607B68C9
:10114000002B07D020220021786802F0F2FF7B6894
:10115000FF22DA727B6818460837BD4680BD80B52D
:1011600084B000AF0346FB71FFF7E2FFF860FB6855
:1011700018461037BD4680BD80B485B000AF78609A
:1011800039607B68002B1ED07B681B68002B1AD04F
:101190003B68002B17D03B681B68002B13D00D4B0E
:1011A0001B68FB600CE0FB681A687B681B689A424E
:1011B00003D13B681A68FB681A60FB68DB68FB6058
:1011C000FB68002BEFD100BF1437BD465DF8047BF0
:1011D000704700BF2099012480B582B000AF7860CD
:1011E00015497A6813465B001344DB000B441B6807
:1011F000002B13D010497A6813465B001344DB00C0
:101200000B441B681846F8F7D7FE0B497A6813465B
:101210005B001344DB000B4400221A6006497A6825
:1012200013465B001344DB000B44143300221A7096
:1012300000BF0837BD4680BD2499012480B582B027
:1012400000AF00237B6096E04F497A6813465B004D
:101250001344DB000B4414331B78FB70FB78002B2A
:1012600000F0868048497A6813465B001344DB002F
:101270000B4412331B88013398B243497A681346F2
:101280005B001344DB000B44123302461A803E49D4
:101290007A6813465B001344DB000B4412331B884F
:1012A000B3F5967F15D238497A6813465B0013442C
:1012B000DB000B4414331B78012B0ED132497A68C2
:1012C00013465B001344DB000B4412331B88042BD2
:1012D00003D97868FFF780FF4AE02B497A68134604
:1012E0005B001344DB000B4414331B78032B0AD13F
:1012F00025497A6813465B001344DB000B44143322
:1013000004221A7034E020497A6813465B001344C3
:10131000DB000B4414331B78042B0AD11A497A687A
:1013200013465B001344DB000B44143302221A7093
:101330001EE015497A6813465B001344DB000B443A
:1013400014331B78012B13D10F497A6813465B00C5
:101350001344DB000B44083318687A6813465B00BB
:101360001344DB00084A13440433194600F08AFE94
:101370007B6801337B607B68092B7FF765AF00BF1B
:1013800000BF0837BD4680BD2499012480B58AB0CE
:1013900000AFF8600B467A60FB720A23FB840A23D5
:1013A000BB840A237B8400233B840A23FB83002322
:1013B000BB8300237B8300233B8300233B84AEE07D
:1013C000B7F92020A64913465B001344DB000B4409
:1013D00014331B78FB75B7F922300A2B05D1FB7D3E
:1013E000002B02D13B8C7B8495E0FB7D002B00F031
:1013F0009280FB7D012B09D0FB7D012B06D8994BF8
:101400004FF492729849994802F0B0FDFB68002BA6
:1014100020D0FB681968B7F92020914813465B007B
:101420001344DB00034404331B68994212D17B68E8
:10143000002B0CD0B7F92020894913465B001344D8
:10144000DB000B4408331B687A689A4202D1B7F973
:10145000203000E1FB7D012B40D1B7F920208049ED
:1014600013465B001344DB000B441B68002B1AD0AF
:10147000B7F920207A4913465B001344DB000B4484
:1014800012331B88BA8B9A4245D83B8CFB83B7F941
:101490002020734913465B001344DB000B441233D6
:1014A0001B88BB8337E0B7F920206D4913465B00EA
:1014B0001344DB000B4412331B887A8B9A422AD8E0
:1014C0003B8CFB84B7F92020654913465B0013442D
:1014D000DB000B4412331B887B831CE0FB7D012B5C
:1014E00019D9B7F920205E4913465B001344DB008D
:1014F0000B4412331B883A8B9A420CD83B8CBB842A
:10150000B7F92020564913465B001344DB000B4417
:1015100012331B883B833B8C01339BB23B84B7F96E
:101520002030092B7FF74CAFFB7A03F00203002B2E
:1015300008D1B7F922300A2B07D1FB7A03F0010357
:10154000002B02D14FF0FF3385E0B7F92230092B91
:1015500002DC7B8C3B8439E0B7F92430092B14DCA6
:10156000BB8C3B84B7F920203D4913465B001344F4
:10157000DB000B441B68002B18D03A4B4FF4B772BA
:101580003B493A4802F0F2FC10E0B7F92630092B4B
:1015900002DCFB8C3B8409E0B7F91E30092B02DC2E
:1015A000FB8B3B8402E04FF0FF3354E0B7F920306F
:1015B000092B06DD2B4B4FF4C0722E492B4802F04D
:1015C000D5FCB7F920301846FFF706FEB7F92030F2
:1015D000092B06DD234B4FF4C2722649234802F043
:1015E000C5FCB7F920201E4913465B001344DB00FD
:1015F0000B4414331B78002B06D01A4B40F2851293
:101600001D491A4802F0B2FCFB68002B0BD0B7F959
:101610002020FB681968124813465B001344DB0066
:10162000034404331960B7F920200D4913465B00C9
:101630001344DB000B44123300221A80B7F9202038
:10164000074913465B001344DB000B4408337A68F8
:101650001A60B7F9203018462837BD4680BD00BF54
:1016600024990124048802083C880208DC660208E8
:101670007C88020894880208A888020880B588B08F
:1016800002AFF860B9607A60FB70FB6893F82C30A9
:10169000062B06D0484B4FF4D5724849484802F013
:1016A00065FCBB68002B12D0BB681B68002B0ED0FA
:1016B000BB681B68F968184601F04CF90346002B1B
:1016C00005D1BB681B6803F0F003E02B02D16FF07B
:1016D0000F036CE0FB78FA681946B868FFF756FE0E
:1016E0000346FB82B7F91630002B02DAFB8A5BB2A5
:1016F0005DE0B7F91620334913465B001344DB0065
:101700000B44143302221A70B7F916202D491346E0
:101710005B001344DB000B440833FA681A60B7F926
:10172000162013465B001344DB000833254A13449C
:10173000043306227968184602F0ABFDB7F916208B
:10174000204913465B001344DB000B441233002294
:101750001A80B7F916201B4913465B001344DB00BF
:101760000B441B68002B21D0B7F9162015491346EE
:101770005B001344DB000B441B683B61B7F9162088
:10178000104913465B001344DB000B4400221A602F
:10179000FB6803F126024FF4006300937B6839690C
:1017A000F86801F0DBFF3869F8F706FC00231846FB
:1017B0001837BD4680BD00BF04880208D4880208DF
:1017C000DC6602082499012480B584B000AF7860FB
:1017D0000023FB601EE01349FA6813465B001344C4
:1017E000DB000B4414331B78FB72FB7A002B0ED00A
:1017F0000C49FA6813465B001344DB000B440833C2
:101800001B687A689A4202D1F868FFF7E5FCFB682A
:101810000133FB60FB68092BDDDD00BF00BF103723
:10182000BD4680BD24990124B0B58AB004AF78606C
:1018300039603B68002B7ED07B685B683B613B690D
:101840001B889BB2B3F5807F0CD13B691B79062BBB
:1018500008D13B695B79042B04D13B695B889BB25F
:10186000082B03D07868F8F7A7FB64E03B690E33D8
:101870001B68FB603B6918331B68BB603B68043323
:101880001B68002B04D10023FB750023BB7513E0FC
:10189000BA683B6804331B689A420CBF01230023DB
:1018A000DBB2FB75FA683B6804331B689A420CBFD5
:1018B00001230023DBB2BB753B6903F10802FB7D0A
:1018C000002B01D0012300E0022307F10C0138684E
:1018D000FFF7D4FE3B69DB889BB2B3F5807F03D072
:1018E000B3F5007F21D023E0FB7D002B1FD0BB7D13
:1018F000002B1CD13B6803F126003B6903F108046F
:101900003B6803F126053B6804333A69083202213B
:10191000039107F10C010291019200932B4622469C
:101920000146386800F000FB01E000BF00E000BFA6
:101930007868F8F741FB1837BD46B0BD80B586B072
:1019400002AFF860B9601346FB71FA794449134657
:101950005B001344DB000B4414331B78012B06D8C7
:10196000404B40F2EF224049404802F0FFFAFA793A
:101970003B4913465B001344DB000B4414331B78D4
:10198000022B53D1FA79364913465B001344DB002E
:101990000B4412331B88B3F58E7F19D9FA7913469D
:1019A0005B001344DB002E4A134404331946F868E5
:1019B00000F068FB0346002B38D1FA79284913461A
:1019C0005B001344DB000B44143303221A702DE038
:1019D000FA79234913465B001344DB000B441233AE
:1019E0001B88B3F5877F21D3FA7913465B00134434
:1019F000DB001B4A1344191DFA7913465B0013449C
:101A0000DB000833164A134404331A46F86800F022
:101A100017FB0346002B09D1FA79114913465B00E5
:101A20001344DB000B44143303221A70FB6803F1E8
:101A30002601FA7913465B001344DB000833084A99
:101A4000134404334FF4006200920A46B968F86800
:101A500001F084FE034618461037BD4680BD00BF26
:101A6000249901240488020818890208DC66020807
:101A700080B58AB002AFF860B9607A607B68BB61FC
:101A8000FB68002B06D1734B40F21F32724973483A
:101A900002F06CFABB68002B06D16E4B4FF4487213
:101AA0006F496E4802F062FA7B68002B06D1694BE1
:101AB00040F221326B49694802F058FA7B681B6892
:101AC000F968184600F046FF0346002B02D0664B2B
:101AD000FB61AFE07B681B6803F0F003E02B18D1DB
:101AE00001233B7400237B745E23BB747B6801334A
:101AF0001B7803F07F03DBB2FB747B6802331B7837
:101B00003B757B6803331B787B7507F11003FB6122
:101B100090E07B681A68FB6804331B685A40FB68D6
:101B200008331B681340002B12D07B681B689BB2E4
:101B30004FF6A96293420BD0FB680C331B68002B55
:101B400003D0FB680C33BB6102E06FF003037DE060
:101B5000464B1B781946464A0B465B000B44DB009C
:101B6000134414331B78012B25D9404B1B7819469D
:101B70003F4A0B465B000B44DB00134408331B68F1
:101B8000FA689A4217D1BB691A68384B1B78184615
:101B9000374903465B000344DB000B4404331B68F6
:101BA0009A4208D1314B1B781A46B968F868FFF79A
:101BB000C5FE03464AE00023FB7531E0FA7D2C495F
:101BC00013465B001344DB000B4414331B78012BDA
:101BD00023D9FA7D264913465B001344DB000B44EE
:101BE00008331B68FA689A4217D1BB691968FA7DF5
:101BF0001F4813465B001344DB00034404331B6897
:101C000099420AD1194AFB7D1370FB7D1A46B968C7
:101C1000F868FFF793FE034618E0FB7D0133FB7580
:101C2000FB7D092BCAD9BA68B969F86800F022F8B7
:101C300003460BE0FB6803F126024FF400630093B8
:101C4000FB69B968F86801F089FD0346184620373A
:101C5000BD4680BD04880208CC660208DC66020826
:101C600048890208F8880208E4A20208149A0124AC
:101C70002499012480B58CB002AFF860B9607A6015
:101C8000FB6826337B61FF2387F8273000233B6204
:101C9000BB681B68F968184600F05CFE0346002B21
:101CA0000CD1BB681B6803F0F003E02B06D0BB68C7
:101CB000002B03D0BB681B68002B02D16FF00F0311
:101CC0001DE1FA680121B868FFF760FB03467B82DB
:101CD000B7F91230002B02DA7B8A5BB20FE17B8A04
:101CE0007E2B06D9884B40F2C2328849884802F0E0
:101CF0003DF97B8A7B747A7C864913465B001344EA
:101D0000DB000B4414331B78002B15D101233B62FD
:101D10007A7C804913465B001344DB000B44143388
:101D200001221A707A7C7B4913465B001344DB0066
:101D30000B440833FA681A607A7C764913465B00D4
:101D40001344DB000B4414331B78012B11D07A7C35
:101D5000704913465B001344DB000B4414331B78BB
:101D6000012B06D8684B40F2CE326B49684802F02E
:101D7000FDF83B6A002B02D17B68002B28D1B968A3
:101D8000F86800F07FF9034687F8273097F9273085
:101D9000002B17D17A7C5F4913465B001344DB00AC
:101DA0000B4414331B78012B0CD13B6A002B09D157
:101DB0007A7C584913465B001344DB000B44123312
:101DC00000221A807B68002B02D197F9273096E019
:101DD0007B68002B06D14C4B40F2EA324F494C480D
:101DE00002F0C4F87A7C4B4913465B001344DB00D5
:101DF0000B4414331B78012B17D9494A7B7C137091
:101E00007A7C13465B001344DB000833414A1344D9
:101E100004334FF4006200927A697968F86801F03F
:101E20009DFC034687F8273067E07A7C39491346E2
:101E30005B001344DB000B4414331B78012B5CD193
:101E40000023BB617B68FB611CE0FB695A89FB696D
:101E50001B899A420AD1FB691B68002B06D02A4BCA
:101E600040F2FA322F492A4802F080F8FB691B7BC6
:101E700003F04003002B02D00123BB6105E0FB69A6
:101E80001B68FB61FB69002BDFD1BB69002B07D00E
:101E90007A684FF420710E20F8F70CFBF86104E02B
:101EA0007B68FB61F869F8F72DF9FB69002B21D0FD
:101EB0007A7C184913465B001344DB000B441B6813
:101EC000002B0AD07A7C134913465B001344DB00D5
:101ED0000B441B681846F8F76FF87A7C0D491346D7
:101EE0005B001344DB000B44FA691A60002387F897
:101EF000273002E0FF2387F8273097F9273018466C
:101F00002837BD4680BD00BF0488020854890208F6
:101F1000DC660208249901246489020848890208C1
:101F2000149A01248C89020880B58AB002AFF86047
:101F3000B9607A603B600023FB77FB68002B06D119
:101F40003A4B4FF48C623A493A4802F00FF84FF49A
:101F500020721C210E20F7F713FDB861BB69002B1E
:101F600002D14FF0FF335DE0BB695B891B2B06D8C4
:101F70002E4B40F26B4230492E4801F0F7FFBB690F
:101F80005B687B61BB8E1846F6F756FB03461A4624
:101F90007B69DA80FB6893F82C30062B06D0234B44
:101FA00040F272422549234801F0E0FF7B69083383
:101FB00006223968184602F06CF97B691233062252
:101FC000F96A184602F065F97B690E33BA6A12683D
:101FD0001A607B6918333A6B12681A607B690022B9
:101FE0001A70002242F001025A707B69002242F00E
:101FF00008029A700022DA707B6906221A717B69E6
:1020000004225A7140F6060300937B68BA68B969E6
:10201000F86801F0A3FBB869F7F7CEFF0023BB61B6
:1020200097F91F3018462037BD4680BD0488020846
:10203000CC660208DC660208A8890208DC8902086E
:1020400080B588B004AFF860B9607A60FB6803F1CE
:102050002601FB6803F12600FB680433012203928A
:10206000BA680292064A0192009303467A68F868B9
:10207000FFF75AFF034618461037BD4680BD00BF24
:10208000ECA2020880B582B000AF78603960054AE2
:1020900039687868FFF7D4FF034618460837BD460D
:1020A00080BD00BFE4A2020880B58EB004AF7860A6
:1020B0003960884B9B687B627B6A1B7803F00F0357
:1020C000DBB29B00DBB27B847B8C132B40F2EB807A
:1020D0007B685B89032B40F2E8807B685B681B7838
:1020E00087F8213097F82130002B00F0D580082B9D
:1020F00040F0D580784BFB61764B5B6903F0F003D1
:10210000E02B00F0D980734B5B69724A126811466C
:10211000184600F01FFC0346002B40F0CF807B6880
:102120001B89072B40F2C3807868F6F723FB034630
:10213000002B03D07868F7F73FFFC8E07B8C0E33A5
:1021400019467868F7F77AFE0346002B4BD07B6878
:102150001A897B8C13447B837B681B897A8B9A4218
:10216000C0F0AE807B8B4FF4207219460E20F7F73B
:1021700007FC78617B69002B00F0A4807B695B8998
:102180001A467B8C08339A4203D27869F7F714FF1A
:1021900099E07B695B687A8C796A184602F079F875
:1021A0007B8C19467869F7F759FE0346002B09D056
:1021B0004A4BB6224A494B4801F0D8FE7869F7F7F6
:1021C000FBFE80E079687869F8F72CF80346002B6D
:1021D00003D07869F7F7F0FE75E07868F7F7ECFE62
:1021E0007B697B600FE07B8C0E3319467868F7F7CC
:1021F00035FE0346002B06D0384BC7223A493948F2
:1022000001F0B4FE5FE07B685B683B617B8C194644
:102210007868F7F713FE0346002B3FD17B685B68B5
:10222000FB60FB691A68FB68DA602A4B1A69FB6875
:102230001A613B6900221A707B680022DA733B69DD
:102240005B889BB24FF6F772934207D93B695B8874
:102250009BB209339AB23B695A8006E03B695B88BE
:102260009BB208339AB23B695A80FB68FF221A720C
:10227000FB6800229A720022DA723B680293012303
:10228000019300230093FF230022F969786800F08E
:1022900089FA0346FB7201E000BF00E000BF7868E6
:1022A000F7F78AFE13E000BF02E000BF00E000BFC6
:1022B0007868F7F781FE0AE000BF04E000BF02E0A3
:1022C00000BF00E000BF7868F7F776FE00BF283750
:1022D000BD4680BDE42C0124F82C0124208A02088C
:1022E000588A0208DC6602088C8A020880B582B02F
:1022F00000AF78600B46FB70FB781A4603217868C4
:1023000000F014F800BF0837BD4680BD80B582B02C
:1023100000AF78600B46FB70FB781A460B2178689B
:1023200000F004F800BF0837BD4680BD80B58CB012
:1023300004AF78600B46FB701346BB701C23FB8315
:102340007B681B89FA8B9A4202D97B681B89FB83C5
:10235000FB8B08339BB24FF4207219462220F7F70B
:102360000FFBB861BB69002B54D0BB695B891A466F
:10237000FB8B08339A4206D2284B4FF4B772284998
:10238000284801F0F3FD7B685B687B61BB695B6893
:102390003B613B69FA781A703B69BA785A703B69BD
:1023A00000221A7100225A7100229A710022DA71F9
:1023B000FA8B08237968B869F7F74CFF7B69DB680B
:1023C000BB6007F10803184600F02EF8F860FB68C0
:1023D000002B1BD03B6900229A700022DA70BB6987
:1023E0005B8919463869F6F7B3F903461A463B6923
:1023F0005A8007F10802FB6802930123019300232E
:102400000093FF230021B86900F0CCF9B869F7F711
:10241000D3FD00E000BF2037BD4680BD208A020802
:10242000C08A0208DC66020880B485B000AF78601C
:10243000334B1B68FB6036E0FB6893F82D3003F0EC
:102440000103DBB2002B2BD0FB6893F82D309B08E7
:1024500003F00103DBB2002B22D0FB6804331B68BE
:10246000002B1DD07B681A68FB6804331B685A4038
:10247000FB6808331B681340002B01D1FB6838E070
:10248000FB6893F82D3003F00203002B08D17B6822
:102490001A68FB680C331B689A4201D1FB6828E07C
:1024A000FB681B68FB60FB68002BC5D1154B1B68E4
:1024B000002B1AD0134B1B6893F82D3003F0010347
:1024C000002B12D00F4B1B6893F82D3003F0040340
:1024D000002B0AD00B4B1B6804331B68002B04D065
:1024E0007B681B68DBB27F2B01D1002301E0054B29
:1024F0001B6818461437BD465DF8047B704700BF63
:10250000B8980124BC98012480B582B000AF7860EF
:102510007B6893F82D3003F00103DBB2002B16D05B
:102520007B6804331B68002B11D00B4B5A697B6806
:1025300004331B689A4208D0074B5B6979681846D8
:1025400000F008FA0346002B01D0012300E000232D
:1025500018460837BD4680BDE42C012480B586B0FE
:1025600000AF786039607B685B687B617B691B7852
:102570001B09DBB2042B04D07868F7F71DFD00239C
:1025800007E17B691B7803F00F03DBB29B00DBB232
:10259000FB817B695B889BB21846F6F74DF80346D2
:1025A000BB817B681B89BA899A4204D2BB891946D0
:1025B0007868F7F747FB7B685B89FA899A4207D806
:1025C0007B681B89BA899A4202D8FB89132B04D8ED
:1025D0007868F7F7F1FC0023DBE07B691B696F4A41
:1025E00053617B69DB686D4A13616C4B5B6903F077
:1025F000F003E02B12D13B6893F82D3003F0010378
:10260000DBB2002B07D03B6804331B68002B02D0E1
:102610003B683B612AE000233B6127E03868FFF715
:1026200073FF0346002B02D03B683B611EE0002392
:102630003B615A4B5B69DBB27F2B17D0584B1B6851
:102640003B610EE03A693B689A4206D03869FFF771
:102650005BFF0346002B08D100E000BF3B691B680D
:102660003B613B69002BEDD100E000BF4B4B1B6988
:102670003968184600F06EF90346002B05D1474B28
:102680001B6903F0F003E02B04D17868F7F794FCA2
:1026900000237EE03B69002B04D17868F7F78CFCBF
:1026A000002376E07B69DB889BB21A464FF63F73C6
:1026B0001340002B0BD0786800F092FC78607B68A8
:1026C000002B01D1002364E07B685B687B61334AA7
:1026D0003B691360314A3B685360304A7B699360C1
:1026E0007B691B7803F00F03DBB29B00DBB21A4659
:1026F0002A4B9A81FB8919467868F7F7AFFB7B690B
:102700005B7A112B06D0112B13DC012B0CD0062B7E
:1027100005D00EE039687868FEF7BAF926E0396826
:102720007868F9F7F5FC21E039687868FFF7BCFCB8
:102730001CE01A4B5B693969184600F00BF9034637
:10274000002B0FD1154B5B6903F0F003E02B09D090
:10275000B7F90E3019467868F7F7E9FB0221786877
:10276000FFF7C4FD7868F7F727FC00BF0B4B00228A
:102770001A600A4B00225A60084B00229A60074BED
:1027800000229A81054B00221A61044B00225A61F3
:10279000002318461837BD4680BD00BFE42C012435
:1027A000B898012480B58AB004AFF860B9607A6047
:1027B000FB70BB687B617B68002B09D0BB68002B7A
:1027C00003D0BB681B68002B02D1BB6A04337B615A
:1027D000FA78BB6A029397F82430019397F8203077
:1027E000009313467A687969F86800F005F80346A3
:1027F00018461837BD4680BD80B588B000AFF86078
:10280000B9607A60FB70FB689B7B012B06D04B4B59
:1028100040F276324A494B4801F0A8FB7B68002B16
:1028200060D014237B831421F868F7F707FB034675
:10283000002B02D06FF001037CE0FB685B68FB615A
:10284000FB685B89132B06D83C4B40F2AA323E4909
:102850003C4801F08BFBFB69FA781A72FB6997F828
:102860002C205A727B681A68FB691A617B8B9B0863
:102870009BB2DBB243F04003DAB2FB691A70FB692A
:1028800097F828205A70FB681B891846F5F7D4FE84
:1028900003461A46FB695A80FB6900229A7100229E
:1028A000DA712A4B1B881846F5F7C6FE03461A460E
:1028B000FB699A80254B1B8801339AB2234B1A80FF
:1028C000BB68002B04D1224B1A68FB69DA6003E075
:1028D000BB681A68FB69DA60FB6900229A72002201
:1028E000DA720FE0FB685B89132B02D86FF00103EB
:1028F00020E0FB685B68FB61FB691B697B6107F19A
:1029000014037B603B6B9B8C002B0CD0FB681A89FB
:102910003B6B9B8C9A4206D97A68396BF86800F059
:1029200053FD034606E03B6B5B697A68F968386BD8
:102930009847034618462037BD4680BDEC8A0208FA
:10294000208B0208DC6602082C8B0208169A0124F0
:10295000E0A2020880B485B000AF786039607B687F
:10296000FB607B68B3F1FF3F02D07B68002B01D195
:1029700001232AE03B6893F82D3003F00203002B7B
:1029800001D1002321E03B6804331B687A689A4236
:1029900001D1002319E0FA683B6804331B685A40F0
:1029A0003B6808331B681340002B0DD13B6808338C
:1029B0001B68DA437B681A403B6808331B68DB43BB
:1029C0009A4201D1012300E0002318461437BD4686
:1029D0005DF8047B7047000080B584B000AF002331
:1029E000BB60124B1B68FB6018E0FB68DB7F002BB1
:1029F0000BD0FB68DB7F013BDAB2FB68DA77FB6860
:102A0000BB60FB681B68FB6008E0FB687B60FB68E1
:102A10001B68FB60B968786800F00AF8FB68002B57
:102A2000E3D100BF00BF1037BD4680BD189A012416
:102A300080B588B000AF786039600023FB833A68C6
:102A40007B689A4205D1454BAB224549454801F088
:102A50008DFA3B68002B0AD03B681B687A689A4263
:102A600005D03E4BAD2240493E4801F07FFA7B68DD
:102A70005B685B687B617B699B889BB2002B2AD17A
:102A80007B685B68BB617B691A687B685A60BB695D
:102A900058687B6808331422194601F0FAFB0121BB
:102AA000B869FFF733FCB869F7F714FB03467B827C
:102AB000FA8B7B8A1344B3F5803F05DB274BBC229E
:102AC0002A49284801F052FAFA8B7B8A1344FB8387
:102AD000B869F7F771FA7B685B68BB611FE0BB6997
:102AE0005B687B61BB69FB607B691B68BB61F868E5
:102AF000F7F7F0FA03467B82FA8B7B8A1344B3F52F
:102B0000803F05DB154BCC221849164801F02EFA00
:102B1000FA8B7B8A1344FB83F868F7F74DFABB699D
:102B2000002BDCD13968786800F0C2F8104B1B88A4
:102B3000FA8B9A4205D9094BD2220E49094801F075
:102B400015FA0B4B1A88FB8BD31A9AB2084B1A80D2
:102B5000FB8B18462037BD4680BD00BF5C8B02084A
:102B6000988B0208DC660208A48B0208B88B020866
:102B70001C9A0124D88B020880B58AB000AF786017
:102B8000396000237B6100233B620023FB6100234B
:102B9000BB6100233B61284B1B687B6230E07B6A92
:102BA0005A697B68DB689A420CD17B6A9A697B68B8
:102BB0001B699A4206D17B6A9A897B689B889BB283
:102BC0009A4214D03B6901333B613B6A002B04D12C
:102BD0007B6A3B62FB69BB6109E07B6ADA7F3B6A27
:102BE000DB7F9A4203D87B6A3B62FB69BB617B6AED
:102BF0001B68002B01D07B6AFB617B6A1B687B62D0
:102C00007B6A002BCBD13B6A002B08D0B969386AAC
:102C1000FFF70EFFF8607A69FB6813447B617A69FD
:102C20003B689A4202DA3B69012BACDC7B691846AF
:102C30002837BD4680BD00BF189A012480B584B0F6
:102C400000AF786039600420F6F786FAF860FB6818
:102C5000002B10D139687868FFF78EFF02463B6879
:102C6000934203DC0420F6F777FAF860FB68002B48
:102C700001D1002316E020220021F86801F059FA62
:102C8000FB680F22DA77094B1A68FB681A60074A5B
:102C9000FB681360FB68083314227968184601F05A
:102CA000F8FAFB6818461037BD4680BD189A012413
:102CB00080B582B000AF78603960104B1B687A68CD
:102CC0009A4204D17B681B680C4A13600DE03B6894
:102CD000002B06D10A4B40F245120A490A4801F07E
:102CE00045F97B681A683B681A6079680420F6F732
:102CF0009DFA00BF0837BD4680BD00BF189A012469
:102D00005C8B0208FC8B0208DC66020880B58CB084
:102D100000AFF860B9607A600023BB6201233B62B8
:102D2000BB685B68FB61FB695B889BB21846F5F783
:102D300083FC03467B83FB691B7803F00F03DBB244
:102D40009B007B767B7E9BB27A8B9A4202D24FF0BD
:102D5000FF3335E17B7E9BB27A8BD31A7B83FB6991
:102D6000DB889BB21846F5F767FC0346C3F30C03F8
:102D70009BB2DB00FB82BB685B68FB62FB6A0022E4
:102D80001A7000225A7000229A700022DA70FB6AD0
:102D9000FA8A9A80FA8A7B8B13449AB2FB6ADA80A9
:102DA000FB6ADB889BB2FA8A9A4202D94FF0FF3362
:102DB00006E1FB685B687B6268E07B6A5B683B619D
:102DC000FB6A9B889AB23B699B889BB29A4235D238
:102DD000FB6A7A6A1A60BB6A002B20D0FB6A9B8868
:102DE0009AB2BB6ADB889BB29A4207D3FB6ADB8844
:102DF0009AB23B699B889BB29A4202D94FF0FF334B
:102E0000DEE0BB6ABA681A60BB6ADB889AB2FB6A0A
:102E10009B889BB29A423DD000233B623AE0FB6A1A
:102E2000DB889AB23B699B889BB29A4202D94FF0E9
:102E3000FF33C5E0FB68BA685A602BE0FB6A9B88E9
:102E40009AB23B699B889BB29A4202D14FF0FF3302
:102E5000B6E0FB6A9B889AB23B69DB889BB29A42D8
:102E600002D24FF0FF33ABE0BB6A002B09D0BB6A44
:102E7000DB889AB23B699B889BB29A4201D00023BF
:102E80003B623B691B687B623B69BB627B6A002BD0
:102E900093D100E000BF7B6A002B2DD1BB6A002BD1
:102EA0001CD0BB6ADB889AB2FB6A9B889BB29A42B1
:102EB00006D9454B4FF4DB724449454801F056F8BA
:102EC000BB6ABA681A60BB6ADB889AB2FB6A9B88E5
:102ED0009BB29A4210D000233B620DE0FB685B6816
:102EE000002B06D0384B4FF4DF723A49384801F0D6
:102EF0003DF8FB68BA685A607B68002B05D1FB6817
:102F00009B7F03F00103002B59D03B6A002B4FD06D
:102F1000FB685B68002B06D0FB685B685B689B887E
:102F20009BB2002B02D000233B6241E0FB6ABB62F4
:102F3000FB6A1B687B6212E07B6A5B68FB62BB6AB0
:102F4000DB889AB2FB6A9B889BB29A4202D000232C
:102F50003B6207E0FB6ABB62FB6A1B687B627B6AC1
:102F6000002BE9D13B6A002B22D0FB685B68002B69
:102F700006D1154B40F2DF121749154800F0F6FF55
:102F8000FB685B685B68FA6A9A4206D10E4B4FF4A5
:102F9000F07211490E4800F0E9FFFB6A1B68002B34
:102FA00006D0094B4FF4F1720C49094800F0DEFFDE
:102FB0003B6A002B14BF01230023DBB200E0002397
:102FC00018463037BD4680BD5C8B0208188C02085D
:102FD000DC660208388C0208708C0208808C0208BB
:102FE00080B58EB000AF78607B685B68BB62BB6AFF
:102FF0001B7803F00F03DBB29B00DBB2142B40F015
:103000007181BB6ADB889BB21846F5F715FB034656
:10301000C3F30C039BB2DB00FB84BB6A5B889BB2EF
:103020001846F5F709FB0346BB84BB6A1B7803F01F
:103030000F03DBB29B0087F8233097F823309BB255
:10304000BA8C9A42C0F0508197F823309BB2BA8C68
:10305000D31ABB847868F7F73DF803463B848C4B62
:103060001B881A463B8C13440A2B10DD3B8C1946F7
:10307000B86AFFF781FD0346002B00F03781844BCF
:103080001B881A463B8C13440A2B00F32F81814B7B
:103090001B683B6315E03B6B5A69BB6ADB689A426D
:1030A0000CD13B6B9A69BB6A1B699A4206D13B6B98
:1030B0009A89BB6A9B889BB29A4206D03B6B1B687D
:1030C0003B633B6B002BE6D100E000BF3B6B002B6A
:1030D00009D13B8C1946B86AFFF7B0FD38633B6BEA
:1030E000002B1CD105E1BB6ADB889BB21846F5F7C3
:1030F000A3FA0346C3F30C03002B10D13B6BDB890F
:103100001846F5F799FA0346C3F30C03002B06D0D3
:103110003B6B08331422B96A184601F0BAF8BB6A4F
:10312000DB889BB203F02003002B0CBF012300239C
:10313000DBB2FB61FB69002B0ED0FA8CBB8C134415
:103140007B837A8BFB8C9A42C0F0A0807B8B4FF6FE
:10315000EB72934200F29A80FA697968386BFFF754
:10316000D5FD78617B69B3F1FF3F00F09B80484B50
:103170001A883B8C13449AB2454B1A80FB69002B8A
:103180000DD0FA8CBB8C13447B823B6B7A8A9A837A
:103190003B6B9B7F43F00103DAB23B6B9A777B6911
:1031A000012B71D13B6B9B8B14333B823B6B5B6878
:1031B0005B681B687B633B6B5B685B68BB623B6BFC
:1031C000083314221946B86A01F063F83B8A18469E
:1031D000F5F732FA03461A46BB6A5A80BB6A0022E8
:1031E0009A710022DA71BB6A00229A720022DA72A6
:1031F0003B6B5B687B600DE07B6B5B68FB60142165
:10320000786BF6F72BFE796B7868F6F7A3FFFB680F
:103210001B687B637B6B002BEED11E4B1B683A6BEC
:103220009A4202D10023FB6210E01A4B1B68FB623A
:1032300007E0FB6A1B683A6B9A4206D0FB6A1B6880
:10324000FB62FB6A002BF4D100E000BFF96A386B27
:10325000FFF72EFD7868F6F73DFF03463B840C4BE5
:103260001B883A8C9A4206D90B4B40F29B220B49A1
:103270000B4800F07BFE064B1A883B8CD31A9AB29F
:10328000034B1A807B6838E0002336E000BF0AE079
:103290001C9A0124189A01245C8B0208A48C020851
:1032A000DC66020800BF3B6B002B06D1154B4FF4C8
:1032B0002A721549154800F059FE3B6B5B68002BDC
:1032C00016D1134B1B683A6B9A4206D00D4B40F255
:1032D000AB2210490D4800F049FE0021386BFFF782
:1032E000E7FC06E000BF04E000BF02E000BF00E032
:1032F00000BF7868F6F760FE002318463837BD46F1
:1033000080BD00BF5C8B0208C08C0208DC6602082E
:10331000189A0124CC8C020880B500AF0520F5F77F
:103320001BFF0346184680BD80B582B000AF7860B1
:103330007B68002B06D1074B4FF4317206490748D2
:1033400000F014FE79680520F5F770FF00BF08371C
:10335000BD4680BD5C8B0208B06B0208DC660208CB
:1033600080B584B000AF78607B68FB60FB68002BA1
:1033700006D1114B40F2CE221049114800F0F6FD63
:10338000FA687B689A4206D00B4B40F2CF220D4977
:103390000B4800F0EBFDFB685B69002B04D0FB6879
:1033A0005B691846F6F708FEF868FFF7BDFF00BF37
:1033B0001037BD4680BD00BF5C8B0208EC8C020854
:1033C000DC660208F88C020880B594B002AFF860A1
:1033D000B9607A600023A7F84630BB689B8C143B29
:1033E000002B00DA0733DB107B871423FB87FB6895
:1033F0005B687B637B6B3B633B6B1B7803F00F036A
:10340000DBB29B00DBB2142B02D06FF0050309E1A5
:10341000FB685B89132B02D86FF0050302E13B6B5D
:10342000DB889BB21846F5F707F90346BB87BB8FCD
:10343000C3F30C03A7F84030BB8F03F40053FB62C7
:10344000FB681B89143BA7F84230E1E07B8FDB006F
:103450009BB2B7F84220934228BF13467B854FF4B6
:10346000207214210E20F6F78BFA78627B6A002B0B
:1034700000F0D5807B6A5B89132B06D86B4B4FF429
:1034800049726B496B4800F071FD7B6A5B681422DE
:10349000796B184600F0FDFE7B6A5B683B637B8DB1
:1034A000A7F8443064E0FB685A89FB8FD31AFB838A
:1034B000FB685B89FA8F9A4206D95C4B40F22D3249
:1034C0005D495C4800F052FDFA8BB7F844309342F6
:1034D00028BF1346A7F84630B7F84630002B05D171
:1034E0000023FB87FB681B68FB6041E0FFF714FFCC
:1034F000B861BB69002B03D1786AF6F75DFD8FE0F8
:10350000B869FB685A68FB8F1344B7F84610B7F8E0
:10351000462001920093034641220020F6F75EFB0D
:1035200078617B69002B06D1B869FFF7FDFE786AE8
:10353000F6F742FD74E0F868F6F7E4FDBB69FA6857
:103540005A61BB693D4A1A617969786AF6F702FEE9
:10355000B7F84420B7F84630D31AA7F84430B7F884
:103560004430002B04D00023FB87FB681B68FB6002
:10357000B7F84430002B96D1FA8FB7F84630134491
:10358000FB87BB689B8CA3F11302B7F842309A42C9
:10359000CCBF01230023DBB23B62B7F84030C3F35A
:1035A0000C03BB873B6A002B02D0FB6A002B03D0C5
:1035B000BB8F43F40053BB87BB8F1846F5F73CF82D
:1035C00003461A463B6BDA807B8D14339BB2184658
:1035D000F5F732F803461A463B6B5A803B6B0022E4
:1035E0009A720022DA72BB685B697A68796AB86895
:1035F0009847786AF6F7E0FCB7F842207B8DD31A3B
:10360000A7F84230B7F840207B8F1344A7F840302A
:10361000B7F84230002B7FF419AF002302E000BF5F
:103620004FF0FF3318464837BD4680BD5C8B02081B
:10363000048D0208DC660208248D0208613302084A
:1036400080B586B000AF786039600E23FB827B685E
:103650005B890E2B6ED97B685B683B613B691A7B8B
:103660005B7B1B021343FB817B68DB7B002B06D15A
:103670003B6893F830300133DAB27B68DA733B6928
:103680001B7803F00103002B23D03B691B78012B2F
:103690000FD13B695B78002B1BD13B699B785E2B7C
:1036A00017D17B685B7B43F01003DAB27B685A73F7
:1036B0000FE03B6906222849184600F011FD034639
:1036C000002B06D17B685B7B43F00803DAB27B6892
:1036D0005A73FB89082B03D0B3F5C16F14D032E0C5
:1036E0003B6893F82D3003F00803002B24D0FB8AAD
:1036F00019467868F6F7B2FB0346002B1ED13968ED
:103700007868FEF72BFF13E03B6893F82D3003F049
:103710000803002B14D0FB8A19467868F6F79EFB45
:103720000346002B0ED139687868FEF77DF800BF9C
:1037300000230CE000BF06E000BF04E000BF02E091
:1037400000BF00E000BF7868F6F736FC002318469B
:103750001837BD4680BD00BFE4A2020880B586B020
:1037600000AFF860B9607A603B603B8C1846F4F7B4
:1037700063FF0346FB820E21B868F6F75FFB034642
:10378000002B25D1BB685B683B613B69FA8A9A8153
:103790003B6906223968184600F07BFD3B69063319
:1037A00006227968184600F074FDFB6893F82C3007
:1037B000062B06D00A4B4FF49D720A490A4800F0C6
:1037C000D5FBFB689B69B968F8689847034602E037
:1037D00000BF6FF0010318461837BD4680BD00BF1B
:1037E000348D02086C8D0208DC66020880B582B058
:1037F00000AF786039603B68002204211846EDF77D
:10380000D8F902467B681A607B681B68002B02D1DE
:103810004FF0FF3300E0002318460837BD4680BD57
:1038200080B582B000AF78607B681B681846EDF702
:10383000EDFA7B681B681846EDF707FB00BF0837F9
:10384000BD4680BD80B584B000AF786039607B68CC
:103850001868394600230022EDF71EFA0346002BB4
:1038600002D10023FB7301E0FF23FB7397F90F30B4
:1038700018461037BD4680BD80B586B000AFF860F1
:10388000B9607A60ECF78EFE78617B68002B13D00C
:10389000FB6818687B680022B968EDF75BFA38614D
:1038A0003B69002B05D1ECF77DFE02467B69D31AFC
:1038B0000FE04FF0FF330CE0FB6818684FF0FF3368
:1038C0000022B968EDF746FAECF76CFE02467B6918
:1038D000D31A18461837BD4680BD80B582B000AFF8
:1038E000786039607B681868002300223968EDF73A
:1038F00031FA0346002B01D1002301E04FF0FF33E2
:1039000018460837BD4680BD80B483B000AF7860EC
:103910007B681B68002B01D1002300E001231846BF
:103920000C37BD465DF8047B704780B483B000AFB0
:1039300078607B6800221A6000BF0C37BD465DF8D6
:10394000047B704780B582B000AF78600B46FB7097
:10395000FB78002219464FF6FF70ECF7EDFF0246A8
:103960007B681A607B681B68002B02D14FF0FF3325
:1039700009E0FB78002B05D17B681B680021184605
:10398000EDF762F8002318460837BD4680BD80B5C4
:1039900084B000AF78603960ECF704FEF8603B68F3
:1039A000002B11D07B681B6839681846EDF74CF87E
:1039B0000346002B05D1ECF7F5FD0246FB68D31A50
:1039C00012E04FF0FF330FE000BF7B681B684FF041
:1039D000FF311846EDF738F80346002BF5D1ECF728
:1039E000E1FD0246FB68D31A18461037BD4680BD7C
:1039F00080B582B000AF78607B681B681846EDF731
:103A000073F800BF0837BD4680BD80B582B000AFF7
:103A100078607B681B681846EDF7A8F800BF083788
:103A2000BD4680BD80B483B000AF78607B681B6802
:103A3000002B01D1002300E0012318460C37BD46BE
:103A40005DF8047B704780B483B000AF78607B681A
:103A500000221A6000BF0C37BD465DF8047B70473A
:103A600080B500AF0348ECF75CFE0346024A1360E2
:103A700000BF80BDF4A20208209A012480B582B064
:103A800000AF78600848ECF74CFE02467B681A608D
:103A90007B681B68002B02D14FF0FF3300E000234E
:103AA00018460837BD4680BDF4A2020880B582B032
:103AB00000AF78607B681B684FF0FF311846ECF769
:103AC000B5FE00BF0837BD4680BD80B582B000AFEF
:103AD00078607B681B681846ECF7F2FE00BF083779
:103AE000BD4680BD80B58EB000AFF860B9607A6029
:103AF0003B6007F1140324220021184600F019FB53
:103B0000FB687B613B68BB623B6CFB6207F11403A3
:103B10001A467968B868ECF759FD034618463837F5
:103B2000BD4680BD80B500AF044B1B684FF0FF3130
:103B30001846ECF77BFE0123184680BD209A01242D
:103B400080B582B000AF7860044B1B681846ECF774
:103B5000B7FE00BF0837BD4680BD00BF209A0124D4
:103B60000A22002100F0BAB8164B10B51C68226B6F
:103B7000B2B9182000F004FC0246206320B9124BB1
:103B80001248522100F094FB1149124BC0E9001376
:103B9000114B83600B23838100210120C2E90401C2
:103BA00013690E4854690E49584301FB0400A3FBF6
:103BB0000131013340EB0100C2E9043020F0004044
:103BC00010BD00BF4400002404A302081BA3020888
:103BD0000E33CDAB34126DE6ECDE05002DF45158FA
:103BE0002D7F954C242B2DE9F0478646904601D831
:103BF000012B06D100F020FB162303600020BDE856
:103C0000F08734480D462A4615F8014B065D16F03C
:103C10000806F8D12D2C10D12C780126951C33F0F4
:103C2000100215D1302C0DD12A7802F0DF02582A6B
:103C300008D16C78023510230AE02B2C04BF2C78B5
:103C4000951CECE7002BF6D1302C14BF0A23082377
:103C500006F1004C0CF1FF3C0022BCFBF3F91046CE
:103C600003FB19CAA4F13007092F0FD83C46A34221
:103C70001BDD571C07D0814514D301D1A24511DBB0
:103C800000FB0340012215F8014BEBE7A4F14107CB
:103C9000192F01D8373CEAE7A4F16107192F04D89E
:103CA000573CE4E74FF0FF32EDE7531C08D12223E5
:103CB000CEF800306046B8F1000FA0D0691E06E0D3
:103CC00006B14042B8F1000F99D0002AF6D1C8F8E9
:103CD000001094E7FEA30208FFF784BF13460A46CC
:103CE000014602480068FFF77DBF00BF4400002482
:103CF0002DE9F043344E86460D46284615F8014B13
:103D0000375D17F00807F8D12D2C10D12C7801273A
:103D1000851C33F0100015D1302C0DD1287800F01F
:103D2000DF00582808D16C78023510230AE02B2CCC
:103D300004BF2C78851CECE7002BF6D1302C14BF87
:103D40000A2308234FF0FF380026B8FBF3F803FBE3
:103D500008F96FEA09093046A4F1300CBCF1090FEB
:103D600010D86446A3421EDDB6F1FF3F07D0804560
:103D700016D301D1A14513DB00FB0340012615F842
:103D8000014BE9E7A4F1410CBCF1190F01D8373C14
:103D9000E8E7A4F1610CBCF1190F04D8573CE1E746
:103DA0004FF0FF36EBE7731C06D12223CEF800302C
:103DB000304632B9BDE8F08307B14042002AF9D05D
:103DC00006B1691E1160F5E7FEA30208FFF790BF78
:103DD00013460A46014602480068FFF789BF00BF44
:103DE00044000024002310B50446C0E90033C0E9B4
:103DF0000433836081814366C2818361194608224E
:103E00005C3000F096F90D4B63620D4BA3620D4BD5
:103E1000E3620D4B23630D4B24629C4206D003F1F9
:103E20006802944202D0D0339C4205D104F158007C
:103E3000BDE8104000F02ABA10BD00BF554002088E
:103E40007B400208B3400208D9400208249A0124AA
:103E5000024A0349034800F06BB800BF3800002451
:103E60008D5402084800002441680C4B994210B55B
:103E7000044601D001F00AFBA168094B994202D027
:103E8000204601F003FBE168064B994204D020462E
:103E9000BDE8104001F0FABA10BD00BF249A012419
:103EA0008C9A0124F49A01240C4B0D4A0D4810B54C
:103EB00004211A600022FFF795FF0A4B01221C46DD
:103EC000092103F16800FFF78DFF04F1D000022201
:103ED000BDE810401221FFF785BF00BF5C9B0124A5
:103EE000513E0208249A0124014800F0D0B900BFD5
:103EF000659B0124014800F0CBB900BF659B0124FC
:103F000010B50446FFF7F0FF236A1BB1BDE810406F
:103F1000FFF7F0BF044B2362044B1B68002BF5D165
:103F2000FFF7C2FFF2E700BF693E02085C9B012475
:103F30002DE9F8430746884614460026D4E9019542
:103F4000B9F1010905D52468002CF7D13046BDE848
:103F5000F883AB89012B07D9B5F90E30013303D0B3
:103F600029463846C04706436835E9E70FB407B528
:103F7000064904AB086853F8042B8168019300F0EC
:103F80000FFE03B05DF804EB04B07047440000245A
:103F90000CB430B5184B0C1E1D689DB008DA8B238D
:103FA0002B604FF0FF301DB0BDE8304002B07047CD
:103FB0004FF40273ADF814304FF000031B9314BF9D
:103FC00004F1FF332346049307934FF6FF730290E7
:103FD0000690ADF81630209A21AB02A9284601932D
:103FE00000F0E4FA431CBCBF8B232B60002CDAD01A
:103FF000029B00221A70D6E7440000240EB470B56C
:104000009DB021AC00254FF4017254F8046BADF85B
:1040100014201B9502900690DCF76CF90B4B039073
:1040200007900B480B934FF6FF73ADF816303246EE
:10403000234602A900680F951495019400F008FC2E
:104040001DB0BDE8704003B0704700BF7740020864
:104050004400002410B50C46B1F90E1000F0C8F869
:104060000028ABBF636DA3891B1823F48053ACBF3A
:104070006365A38110BD002070472DE9F0411F4604
:104080008B89DB0505460C46164605D5B1F90E10A1
:104090000223002200F09AF8A389B4F90E1023F449
:1040A0008053A38132463B462846BDE8F04100F0EC
:1040B000B1B810B50C46B1F90E1000F087F8B4F99C
:1040C0000C30421C0BBF23F4805343F48053A38174
:1040D000A38118BF606510BDB1F90E1000F066B87D
:1040E00010B501390244904201D1002005E0037867
:1040F00011F8014FA34201D0181B10BD0130F2E7A7
:10410000884210B501EB020402D98442234607D845
:10411000431EA14207D011F8012B03F8012FF8E745
:104120000244824200D110BD13F8011D02F8011DA6
:10413000F7E702440346934200D1704703F8011B9E
:10414000F9E7C9B20346184613F8012B12B18A42A7
:10415000F9D17047002918BF0020704710B56AB127
:104160000139841810F8012B11F8013F9A4203D14C
:10417000A04201D0002AF5D1D01A10BD1046FCE7AC
:104180000A7870B56AB970BD9A4209D10C460546E5
:1041900014F8013F002BF6D015F8016F9E42F7D0BE
:1041A00001300378002BEFD11846ECE738B5064D07
:1041B0000023044608462B60DDF758F8431C02D163
:1041C0002B6803B1236038BD609B012438B5074DCF
:1041D00004460846114600222A601A46DDF76DF8AB
:1041E000431C02D12B6803B1236038BD609B0124BE
:1041F00038B5074D04460846114600222A601A4683
:10420000DCF7FBFF431C02D12B6803B1236038BDF0
:10421000609B012438B5074D04460846114600222C
:104220002A601A46DDF706F8431C02D12B6803B159
:10423000236038BD609B0124014B1868704700BFA4
:104240004400002470B50D4B0D4D5B1B9C100026E7
:10425000A64209D101F06AFB0A4D0B4B5B1B9C1077
:104260000026A64205D170BD55F8043B984701369B
:10427000EEE755F8043B98470136F2E708A5020837
:1042800008A5020808A502080CA502087047704797
:1042900070470A44914200F1FF3300D1704710B5D6
:1042A00011F8014B03F8014F9142F9D110BD000004
:1042B0001FB514461A46094B1B680546D8684CB111
:1042C000074B0091CDE9013406492B4601F006F970
:1042D00001F02CFA044B1C46F3E700BF4400002415
:1042E00073A3020880A30208AEA3020838B50546EE
:1042F000002941D051F8043C0C1F002BB8BFE41832
:1043000000F0E8F81D4A136833B96360146028466A
:10431000BDE8384000F0E4B8A34208D9206821186D
:104320008B4201BF19685B6809182160EDE71A46E6
:104330005B680BB1A342FAD911685018A0420BD1A7
:1043400020680144501883421160E0D118685B680E
:10435000536008441060DAE702D90C232B60D6E7DB
:10436000206821188B4204BF19685B68636004BF32
:10437000091821605460CAE738BD00BF6C9B012456
:10438000024B0146186800F025B800BF4400002425
:1043900070B50F4E0C463168054611B901F0B6F9FB
:1043A00030602146284601F0B1F9431C03D14FF09B
:1043B000FF34204670BDC41C24F00304A042F8D092
:1043C000211A284601F0A2F90130F2D1EFE700BF2F
:1043D000689B01242DE9F843CD1C25F00305083521
:1043E0000C2D38BF0C25002D064601DBA94204D94F
:1043F0000C2333600020BDE8F883DFF8D48000F0A0
:1044000069F8D8F800301C4644BB29463046FFF70F
:10441000BFFF431C044658D1D8F800402746002F60
:1044200043D1002C4BD023683946304604EB0309B6
:1044300001F06CF9814542D121686D1A2946304658
:10444000FFF7A6FF01303AD023682B442360D8F849
:1044500000305A6862BBC8F800700FE02268521B37
:1044600020D40B2A17D96119A342256018BF5960BF
:10447000636808BFC8F8001062514B60304600F016
:104480002FF804F10B00231D20F00700C21A1CBFF7
:104490001B1AA350AFE76268A3420CBFC8F8002004
:1044A0005A60EBE723466468AEE73C467F68B6E7B0
:1044B0001A465B68A342FBD100235360DEE70C235E
:1044C0003360304600F00CF894E70560D6E700BF93
:1044D0006C9B01240148FFF7DABE00BF649B0124F6
:1044E0000148FFF7D5BE00BF649B01242DE9F047CA
:1044F0008E681F46BE4282460C469046334653D8CD
:10450000B1F90C0010F4906F2BD06569236809692C
:1045100005EB4505A3EB010905EBD5757B1C6D107B
:104520004B44AB422A4684BF1D462A46430527D545
:1045300011465046FFF74EFF064658B321694A46DA
:10454000FFF7A7FEA38923F4906343F08003A381C0
:10455000266165614E44A5EB09052660A5603E46CF
:104560003B461F4620683A464146FFF7C9FDA3680F
:104570009B1BA36023683B4423600020BDE8F087B9
:10458000504601F0DAF806460028E1D1216950468C
:10459000FFF7ACFE0C23CAF80030A38943F04003B8
:1045A000A3814FF0FF30E9E73E46DBE72DE9F04716
:1045B0001F468B891B069CB006460D46144610D537
:1045C0000B6973B94021FFF705FF2860286130B9F6
:1045D0000C2333604FF0FF301CB0BDE8F087402360
:1045E0006B610023099320238DF829300397302332
:1045F000654F8DF82A304FF001082346994613F88D
:10460000012B0AB1252AF9D1B9EB040A0BD0534684
:10461000224629463046FFF769FF013000F0A480AA
:10462000099A5244099299F80030002B00F09C80BE
:1046300000234FF0FF32CDE9052309F1010904936E
:1046400007938DF853301A934C464F4814F8011BCA
:104650000522DBF75DFE049BD0B9D80644BF2022BB
:104660008DF85320190744BF2B228DF8532099F859
:1046700000202A2A13D0079A4C4600204FF00A0C3B
:10468000214611F8013B303B092B49D968B913E0A9
:10469000C01B08FA00F018430490A146D4E7039A1F
:1046A000111D12680391002A01DB079204E05242B7
:1046B00043F002030792049323782E2B0AD16378E8
:1046C0002A2B32D1039B1A1D1B68039243EAE37322
:1046D00002340593DFF8C090217803224846DBF7C7
:1046E00017FE38B1049BA0EB09004022824013431F
:1046F0000134049314F8011B24488DF82810062275
:10470000DBF706FE002835D0214818BB039B073392
:1047100023F0070308330393099B034409936CE7D1
:104720000CFB02320C460120AAE70023013405935A
:1047300019464FF00A0C204610F8012B303A092A8E
:1047400003D9002BC6D00591C4E70CFB0121044618
:104750000123F0E703AB00932A460E4B04A9304631
:10476000AFF30080421CD7D1AB895B063FF532AF77
:10477000099831E703AB00932A46064B04A930465B
:1047800000F090FBEEE700BFAFA30208B9A3020858
:1047900000000000ED440208B5A3020838B54B1C28
:1047A000144603D14FF0FF35284638BD938923F0D6
:1047B00020039381636B5268CDB28BB1A36B93429C
:1047C00008DD23685A1E226003F8015C6368013328
:1047D0006360E9E7214600F0CCFE0028F1D0E1E774
:1047E0002169236851B1994208D213F8011CA942EA
:1047F00004D1013B013223606260D5E7C4E90F3286
:1048000004F1440363630323A363234603F8465F71
:1048100023600123DCE710B50C46496B69B104F154
:104820004403994201D0FFF761FD236C63600020CF
:10483000606313B1E36B236010BD23692360002321
:104840006360A38943F02003A3814FF0FF30F3E7B7
:104850002DE9F04FADF5237D41AC0D460021C4E9B3
:10486000031101A96161AF49C4F87C11DFF8C4B23A
:10487000AD49C4F880110746E846009392F80090CD
:10488000B9F1000F00F060811BF8093013F0080344
:1048900002F101061BD06B68002B10DD2B681A7823
:1048A0001BF80220120701D43246E7E722690132E1
:1048B00022616A680133013A6A602B60EBE7D4F841
:1048C00080312946384698470028E7D0ECE7B9F10F
:1048D000250F40F084802360A36053782A2B02BF09
:1048E0001023961C23600A22B2461AF8011BA1F17C
:1048F0003003092B1DD98D4B03221846DBF708FD29
:1049000038B18A4B2268C01A0123834013432360C5
:10491000564616F8013B782B06D8572B10D8252B76
:104920005DD057D8002B76D00323A3610A236360A0
:1049300089E0A36802FB03113039A1605646D3E732
:10494000A3F15802202AEFD801A151F822F000BFAC
:10495000254A02082949020829490208814A020811
:104960002949020829490208294902082949020857
:10497000294902082949020829490208974A0208D8
:104980007D4A0208DB490208DB490208DB490208CC
:1049900029490208374A0208294902082949020818
:1049A0002949020829490208A74A02083F4A020881
:1049B0001D4A02082949020829490208A34A020897
:1049C000294902087D4A02082949020829490208A2
:1049D000254A0208453B022BA6D8052332E06B6826
:1049E000002B0DDD2B681A784A4540F0AD8001336D
:1049F0006A682B602369013A01336A60236153E7D7
:104A0000D4F880312946384698470028EAD0E06833
:104A1000002840F091804FF0FF3091E0226842F092
:104A200020022260226842F40072226010226E2B63
:104A3000626006D801E000236360032302E00823DC
:104A400063600423A3616B68002B3CDD2368590677
:104A500005D42B681A781BF8022012073BD4A369EF
:104A6000022B4BDC43462A462146384600F040FBE9
:104A7000012869D002287FF417AFC8E70A22D6E7D9
:104A8000314601A800F03CFD236843F04003236059
:104A900006460123D6E7236843F040032360002342
:104AA000D0E70223CEE72068C3063FF5FDAED8F875
:104AB00000302269191DC8F800101B68C0074CBFE0
:104AC0001A801A60F0E6D4F88031294638469847B3
:104AD0000028BBD09BE72269013222616A68013A53
:104AE000002A6A6002DD01332B60B2E7D4F880311E
:104AF0002946384698470028ABD088E7042B06DCC7
:104B000043462A462146384600F04CFBB0E7084BA6
:104B1000002B3FF4C9AE43462A4621463846AFF340
:104B20000080A5E79D47020817480208B5A30208C0
:104B300000000000FEA30208AB895B063FF56BAFE7
:104B40000DF5237DBDE8F08FE068F9E79368013B40
:104B5000002B10B4936008DA9469A34201DB0A29A0
:104B600003D15DF8044B00F03EBD1368581C106083
:104B7000197008465DF8044B7047F8B506460F46B5
:104B80001446D518AC4201D1002007E014F8011BEF
:104B90003A463046FFF7DAFF431CF3D1F8BD000078
:104BA0002DE9F0470D469CB014461F46064618B145
:104BB000036A0BB9FFF7A4F96B6ED90705D4AB896B
:104BC0009A0502D4A86DFFF762FBAB891B0701D5DC
:104BD0002B699BB92946304600F044FD70B16B6EDD
:104BE000DC0704D54FF0FF301CB0BDE8F087AB897F
:104BF0009805F7D4A86DFFF74BFBF3E70023099363
:104C000020238DF82930039730236A4F8DF82A30FE
:104C10004FF001082346994613F8012B0AB1252AC3
:104C2000F9D1B9EB040A0BD0534622462946304647
:104C3000FFF7A3FF013000F0A480099A52440992C3
:104C400099F80030002B00F09C8000234FF0FF32D9
:104C5000CDE9052309F10109049307938DF8533039
:104C60001A934C46534814F8011B0522DBF750FBFE
:104C7000049BD0B9D90644BF20228DF853201A07CF
:104C800044BF2B228DF8532099F800202A2A13D0F4
:104C9000079A4C4600204FF00A0C214611F8013BC0
:104CA000303B092B49D968B913E0C01B08FA00F062
:104CB00018430490A146D4E7039A111D126803918A
:104CC000002A01DB079204E0524243F002030792FC
:104CD000049323782E2B0AD163782A2B32D1039B9D
:104CE0001A1D1B68039243EAE37302340593DFF84D
:104CF000D490217803224846DBF70AFB38B1049BA5
:104D0000A0EB09004022824013430134049314F8BD
:104D1000011B29488DF828100622DBF7F9FA002834
:104D20003ED0264818BB039B073323F00703083304
:104D30000393099B034409936CE70CFB02320C4676
:104D40000120AAE700230134059319464FF00A0C0D
:104D5000204610F8012B303A092A03D9002BC6D07F
:104D60000591C4E70CFB012104460123F0E703ABE6
:104D700000932A46124B04A93046AFF30080431C2F
:104D8000D7D16B6ED90705D4AB899A0502D4A86D2B
:104D9000FFF77EFAAB895B063FF524AF099823E75E
:104DA00003AB00932A46064B04A9304600F07AF87C
:104DB000E5E700BFAFA30208B9A3020800000000A6
:104DC0007B4B0208B5A302082DE9F047164698462A
:104DD0008A680B69DDF820909342B8BF13463360B0
:104DE00091F8432007460C460AB10133336023682B
:104DF000990642BF336802333360256815F0060513
:104E000006D104F1190AE36832689B1AAB4226DC2A
:104E100094F843302268003B18BF012392062BD43C
:104E200004F1430241463846C84701301ED023688A
:104E3000226903F00603042B02BFE5683368ED1A0C
:104E4000A3680CBF25EAE57500259342C4BF9B1AF1
:104E5000ED1800261A34B5421AD1002008E00123CB
:104E6000524641463846C847013003D14FF0FF3023
:104E7000BDE8F0870135C6E7E1185A1C302081F8FB
:104E80004300224494F8451082F843100233C7E7E8
:104E90000123224641463846C8470130E6D0013654
:104EA000D9E700002DE9F0430D7E85B0782D9046BE
:104EB0000C9E07460C46994601F1430207D8622D25
:104EC0000AD8002D00F0D780582D00F0BC8004F1E6
:104ED000420684F842503BE0A5F16303152BF6D857
:104EE00001A151F823F000BF414F0208554F0208BD
:104EF000CF4E0208CF4E0208CF4E0208CF4E020816
:104F0000554F0208CF4E0208CF4E0208CF4E02087E
:104F1000CF4E02085D5002087F4F02080F50020872
:104F2000CF4E0208CF4E02087F500208CF4E020833
:104F30007F4F0208CF4E0208CF4E020817500208DA
:104F400033681A1D1B68326004F1420684F842304F
:104F50000123A1E033682068191D3160060601D5E0
:104F60001D6803E04506FBD5B3F90050002D03DAB8
:104F70002D236D4284F843305B480A2311E02168F9
:104F80003368080653F8045B02D4490648BFADB243
:104F90003360237E54486F2B5CD10823002184F8B2
:104FA00043106668A660002E05DB21682E4321F0C1
:104FB0000401216050D01646B5FBF3F103FB115CF0
:104FC00010F80CC006F801CDAC4663450D46F3D988
:104FD000082B0BD12368DB0708D523696168994248
:104FE000DEBF302306F8013C06F1FF36921B22613A
:104FF000CDF80090434603AA21463846FFF7E4FE69
:1050000001304ED14FF0FF3005B0BDE8F08323688A
:1050100043F0200323603548782584F84550236801
:10502000316813F0800F51F8045B03D113F0400F87
:1050300018BFADB23160D90744BF43F020032360ED
:105040001DB11023AAE72848E7E7236823F02003CF
:105050002360F6E70A23A1E71646B9E73368256817
:105060006169181D30602E061B6801D5196002E0C9
:105070006806FBD51980002323611646B8E733681C
:105080001A1D32601E68626800213046DBF740F965
:1050900008B1801B606063682361002384F843309B
:1050A000A6E72369324641463846C8470130A9D0B1
:1050B00023689B0713D4E068039B9842B8BF184647
:1050C000A2E70123324641463846C847013099D00D
:1050D0000135E36803995B1AAB42F2DCEBE700258C
:1050E00004F11906F5E700BFC0A30208D1A3020826
:1050F0002DE9F84315468A6880460C4632B98A691C
:10510000002A14BF4FF0FF3201228A602268DFF8C4
:105110009090D1065FBF1A68111D196016680027AC
:10512000A06988B1012807D12B681A7863699B5C54
:1051300053B9002F32D023E0022821D12B681B78ED
:1051400019F803301B071BD42368DA065EBF2B68EF
:105150001B7806F8013B6B68013B6B602B680133E1
:105160002B60A368013B0137A3604BB16B68002B38
:10517000D6DCD4F880312946404698470028CFD065
:10518000236813F0100305D1E2680132E260A269DE
:1051900002B1337023693B4423610020BDE8F883EA
:1051A000FEA302082DE9F04F9846734B0C46824649
:1051B000164693E8070087B003AB83E807006F4B00
:1051C000A1696F4A032908BF1A46A36801925A1EB3
:1051D000B2F5AE7F84BF6FF4AE7503EB05092746C9
:1051E00084BF40F25D13A36057F81C3B43F4506347
:1051F00098BF4FF0000923603D464FF0000B316827
:1052000003AB097853F82B000222DBF781F828B3AF
:10521000BBF1010F58D162682AB92268082142F413
:10522000007261602260226822F4A0622260A2689B
:10523000511EA16092B13268511C3160127805F89C
:10524000012B7268013A002A726007DCD4F88021D1
:10525000314650469047002840F083800BF1010B07
:10526000BBF1030FCBD1616809B90A216160454BDD
:105270006069591A00F044F94FF0000BA3682268E6
:10528000002B3DD03168606991F800C010F80C0027
:10529000002835D0BCF1300F24D1100522D50BF1F8
:1052A000010BB9F1000F03D0013309F1FF39A360FD
:1052B0007368013B002B73601BDD3368013333607F
:1052C000A368013BA360D9E7BBF1020FAFD122680D
:1052D00002F4C061B1F5007FC5D11021616042F4D4
:1052E0008072A3E722F4106222600B7805F8013B7C
:1052F000DEE7D4F880313146504698470028DFD0A9
:105300002368DB050DD5BD4209D915F8011CD4F879
:105310007C3132465046984705F1FF394D46BD4233
:1053200027D0226812F0100212D12A706368019E01
:1053300039465046B047D8F8003021681A1DC8F8E1
:1053400000208E061B680FD51860E3680133E36008
:105350002369ED1B5D442B442361002007B0BDE8A9
:10536000F08F4FF0000BCBE7CA074CBF18801860D6
:10537000EBE70120F2E700BFC4590208D93C02085C
:10538000CD3D0208F2A30208B1F90C202DE9F0414D
:10539000160705460C4651D44B68002B02DC0B6CFB
:1053A000002B49DDE66A002E46D0002312F480521D
:1053B0002F682B6031D0626DA389590705D56368CA
:1053C000D21A636B0BB1236CD21A0023E66A216AEE
:1053D0002846B047421CB4F90C3006D129681D2973
:1053E00046D8294ACA40D60742D500226260D9046D
:1053F0002269226004D5421C01D12B6803B9606583
:10540000616B2F60C1B104F14403994202D0284678
:10541000FEF76CFF002363630EE0216A0123284638
:10542000B0470246501CC7D12B68002BC4D01D2B9F
:1054300001D0162B1AD12F6000201EE00F69002F1B
:10544000FAD093070E6808BF4B690F6018BF00239E
:10545000A6EB07088B60B8F1000FEDDD216AA66AA4
:1054600043463A462846B047002808DCB4F90C30D9
:1054700043F04003A3814FF0FF30BDE8F0810744C3
:10548000A8EB0008E7E700BF0100402038B50B6932
:1054900005460C4613B90025284638BD18B1036AE5
:1054A0000BB9FEF72DFDB4F90C30002BF3D0626E72
:1054B000D00704D4990502D4A06DFEF7E8FE284673
:1054C0002146FFF761FF636EDA070546E4D4A3893E
:1054D0009B05E1D4A06DFEF7DBFEDDE70EB403B55E
:1054E000014603AB054853F8042B00680193FFF70E
:1054F00057FB02B05DF804EB03B070474400002492
:1055000070B50B7804465E2B0BBF4B784A1C8A1C87
:10551000002108BF0121013804F1FF0500F8011F37
:10552000A842FBD10BB9501E70BD81F00101E154BE
:105530001046024612F8015B2D2D05D05D2D16D0C8
:10554000002DF1D02B46F2E746785D2EFAD0B3421B
:10555000F8DC02301A4601329642A154FBDCF21A02
:10556000013AB342A8BF002201331344E1E71046D9
:10557000DAE72DE9F0410C46496B04F14403994206
:105580001DD14FF48061FEF725FF18B94FF0FF30B1
:10559000BDE8F0814FF48063A36394F84630606304
:1055A00080F8FF3394F8453080F8FE3394F84430A7
:1055B00080F8FD3300F2FD3020600020E8E7A66BA4
:1055C00077003A4600F0B9F805460028DED000EB37
:1055D0000608014632464046FEF75BFEC4E90D5719
:1055E000C4F80080E9E7F8B50E461446054618B140
:1055F000036A0BB9FEF784FCA369A360A3891A07A9
:1056000001D5236943B92146284600F02BF818B18B
:105610004FF0FF373846F8BD23682269981A63694E
:10562000F6B28342374605DC21462846FFF72EFFB7
:105630000028EDD1A368013BA36023685A1C2260B7
:105640001E706269431C9A4204D0A389DB07E1D52E
:105650000A2EDFD121462846FFF718FF0028D9D0AF
:10566000D6E7000038B5284B054618680C4618B137
:10567000036A0BB9FEF744FCB4F90C301A0721D4C5
:10568000D80607D409222A6043F04003A3814FF0D3
:10569000FF3030E0590712D5616B41B104F144038A
:1056A000994202D02846FEF721FE002363630022C0
:1056B000B4F90C3062602269226023F0240343F0C5
:1056C0000803A38122693AB99A0501D5180603D5C2
:1056D0002146284600F083F8B4F90C3013F001029B
:1056E0000AD00022A26062695242A261226942B9D4
:1056F00013F08000C8D138BD990758BF6269A26015
:10570000F4E70020F7E700BF4400002438B5064D59
:105710000023044608462B60DBF7DCFD431C02D166
:105720002B6803B1236038BD609B012408B50620B7
:1057300000F0B6F80120DBF755FD2DE9F0410746F2
:1057400014460D4621B9BDE8F0411146FEF742BEB0
:105750002AB9FEF7CBFD25462846BDE8F08100F0CA
:10576000DDF88442064602D8B4EB500FF4D8214647
:105770003846FEF72FFE804608B94546ECE7B442AE
:105780002246294628BF3246FEF783FD2946384681
:10579000FEF7ACFDF1E770B50C46B1F90E1000292B
:1057A00096B015461E460ADAA18911F0800113D180
:1057B0004FF48062002031602A6016B070BD6A46E6
:1057C00000F076F80028EFDB019901F47041A1F5B3
:1057D000005359425941EBE700214022EAE78B8907
:1057E00073B59E0705460C4607D504F147032360B1
:1057F00023610123636102B070BD01AB6A46FFF70C
:10580000CAFF009E28463146FEF7E4FDB4F90C308D
:1058100038B99A05EFD423F0030343F00203A381C0
:10582000E3E743F08003A381019B2060C4E9040601
:10583000002BE0D0B4F90E10284600F04BF80028F9
:10584000D9D0A38923F0030343F00103A381D2E756
:105850001F2938B505460C4604D9162303604FF0BE
:10586000FF3038BDC26B12B152F821304BB9284617
:1058700000F052F8224601462846BDE8384000F0C4
:1058800039B8012B0AD0591C03D11623036001201B
:10589000E7E7002142F82410204698470020E0E77F
:1058A000024B01461868FFF7D3BF00BF4400002435
:1058B00038B5074D00230446084611462B60DBF738
:1058C000E1FC431C02D12B6803B1236038BD00BF4B
:1058D000609B012438B5064D0023044608462B6022
:1058E000DBF7E0FC431C02D12B6803B1236038BD19
:1058F000609B012438B5074D002304460846114635
:105900002B60DBF75DFC431C02D12B6803B12360E5
:1059100038BD00BF609B0124DBF74ABC51F8043C52
:10592000181F002BBCBF0B58C0187047F8B500BF3C
:10593000F8BC08BC9E467047F8B500BFF8BC08BC70
:045940009E467047C8
:1059440025752E25752E25752E2575000000000061
:1059540020000000257325303258000000000000AC
:105964000000000000000000000000000000000033
:105974000100000002000000030000000400000019
:10598400000000000500000000000000000000000E
:1059940000000000060000000000000000000000FD
:1059A400000000000700000049444C4500000000CE
:1059B400546D722053766300546D725100000000E0
:1059C400F4A30208F7A30208FAA302086465666157
:1059D400756C745461736B000D0A5B52544F535DC4
:1059E400204D616C6C6F63206661696C65640D0A9F
:1059F400000000000D0A5B52544F535D2053746144
:105A0400636B206F766572666C6F773A20000000D6
:105A14000D0A5B4552524F525D204572726F725FA0
:105A240048616E646C657220656E74657265640DA0
:105A34000A0000003D3078000D0A5B4641554C5485
:105A44005D2000000D0A5441534B3D006E6F6E659E
:105A540000000000484653520000000043465352E1
:105A6400000000004D4D46415200000042464152A4
:105A7400000000004554485F45525200444D4143E4
:105A840053520000486172644661756C745F4861EA
:105A94006E646C65720000004D656D4D616E6167EA
:105AA400655F48616E646C65720000004275734600
:105AB40061756C745F48616E646C6572000000000F
:105AC40055736167654661756C745F48616E646C9B
:105AD400657200005B424F4F545D2048545450207F
:105AE400616E6420554450205343504920736572BD
:105AF400766963657320737461727465642E0D0A2C
:105B04005B424F4F545D2054727920687474703A2C
:105B14002F2F25732F2C204E443F206F72204E458B
:105B2400543A444941473F2E0D0A58433030313EE0
:105B3400200000000D0A5B424F4F545D204554483D
:105B44005F4E5253542068656C64204C4F573A2082
:105B54006E6574776F726B20636F6E66696720720F
:105B64006573657420746F2064656661756C742E4A
:105B74000D0A00000D0A5B424F4F545D2045544806
:105B84005F4E52535420697320504531352C2061A7
:105B940063746976652D6C6F772E20526573657416
:105BA4002070756C7365204C4F57203130306D7305
:105BB400207468656E20484947482E0D0A0000008D
:105BC4005B424F4F545D205374617274696E672059
:105BD4004C77495020696E69742E2E2E0D0A0000F0
:105BE4005B424F4F545D204C77495020696E697475
:105BF40020646F6E652E205374617274696E672021
:105C040073657276696365732E2E2E0D0A0000008B
:105C1400504533005045340050453500504536005A
:105C240050433800504339005043313000000000E5
:105C34005043313100000000504331320000000075
:105C440050433133000000005041380050413900C6
:105C5400504432004C454431000000004C4544326D
:105C6400000000004554485F4E52535400000000A9
:105C74002C000000257325730000000043414E31C1
:105C84003A52454144593D25752C54583D256C756F
:105C94002C52583D256C7500454D50545900000058
:105CA40049443D3078256C582C4C454E3D25752C87
:105CB400444154413D2573004845415254424541B5
:105CC400540000000D0A5B25735D207469636B3D0D
:105CD400256C752049503D2573205544503D25754C
:105CE400000000000D0A5B25735D2052554E2074A0
:105CF40069636B3D256C752049503D2573204854DC
:105D040054503D687474703A2F2F25732F205544D6
:105D1400503D25752055415254373D31313532308F
:105D2400302C384E310D0A54797065202A49444E7E
:105D34003F2C20535441543F206F722053595354E5
:105D44003A48454C503F00000D0A0D0A3D3D3D3D8B
:105D54003D3D3D3D3D3D3D3D3D3D3D3D3D3D3D3D6F
:105D64003D3D3D3D3D3D3D3D3D3D3D3D3D3D3D3D5F
:105D74003D3D3D3D0D0A0000584330303120436F16
:105D84006E74726F6C20426F61726420554152547C
:105D94003720436F6E736F6C652052656164790DB3
:105DA4000A0000005343504920636F6D6D616E64B7
:105DB400206D6F646520656E61626C65640D0A0018
:105DC4003D3D3D3D3D3D3D3D3D3D3D3D3D3D3D3DFF
:105DD4003D3D3D3D3D3D3D3D3D3D3D3D3D3D3D3DEF
:105DE4003D3D3D3D3D3D3D3D00000000424F4F5493
:105DF4000000000078633030315F756172743700E1
:105E04000D0A4552522C2D3335302C22436F6D6DC3
:105E1400616E64206C696E6520746F6F206C6F6EA8
:105E240067220000485454502F312E312032303034
:105E3400204F4B0D0A436F6E74656E742D54797048
:105E4400653A2025730D0A436F6E6E656374696F3E
:105E54006E3A20636C6F73650D0A436F6E74656EE2
:105E6400742D4C656E6774683A20256C750D0A0DA7
:105E74000A000000485454502F312E312034303061
:105E84002042616420526571756573740D0A436F15
:105E94006E74656E742D547970653A2074657874E7
:105EA4002F706C61696E3B20636861727365743D29
:105EB4007574662D380D0A436F6E6E656374696F71
:105EC4006E3A20636C6F73650D0A436F6E74656E72
:105ED400742D4C656E6774683A20256C750D0A0D37
:105EE4000A0000005061676520746F6F206C617256
:105EF40067650000746578742F68746D6C3B20636B
:105F04006861727365743D7574662D380000000015
:105F14000D0A0D0A00000000436F6E74656E742D47
:105F24004C656E6774683A00636F6E74656E742DA9
:105F34006C656E6774683A002537732025323535F1
:105F440073000000426164207265717565737400AA
:105F54002F0000002F66617669636F6E2E69636F90
:105F6400000000002F6170692F636F6E666967001F
:105F74007077640061646D696E000000496E76613B
:105F84006C69642070617373776F72640000000041
:105F94006D61736B0000000067770000706F7274AE
:105FA40000000000496E76616C6964206E65747748
:105FB4006F726B20636F6E66696700004F4B2C53E2
:105FC400415645442C5245424F4F545F524551551A
:105FD4004952454400000000746578742F706C6168
:105FE400696E3B20636861727365743D7574662DD8
:105FF400380000007B226970223A222573222C2269
:106004006E65746D61736B223A222573222C2267AC
:10601400617465776179223A222573222C22756492
:10602400705F706F7274223A25752C2268747470D4
:106034005F706F7274223A25757D00006170706C18
:1060440069636174696F6E2F6A736F6E3B20636856
:1060540061727365743D7574662D38002F617069C3
:106064002F636D6400000000504F53540000000083
:10607400257300004D697373696E6720636F6D6DDE
:10608400616E64004E6F7420666F756E640000006C
:1060940078633030315F75647000000078633030AD
:1060A400315F6874747000004E45543A49503D2580
:1060B400752E25752E25752E25752C55503D257567
:1060C4002C4C494E4B3D25752C485454503D257558
:1060D4002C485454505F4143433D256C752C48541F
:1060E40054505F5245513D256C752C485454505FB3
:1060F4005253543D256C752C485454505F545845A4
:1061040052523D256C752C485454505F4D533D25D7
:106114006C752C485454505F4D41583D256C752C7A
:10612400485454505F42595445533D256C752C5086
:1061340048595F494E49543D256C752C5048595F68
:10614400414444523D256C752C4554485F45525298
:106154003D30782530386C582C444D415F455252BF
:106164003D30782530386C582C444D414353523DD2
:1061740030782530386C582C4D41434D44494F41BB
:10618400523D30782530386C580000005048593A58
:10619400494E49543D256C752C414444523D256C6F
:1061A400752C4C494E4B3D256C642C4253523D306A
:1061B400782530346C582C50485949443D30782562
:1061C40030346C583A30782530346C582C50485957
:1061D400534353523D30782530346C582C45544841
:1061E4005F4552523D30782530386C582C444D412F
:1061F4005F4552523D30782530386C582C444D411F
:106204004353523D30782530386C582C4D41434D22
:1062140044494F41523D30782530386C58000000D5
:1062240052533438353A54583D256C752C52583DE8
:10623400256C750049503D25732C47573D25732C1B
:106244004D41534B3D25732C5544503D25752C48E9
:106254005454503D257500004552522C2D31303098
:106264002C22456D70747920636F6D6D616E6422AC
:10627400000000002A49444E3F00000049444E3FBC
:106284000000000058433030312C434F4E54524FDD
:106294004C2D424F4152442C483734332C56312E26
:1062A4003000000050494E473F000000504F4E4719
:1062B400000000002A434C53000000002A525354AB
:1062C40000000000535953543A4552523F00000015
:1062D400302C224E6F206572726F72220000000013
:1062E4002A49444E3F2C50494E473F2C2A5253547E
:1062F4002C2A434C532C535953543A4552523F2C55
:10630400535441543F2C4E45543A535441543F2C1A
:106314004E45543A444941473F2C4E45543A50481F
:10632400593F2C4E45543A49503F2C4E45543A4916
:106334005020612E622E632E642C4E45543A4D41FA
:10634400534B3F2C4E45543A4D41534B20612E62E2
:106354002E632E642C4E45543A474154453F2C4EEF
:1063640045543A4741544520612E622E632E642CD5
:106374004E45543A504F52543F2C4E45543A504F88
:106384005254206E2C4E45543A53455256204F4E8B
:106394002C4449473A4C4953543F2C4449473A4FBB
:1063A4005554502070696E2C76616C2C4449473AE0
:1063B4004F5554503F2070696E2C43414E3A53540C
:1063C40041543F2C43414E3A53454E442069642C7A
:1063D4006865782C43414E3A52583F2C5253343816
:1063E400353A535441543F2C52533438353A53457B
:1063F4004E4420746578742C52533438353A5258CC
:106404003F2C5350493A535441543F2C5350493A2A
:106414005452414E3F2068657800000025733B25A7
:10642400733B25733B2573004E45543A49503F0056
:106434004E45543A495020004552522C2D323232A6
:106444002C22496E76616C69642049502200000058
:106454004E45543A504F52543F0000004E45543A72
:106464004D41534B3F0000004E45543A4D41534B70
:10647400200000004552522C2D3232322C22496E1B
:1064840076616C6964206E65746D61736B220000C3
:106494004E45543A474154453F0000004E45543A56
:1064A40047415445200000004552522C2D323232CF
:1064B4002C22496E76616C6964206761746577612A
:1064C400792200004E45543A504F525420000000A7
:1064D4004552522C2D3232322C22496E76616C692F
:1064E4006420706F727422004E45543A53544154E0
:1064F4003F0000004E45543A444941473F000000E4
:106504004E443F004E45543A5048593F0000000065
:106514004E45543A53455256204F4E004E45543A38
:10652400534552563A4F4E004F4B2C5354415254FC
:10653400494E47004E45543A4D41433F0000000048
:1065440030303A38303A45313A30303A30303A30F7
:10655400300000004449473A4C4953543F0000007E
:106564004449473A4F5554503F2000004552522C5D
:106574002D3232342C22556E6B6E6F776E2047505D
:10658400494F22004449473A4F55545020000000D7
:106594004552522C2D3130392C224D697373696E5A
:1065A4006720706172616D6574657222000000007D
:1065B40043414E3A535441543F00000043414E3A44
:1065C40052583F0043414E3A53454E442000000088
:1065D4004552522C2D3232322C2243414E207365C7
:1065E4006E64206661696C6564220000525334381D
:1065F400353A535441543F0052533438353A525883
:106604003F00000052533438353A53454E4420007D
:106614004552522C2D3232322C22525334383520EA
:1066240073656E64206661696C6564220000000015
:106634005350493A535441543F0000005350493A8F
:106644005452414E3F2000004552522C2D323232DA
:106654002C22535049207472616E736665722066F1
:1066640061696C65642200004552522C2D3131332E
:106674002C22556E646566696E6564206865616484
:1066840065722200535049353A52454144593D25DB
:10669400752C434F554E543D256C75004574684C1C
:1066A400696E6B0045746849660000002E2E2F4CFD
:1066B4005749502F5461726765742F657468657209
:1066C4006E657469662E63006E6574696620213D8B
:1066D400204E554C4C000000417373657274696F11
:1066E4006E2022257322206661696C6564206174C2
:1066F400206C696E6520256420696E2025730A006C
:106704002E2E2F4D6964646C6577617265732F5406
:10671400686972645F50617274792F4C7749502FA5
:106724007372632F6170692F6170695F6C69622E87
:106734006300000066726565696E6720636F6E6E44
:1067440020776974686F75742066726565696E6711
:106754002070636200000000636F6E6E20686173D6
:10676400206E6F20726563766D626F7800000000A2
:10677400636F6E6E2D3E6163636570746D626F78D6
:106784002073686F756C646E277420657869737400
:1067940000000000636F6E6E20686173206E6F20CE
:1067A4006F705F636F6D706C6574656400000000EA
:1067B40062756620213D204E554C4C00646F5F7716
:1067C40072697465206661696C656420746F2077F2
:1067D4007269746520616C6C206279746573000061
:1067E4002E2E2F4D6964646C6577617265732F5426
:1067F400686972645F50617274792F4C7749502FC5
:106804007372632F6170692F6170695F6D73672E96
:1068140063000000756E68616E646C656420657267
:10682400726F720065727220213D204E554C4C00EF
:10683400726563765F756470206D7573742068612A
:10684400766520612070636220617267756D656E84
:1068540074000000726563765F756470206D7573F3
:1068640074206861766520616E20617267756D655C
:106874006E740000726563765F7564703A207265A9
:10688400637620666F722077726F6E672070636222
:1068940021000000726563765F746370206D757308
:1068A400742068617665206120706362206172677C
:1068B400756D656E74000000726563765F74637055
:1068C400206D757374206861766520616E20617235
:1068D40067756D656E74000065727220213D2045F8
:1068E40052525F4F4B20756E68616E646C65640034
:1068F400726563765F7463703A20726563762066AE
:106904006F722077726F6E672070636221000000DF
:10691400636F6E6E20213D204E554C4C00000000EC
:10692400636F6E6E2D3E63757272656E745F6D7308
:106934006720213D204E554C4C000000696E766165
:106944006C6964206F705F636F6D706C65746564EF
:106954005F73656D00000000636F6E6E2D3E63759E
:106964007272656E745F6D7367203D3D204E554CA9
:106974004C000000657870656374206E6577706301
:1069840062203D3D204E554C4C206F722065727242
:10699400203D3D204552525F4F4B00007063625FC3
:1069A4006E65773A2070636220616C726561647908
:1069B40020616C6C6F636174656400006E65746360
:1069C4006F6E6E5F616C6C6F633A20756E646566A2
:1069D400696E6564206E6574636F6E6E5F74797042
:1069E40065000000504342206D7573742062652079
:1069F4006465616C6C6F6361746564206F75747336
:106A040069646520746869732066756E6374696F60
:106A14006E000000726563766D626F78206D757329
:106A240074206265206465616C6C6F636174656475
:106A3400206265666F72652063616C6C696E6720A5
:106A4400746869732066756E6374696F6E00000004
:106A54006163636570746D626F78206D7573742003
:106A64006265206465616C6C6F6361746564206247
:106A740065666F72652063616C6C696E672074680B
:106A840069732066756E6374696F6E00696E7661F2
:106A94006C696420636F6E6E000000007468697333
:106AA40020697320666F7220746370206E6574634E
:106AB4006F6E6E73206F6E6C79000000636F6E6E84
:106AC400206D75737420626520696E20737461741F
:106AD40065204E4554434F4E4E5F434C4F53450043
:106AE40070636220616C726561647920636C6F739A
:106AF40065640000436C6F73696E672061206C6984
:106B04007374656E20706362206D6179206E6F749A
:106B1400206661696C21000065727220213D204568
:106B240052525F4F4B0000006E6574636F6E6E20AF
:106B34007374617465206572726F7200626C6F6346
:106B44006B696E6720636F6E6E65637420696E2077
:106B540070726F677265737300000000616C726518
:106B64006164792077726974696E67206F7220633B
:106B74006C6F73696E670000737461746521000043
:106B8400636F6E6E2D3E7374617465203D3D204EBF
:106B94004554434F4E4E5F57524954450000000040
:106BA400636F6E6E2D3E7063622E74637020213DA0
:106BB400204E554C4C000000636F6E6E2D3E637585
:106BC4007272656E745F6D73672D3E6D73672E7799
:106BD4002E6F6666736574203C20636F6E6E2D3E67
:106BE40063757272656E745F6D73672D3E6D736746
:106BF4002E772E6C656E0000636F6E6E2D3E63758E
:106C04007272656E745F6D73672D3E6D73672E7758
:106C14002E766563746F725F636E74203E2030005D
:106C24006C7769705F6E6574636F6E6E5F646F5FBF
:106C340077726974656D6F72653A20696E76616CFE
:106C44006964206C656E6774682100006D73672D3C
:106C54003E6D73672E772E6C656E20213D203000CB
:106C6400696E76616C6964206E6574636F6E6E5FC5
:106C740074797065000000002E2E2F4D6964646CD9
:106C84006577617265732F54686972645F506172CD
:106C940074792F4C7749502F7372632F6170692F69
:106CA400736F636B6574732E63000000736F636BA3
:106CB4006574735B695D2E73656C6563745F77617E
:106CC4006974696E67203D3D203000006E6577630E
:106CD4006F6E6E20213D204E554C4C00696E7661DE
:106CE4006C696420736F636B657420696E64657886
:106CF40000000000736F636B2D3E6C6173746461FC
:106D04007461203D3D204E554C4C00006E6F207345
:106D14006F636B657420676976656E007468697368
:106D24002073686F756C6420626520636865636BAB
:106D3400656420696E7465726E616C6C7900000024
:106D4400696E76616C696420636F70796C656E2C12
:106D5400206C656E20776F756C6420756E64657247
:106D6400666C6F7700000000696E76616C69642060
:106D7400636F70796C656E0066726F6D61646472C6
:106D840020213D204E554C4C0000000066726F6D72
:106D940020213D204E554C4C0000000066726F6D62
:106DA4006C656E20213D204E554C4C006C7769700B
:106DB4005F7265637666726F6D000000756E6B6E50
:106DC4006F776E206576656E74000000556E6B6E8D
:106DD4006F776E20736F636B6574206F7074696F67
:106DE4006E000000556E68616E646C6564206E65AB
:106DF40074636F6E6E207479706520696E20534FD2
:106E04005F42494E44544F444556494345000000AF
:106E14002E2E2F4D6964646C6577617265732F54EF
:106E2400686972645F50617274792F4C7749502F8E
:106E34007372632F6170692F74637069702E6300BD
:106E440074637069705F7468726561643A20696E16
:106E540076616C6964206D65737361676500000019
:106E6400496E76616C6964206D626F780000000081
:106E74006661696C656420746F2063726561746512
:106E84002074637069705F746872656164206D62F8
:106E94006F7800006661696C656420746F206372AA
:106EA40065617465206C6F636B5F74637069705F98
:106EB400636F72650000000074637069705F7468CA
:106EC40072656164000000002E2E2F4D6964646CAD
:106ED4006577617265732F54686972645F5061727B
:106EE40074792F4C7749502F7372632F636F7265D7
:106EF4002F6D656D2E630000706C75675F686F6C35
:106F040065733A206D656D203E3D2072616D000011
:106F1400706C75675F686F6C65733A206D656D2082
:106F24003C2072616D5F656E64000000706C756773
:106F34005F686F6C65733A206D656D2D3E75736582
:106F440064203D3D20300000706C75675F686F6C95
:106F540065733A206D656D2D3E6E657874203C3DF9
:106F6400204D454D5F53495A455F414C49474E4575
:106F7400440000006661696C656420746F2063726C
:106F840065617465206D656D5F6D7574657800006D
:106F94006D656D5F667265653A2073616E697479BB
:106FA40020636865636B20616C69676E6D656E74E0
:106FB400000000006D656D5F667265653A20696C5E
:106FC4006C6567616C206D656D6F727900000000FF
:106FD4006D656D5F667265653A20696C6C656761A5
:106FE4006C206D656D6F72793A20646F75626C65A3
:106FF40020667265650000006D656D5F667265658B
:107004003A20696C6C6567616C206D656D6F72798F
:107014003A206E6F6E2D6C696E6B65643A20646FF6
:1070240075626C6520667265650000006D656D5F54
:107034007472696D3A206C6567616C206D656D6F63
:10704400727900006D656D5F7472696D2063616EA5
:10705400206F6E6C7920736872696E6B206D656D3C
:107064006F727900696E76616C6964206E657874FC
:1070740020707472000000006D656D5F6D616C6C52
:107084006F633A20216C667265652D3E7573656485
:10709400000000006D656D5F6D616C6C6F633A207C
:1070A400616C6C6F6361746564206D656D6F72797A
:1070B400206E6F742061626F76652072616D5F650A
:1070C4006E642E006D656D5F6D616C6C6F633A204C
:1070D400616C6C6F6361746564206D656D6F72794A
:1070E4002070726F7065726C7920616C69676E656F
:1070F400642E00006D656D5F6D616C6C6F633A208A
:1071040073616E69747920636865636B20616C696F
:10711400676E6D656E7400002E2E2F4D6964646C6D
:107124006577617265732F54686972645F50617228
:1071340074792F4C7749502F7372632F636F726584
:107144002F6D656D702E63006D656D705F6D616C84
:107154006C6F633A206D656D702070726F7065722C
:107164006C7920616C69676E65640000696E766194
:107174006C696420706F6F6C206465736300000039
:107184006D656D705F667265653A206D656D207022
:10719400726F7065726C7920616C69676E656400EA
:1071A4002E2E2F4D6964646C6577617265732F545C
:1071B400686972645F50617274792F4C7749502FFB
:1071C4007372632F636F72652F6E657469662E63C5
:1071D400000000006E657469665F696E7075743ACC
:1071E40020696E76616C69642070627566000000C7
:1071F4006E657469665F696E7075743A20696E763F
:10720400616C6964206E6574696600006E657469FA
:107214006620616C726561647920616464656400F0
:10722400746F6F206D616E79206E65746966732C5E
:10723400206D61782E20737570706F727465642090
:107244006E756D62657220697320323535000000F9
:10725400696E76616C696420706F696E7465720022
:107264006E657469665F69737375655F7265706F67
:107274007274733A20696E76616C6964206E657409
:10728400696600002E2E2F4D6964646C6577617207
:1072940065732F54686972645F50617274792F4CFE
:1072A4007749502F7372632F636F72652F70627505
:1072B400662E6300706275665F616C6C6F633A2062
:1072C4007062756620712D3E7061796C6F61642007
:1072D40070726F7065726C7920616C69676E656439
:1072E40000000000504255465F504F4F4C5F4255DE
:1072F4004653495A45206D7573742062652062694E
:1073040067676572207468616E204D454D5F414C1E
:1073140049474E4D454E5400706275665F616C6C12
:107324006F633A20706275662D3E7061796C6F618F
:10733400642070726F7065726C7920616C69676E1D
:1073440065640000706275665F616C6C6F633A20FF
:107354006572726F6E656F75732074797065000065
:10736400696E76616C696420706275665F747970A9
:1073740065000000706275665F7265616C6C6F63B6
:107384003A207020213D204E554C4C0070627566A9
:107394005F7265616C6C6F633A207120213D204EF1
:1073A400554C4C006D656D5F7472696D2072657427
:1073B40075726E65642072203D3D204E554C4C0024
:1073C4006D656D5F7472696D2072657475726E653A
:1073D40064207220213D20710000000070627566F7
:1073E4005F667265653A20702D3E726566203E20A8
:1073F4003000000070632D3E637573746F6D5F66BB
:107404007265655F66756E6374696F6E20213D20D9
:107414004E554C4C00000000696E76616C69642026
:10742400706275662074797065000000706275661C
:1074340020726566206F766572666C6F7700000057
:107444004372656174696E6720616E20696E666956
:107454006E697465206C6F6F70000000702D3E744F
:107464006F745F6C656E203D3D20702D3E6C656EC3
:1074740020286F66206C61737420706275662069C1
:107484006E20636861696E2900000000702D3E6EF5
:10749400657874203D3D204E554C4C006F666673F4
:1074A40065745F746F203C3D20705F746F2D3E6C7B
:1074B400656E00006F66667365745F66726F6D203B
:1074C4003C3D20705F66726F6D2D3E6C656E0000F2
:1074D400706275665F636F7079206661696C65645C
:1074E400000000002E2E2F4D6964646C6577617274
:1074F40065732F54686972645F50617274792F4C9C
:107504007749502F7372632F636F72652F746370A2
:107514002E6300007463705F667265653A204C499F
:107524005354454E000000007463705F66726565D5
:107534005F6C697374656E3A20214C495354454E0F
:10754400000000007463705F72656D6F76655F6C38
:10755400697374656E65723A20696E76616C6964EC
:10756400206C697374656E6572000000706362203C
:10757400213D204E554C4C007063622D3E73746166
:107584007465203D3D204C495354454E0000000095
:107594007463705F636C6F73655F73687574646F35
:1075A400776E3A20696E76616C696420706362005C
:1075B4007063622D3E666C61677320262054465FBB
:1075C4005258434C4F53454400000000646F6E27EB
:1075D400742063616C6C207463705F61626F727499
:1075E4002F7463705F6162616E646F6E20666F7288
:1075F400206C697374656E2D706362730000000003
:107604007463705F6163636570745F6E756C6C3A0C
:1076140020696E76616C696420706362000000000A
:107624007463705F7570646174655F7263765F61C3
:107634006E6E5F776E643A20696E76616C69642061
:10764400706362006E65775F7263765F616E6E5F12
:10765400776E64203C3D20307866666666000000E4
:10766400646F6E27742063616C6C207463705F7246
:10767400656376656420666F72206C697374656EE9
:107684002D706362730000007463705F736C6F77B6
:10769400746D723A20616374697665207063622D3B
:1076A4003E737461746520213D20434C4F5345441F
:1076B400000000007463705F736C6F77746D723ACE
:1076C40020616374697665207063622D3E73746112
:1076D400746520213D204C495354454E0000000060
:1076E4007463705F736C6F77746D723A2061637446
:1076F400697665207063622D3E7374617465202120
:107704003D2054494D452D57414954007463705FE1
:10771400736C6F7774696D723A20706572736973F4
:1077240074207469636B696E672077697468206973
:107734006E2D666C69676874206461746100000072
:107744007463705F736C6F7774696D723A207065DF
:107754007273697374207469636B696E67207769E7
:10776400746820656D7074792073656E6420627529
:1077740066666572000000007463705F736C6F77F7
:10778400746D723A206D6964646C65207463702052
:10779400213D207463705F6163746976655F706313
:1077A400627300007463705F736C6F77746D723A08
:1077B40020666972737420706362203D3D20746397
:1077C400705F6163746976655F7063627300000063
:1077D4007463705F736C6F77746D723A2054494DA3
:1077E400452D57414954207063622D3E7374617472
:1077F40065203D3D2054494D452D574149540000D5
:107804007463705F736C6F77746D723A206D696422
:10781400646C652074637020213D207463705F7410
:10782400775F7063627300007463705F736C6F776B
:10783400746D723A20666972737420706362203DBD
:107844003D207463705F74775F706362730000003F
:107854007463705F7365675F636F70793A20696EF4
:1078640076616C696420736567000000696E7661F7
:107874006C6964207374617465000000696E7661DC
:107884006C696420736F636B6574207374617465D1
:1078940020666F7220726563762063616C6C62612E
:1078A400636B0000696E76616C696420736F636B4F
:1078B400657420737461746520666F722073656EDD
:1078C400742063616C6C6261636B0000696E766145
:1078D4006C696420736F636B657420737461746581
:1078E40020666F72206572722063616C6C626163E2
:1078F4006B000000696E76616C696420736F636B62
:10790400657420737461746520666F7220706F6C87
:107914006C0000007463705F7063625F72656D6F0A
:1079240076653A20696E76616C69642070636200E2
:107934007463705F7063625F72656D6F76653A2021
:10794400696E76616C6964207063626C697374003B
:10795400756E73656E74207365676D656E747320E0
:107964006C65616B696E6700756E61636B6564203D
:107974007365676D656E7473206C65616B696E67A2
:10798400000000006F6F736571207365676D656E2D
:107994007473206C65616B696E6700007463705F5B
:1079A4006E6578745F6973733A20696E76616C6989
:1079B40064207063620000007463705F6566665FD4
:1079C40073656E645F6D73735F6E657469663A2088
:1079D400696E76616C6964206473745F6970000019
:1079E4007463705F6E657469665F69705F61646417
:1079F400725F6368616E6765645F7063626C69730C
:107A0400743A20696E76616C6964206F6C645F619E
:107A1400646472002E2E2F4D6964646C6577617204
:107A240065732F54686972645F50617274792F4C66
:107A34007749502F7372632F636F72652F7463706D
:107A44005F696E2E630000007463705F696E707509
:107A5400743A20696E76616C6964207062756600A0
:107A6400702D3E6E65787420213D204E554C4C009F
:107A7400702D3E6C656E203D3D203000702D3E74AF
:107A84006F745F6C656E203D3D20702D3E6E657891
:107A9400742D3E746F745F6C656E00007463705F68
:107AA400696E7075743A20616374697665207063D9
:107AB400622D3E737461746520213D20434C4F5305
:107AC400454400007463705F696E7075743A206198
:107AD4006374697665207063622D3E7374617465A6
:107AE40020213D2054494D452D5741495400000063
:107AF4007463705F696E7075743A2061637469763B
:107B040065207063622D3E737461746520213D208D
:107B14004C495354454E00007463705F696E707530
:107B2400743A207063622D3E6E65787420213D2086
:107B340070636220286265666F72652063616368A2
:107B4400652900007463705F696E7075743A207003
:107B540063622D3E6E65787420213D20706362203F
:107B6400286166746572206361636865290000009A
:107B74007463705F696E7075743A2054494D452D75
:107B840057414954207063622D3E737461746520BB
:107B94003D3D2054494D452D5741495400000000B6
:107BA4007063622D3E726566757365645F646174AB
:107BB40061203D3D204E554C4C0000007463705FC5
:107BC400696E7075745F64656C617965645F636C1C
:107BD4006F73653A20696E76616C696420706362C4
:107BE400000000007463705F6C697374656E5F6994
:107BF4006E7075743A20696E76616C696420706386
:107C0400620000007463705F74696D657761697404
:107C14005F696E7075743A20696E76616C69642070
:107C2400706362007463705F70726F636573733A3C
:107C340020696E76616C69642070636200000000E4
:107C44007463705F696E7075743A207063622D3E60
:107C5400737461746520213D20434C4F53454400A7
:107C64007063622D3E736E645F71756575656C65D6
:107C74006E203E20300000006E6F207365676D65D6
:107C84006E7420746F206672656500007063622DE7
:107C94003E6C697374656E65722D3E6163636570D5
:107CA4007420213D204E554C4C0000007463705FDD
:107CB4006F6F735F696E736572745F7365676D650B
:107CC4006E743A20696E76616C69642063736567CB
:107CD400000000007063622D3E736E645F71756511
:107CE40075656C656E203E3D20706275665F636CE1
:107CF400656E286E6578742D3E7029007463705F1C
:107D0400726563656976653A2076616C6964207191
:107D140075657565206C656E677468007463705F63
:107D2400726563656976653A20696E76616C69642B
:107D340020706362000000007463705F72656365A5
:107D44006976653A2077726F6E6720737461746523
:107D540000000000756E61636B656400756E736589
:107D64006E740000696E7365672E7020213D204E8D
:107D7400554C4C00696E73616E65206F6666736561
:107D8400742100007062756620746F6F2073686FD1
:107D9400727421007463705F726563656976653A15
:107DA400207365676D656E74206E6F7420747269DC
:107DB4006D6D656420636F72726563746C79207491
:107DC4006F207263765F776E640000007463705F87
:107DD400726563656976653A207365676D656E746F
:107DE400206E6F74207472696D6D656420636F72A8
:107DF400726563746C7920746F206F6F7365712082
:107E040071756575650000007463705F7265636504
:107E14006976653A207463706C656E203E207263E7
:107E2400765F776E640000007463705F72656365EB
:107E34006976653A206F6F736571207463706C6541
:107E44006E203E207263765F776E64007463705FA9
:107E540070617273656F70743A20696E76616C69D3
:107E640064207063620000002E2E2F4D6964646CE0
:107E74006577617265732F54686972645F506172CB
:107E840074792F4C7749502F7372632F636F726527
:107E94002F7463705F6F75742E6300007463705F7A
:107EA4006372656174655F7365676D656E743A20AE
:107EB400696E76616C696420706362007463705FDC
:107EC4006372656174655F7365676D656E743A208E
:107ED400696E76616C6964207062756600000000EA
:107EE400702D3E746F745F6C656E203E3D206F7024
:107EF400746C656E000000007463705F7062756678
:107F04005F707265616C6C6F633A20696E76616C48
:107F14006964206F76657273697A65007463705F53
:107F2400706275665F707265616C6C6F633A20692C
:107F34006E76616C69642070636200006E656564CE
:107F440020756E636861696E656420706275660091
:107F54007463705F77726974655F636865636B737C
:107F64003A20696E76616C69642070636200000077
:107F74007463705F77726974653A207062756673B2
:107F8400206F6E207175657565203D3E20617420FB
:107F94006C65617374206F6E6520717565756520FD
:107FA4006E6F6E2D656D7074790000007463705F80
:107FB40077726974653A206E6F20706275667320FB
:107FC4006F6E207175657565203D3E20626F746823
:107FD4002071756575657320656D70747900000096
:107FE4006D73735F6C6F63616C20697320746F6F62
:107FF40020736D616C6C0000696E636F6E736973DE
:1080040074656E74206F76657273697A6520767311
:108014002E20737061636500696E636F6E7369739C
:1080240074656E74206F76657273697A65207673F1
:108034002E206C656E0000007463705F7772697443
:10804400653A20524F4D2070627566732063616EED
:108054006E6F74206265206F76657273697A6564E9
:1080640000000000756E73656E745F6F76657273E1
:10807400697A65206D69736D617463682028706323
:10808400622D3E756E73656E74206973204E554C77
:108094004C2900007463705F77726974653A2063D9
:1080A4006865636B207468617420666972737420F8
:1080B400706275662063616E20686F6C64207468FA
:1080C4006520636F6D706C657465207365676C659E
:1080D4006E0000006F76657273697A65203D3D20FD
:1080E40030000000707265765F73656720213D2063
:1080F4004E554C4C000000007463705F77726974D5
:10810400653A2063616E6E6F7420636F6E63617491
:10811400656E617465207768656E207063622D3EBC
:10812400756E73656E7420697320656D7074790063
:108134007463705F77726974653A20657874656EEC
:1081440073696F6E206F66207265666572656E6313
:1081540065207265717569726573207265666572F2
:10816400656E6365000000007463705F7772697404
:10817400653A2076616C6964207175657565206C5B
:10818400656E6774680000007463705F73706C6977
:10819400745F756E73656E745F7365673A20696E9C
:1081A40076616C69642070636200000043616E272D
:1081B400742073706C6974207365676D656E7420C8
:1081C400696E746F206C656E6774682030000000FF
:1081D40073706C6974203C3D206D73730000000063
:1081E400757365672D3E6C656E203E20300000007F
:1081F400736567203D3D204E554C4C007463705FA1
:1082040073656E645F66696E3A20696E76616C6947
:1082140064207063620000007463705F656E717542
:108224006575655F666C6167733A206E6565642089
:10823400656974686572205443505F53594E206FCA
:1082440072205443505F46494E20696E20666C612B
:108254006773202870726F6772616D6D6572207626
:10826400696F6C61746573204150492900000000F6
:108274007463705F656E71756575655F666C616763
:10828400733A20696E76616C6964207063620000E1
:108294007463705F656E71756575655F666C616743
:1082A400733A20636865636B20746861742066693F
:1082B40072737420706275662063616E20686F6CDF
:1082C40064206F70746C656E000000007365672D28
:1082D4003E746370686472206E6F7420616C6967A9
:1082E4006E6564007463705F656E71756575655F56
:1082F400666C6167733A20696E76616C6964207399
:1083040065676D656E74206C656E67746800000047
:108314007463705F656E71756575655F666C6167C2
:10832400733A20696E76616C696420717565756550
:10833400206C656E677468007463705F6F75747029
:1083440075743A20696E76616C69642070636200AA
:10835400646F6E27742063616C6C207463705F6F4C
:10836400757470757420666F72206C697374656EB1
:108374002D70636273000000525354206E6F74209A
:1083840065787065637465642068657265210000B2
:108394007463705F6F75747075745F7365676D6512
:1083A4006E745F627573793A20696E76616C696484
:1083B40020736567000000007463705F6F757470EC
:1083C40075745F7365676D656E743A20696E766166
:1083D4006C696420736567007463705F6F75747093
:1083E40075745F7365676D656E743A20696E766146
:1083F4006C696420706362007463705F6F7574707D
:1084040075745F7365676D656E743A20696E766125
:108414006C6964206E657469660000006F7074692D
:108424006F6E73206E6F742066696C6C65640000F7
:108434007463705F7265786D69745F72746F5F7076
:108444007265706172653A20696E76616C69642048
:10845400706362007463705F7265786D69745F72D3
:10846400746F5F636F6D6D69743A20696E76616CC9
:1084740069642070636200007463705F7265786D74
:1084840069745F72746F3A20696E76616C696420F6
:10849400706362007463705F7265786D69743A200A
:1084A400696E76616C696420706362007463705FE6
:1084B4007265786D69745F666173743A20696E766B
:1084C400616C696420706362000000006368656326
:1084D4006B207468617420666972737420706275AD
:1084E400662063616E20686F6C64207374727563B8
:1084F40074207463705F6864720000007463705F5A
:108504006F75747075745F616C6C6F635F686561BF
:108514006465723A20696E76616C69642070636286
:10852400000000007463705F6F75747075745F662B
:10853400696C6C5F6F7074696F6E733A20696E76E4
:10854400616C696420706275660000007463705F1A
:108554006F75747075745F636F6E74726F6C5F7334
:1085640065676D656E743A20696E76616C69642026
:1085740070627566000000007463705F6F757470DC
:1085840075745F636F6E74726F6C5F7365676D652E
:108594006E745F6E657469663A206E6F206E6574E2
:1085A400696620676976656E000000007463705F19
:1085B4007273743A20696E76616C6964206C6F63BF
:1085C400616C5F69700000007463705F7273743A69
:1085D40020696E76616C69642072656D6F74655F85
:1085E400697000007463705F73656E645F656D70BD
:1085F40074795F61636B3A20696E76616C6964209B
:10860400706362007463705F6B656570616C69763A
:10861400653A20696E76616C69642070636200005B
:108624007463705F7A65726F5F77696E646F775F8A
:1086340070726F62653A20696E76616C696420704D
:10864400636200002E2E2F4D6964646C657761723D
:1086540065732F54686972645F50617274792F4C2A
:108664007749502F7372632F636F72652F74696D2E
:10867400656F7574732E63007379735F74696D65C8
:108684006F75743A2074696D656F757420213D208F
:108694004E554C4C2C20706F6F6C204D454D505FE7
:1086A4005359535F54494D454F55542069732065C0
:1086B4006D7074790000000054696D656F757420E5
:1086C40074696D6520746F6F206C6F6E672C206DFC
:1086D4006178206973204C5749505F55494E543393
:1086E400325F4D41582F34206D7365637300000071
:1086F400696E76616C696420736C65657074696D0C
:10870400650000002E2E2F4D6964646C65776172DC
:1087140065732F54686972645F50617274792F4C69
:108724007749502F7372632F636F72652F7564706E
:108734002E6300007564705F696E7075745F6C6F92
:1087440063616C5F6D617463683A20696E76616C15
:1087540069642070636200007564705F696E70758F
:10876400745F6C6F63616C5F6D617463683A2069F8
:108774006E76616C6964206E657469660000000041
:108784007564705F696E7075743A20696E76616C99
:1087940069642070627566007564705F696E7075D7
:1087A400743A20696E76616C6964206E65746966DA
:1087B40000000000706275665F72656D6F76655FBC
:1087C400686561646572206661696C6564000000B7
:1087D400636865636B20746861742066697273747E
:1087E40020706275662063616E20686F6C6420730C
:1087F4007472756374207564705F6864720000003D
:108804002E2E2F4D6964646C6577617265732F54E5
:10881400686972645F50617274792F4C7749502F84
:108824007372632F636F72652F697076342F65746A
:10883400686172702E6300007374617465203D3D3D
:10884400204554484152505F53544154455F50456C
:108854004E44494E47207C7C207374617465203EED
:108864003D204554484152505F53544154455F5351
:108874005441424C450000006172705F7461626C47
:10888400655B695D2E71203D3D204E554C4C0000CA
:1088940069203C204152505F5441424C455F53494A
:1088A4005A4500006172705F7461626C655B695D5A
:1088B4002E7374617465203D3D20455448415250E7
:1088C4005F53544154455F454D50545900000000D6
:1088D4006E657469662D3E6877616464725F6C6569
:1088E4006E203D3D204554485F4857414444525F03
:1088F4004C454E0069706164647220213D204E55E0
:108904004C4C00006574685F72657420213D204EF4
:10891400554C4C006172705F7461626C655B61728E
:10892400705F6964785D2E7374617465203E3D20C8
:108934004554484152505F53544154455F53544148
:10894400424C45007120213D204E554C4C00000006
:1089540074797065206F766572666C6F77000000BD
:108964006172705F7461626C655B695D2E737461C2
:108974007465203D3D2050454E44494E47206F725A
:1089840020535441424C45006E6F207061636B6507
:10899400742071756575657320616C6C6F7765649F
:1089A40021000000636865636B207468617420664D
:1089B4006972737420706275662063616E20686FDB
:1089C4006C6420737472756374206574686172706A
:1089D4005F686472000000006E657469662D3E680D
:1089E40077616464725F6C656E206D757374206268
:1089F40065207468652073616D652061732045543A
:108A0400485F4857414444525F4C454E20666F725C
:108A14002065746861727021000000002E2E2F4DB5
:108A24006964646C6577617265732F5468697264F4
:108A34005F50617274792F4C7749502F7372632F92
:108A4400636F72652F697076342F69636D702E635E
:108A54000000000069636D705F696E7075743A2080
:108A64006D6F76696E6720722D3E7061796C6F61EF
:108A74006420746F2069636D702068656164657239
:108A8400206661696C65640069636D705F696E700E
:108A940075743A20726573746F72696E67206F72B1
:108AA4006967696E616C20702D3E7061796C6F61CD
:108AB40064206661696C6564000000006368656336
:108AC4006B207468617420666972737420706275B7
:108AD400662063616E20686F6C642069636D70202A
:108AE4006D657373616765002E2E2F4D6964646C28
:108AF4006577617265732F54686972645F5061723F
:108B040074792F4C7749502F7372632F636F72659A
:108B14002F697076342F6970342E6300702D3E7285
:108B24006566203D3D203100636865636B20746891
:108B34006174206669727374207062756620636163
:108B44006E20686F6C64207374727563742069702E
:108B54005F686472000000002E2E2F4D6964646CFF
:108B64006577617265732F54686972645F506172CE
:108B740074792F4C7749502F7372632F636F72652A
:108B84002F697076342F6970345F667261672E6363
:108B9400000000007072657620213D20697072002B
:108BA400707265762D3E6E657874203D3D20697047
:108BB4007200000070627566735F6672656564209A
:108BC4002B20636C656E203C3D20307866666666BB
:108BD4000000000069705F72656173735F70627595
:108BE40066636F756E74203E3D2070627566735FB8
:108BF400667265656400000073616E697479206350
:108C04006865636B206C696E6B6564206C69737452
:108C140000000000636865636B20667261676D65C0
:108C24006E747320646F6E2774206F7665726C6146
:108C3400700000006E6F2070726576696F75732026
:108C4400667261676D656E742C2074686973206D3B
:108C54007573742062652074686520666972737424
:108C640020667261676D656E7421000073616E69C0
:108C7400747920636865636B0000000076616C6939
:108C8400646174655F646174616772616D3A6E6595
:108C940078745F70627566213D4E554C4C0000003F
:108CA40069705F72656173735F70627566636F7517
:108CB4006E74203E3D20636C656E00006970722006
:108CC400213D204E554C4C006E6F742066697273C2
:108CD40074616C74686F756768206A757374206555
:108CE4006E7175657565640070637220213D204E58
:108CF400554C4C00706372203D3D20700000000014
:108D040074686973206E6565647320612070627590
:108D14006620696E206F6E65207069656365210049
:108D2400702D3E6C656E203E3D20706F66660000BF
:108D34002E2E2F4D6964646C6577617265732F54B0
:108D4400686972645F50617274792F4C7749502F4F
:108D54007372632F6E657469662F65746865726ECD
:108D640065742E63000000006E657469662D3E68AC
:108D740077616464725F6C656E206D7573742062D4
:108D840065203620666F722065746865726E65743E
:108D94005F6F75747075742100000000D05902086B
:108DA40000000000000000000000000000000000BF
:108DB4000020000018000000000000000000000077
:108DC40030313233343536373839414243444546FD
:108DD400000000000000000001020304010203047B
:108DE40006070809145C0208001002580800010074
:108DF400185C020800100258100001001C5C0208F4
:108E04000010025820000100205C020800100258E3
:108E140040000100245C020800080258000101001F
:108E2400285C020800080258000201002C5C0208B9
:108E34000008025800040100345C020800080258CB
:108E4400000801003C5C0208000802580010010000
:108E5400445C020800080258002001004C5C02082F
:108E64000000025800010100505C02080000025892
:108E740000020100545C0208000C025804000100C6
:108E8400585C02080004025802000100605C0208F9
:108E94000004025804000100685C02080010025833
:108EA400008000000000000001000000020000003B
:108EB400030000000400000005000000060000009C
:108EC4000700000008000000485454502F312E3190
:108ED40020323034204E6F20436F6E74656E740DF3
:108EE4000A436F6E6E656374696F6E3A20636C6FCC
:108EF40073650D0A436F6E74656E742D4C656E67F1
:108F040074683A20300D0A0D0A0000003C21646F99
:108F140063747970652068746D6C3E3C68746D6C24
:108F24003E3C686561643E3C6D65746120636861C4
:108F3400727365743D7574662D383E3C6D6574615D
:108F4400206E616D653D76696577706F727420631C
:108F54006F6E74656E743D2277696474683D6465F0
:108F6400766963652D77696474682C696E697469C0
:108F7400616C2D7363616C653D31223E3C74697490
:108F84006C653E58433030313C2F7469746C653ED7
:108F94003C7374796C653E626F64797B6D61726752
:108FA400696E3A303B6261636B67726F756E643AE7
:108FB400236632663566373B636F6C6F723A2331D2
:108FC40062323633303B666F6E742D66616D696C48
:108FD400793A417269616C2C73616E732D73657299
:108FE40069667D2E746F707B6261636B67726F75E7
:108FF4006E643A233134323533363B636F6C6F72AF
:109004003A77686974653B70616464696E673A3184
:109014003670787D2E6272616E647B646973706CE5
:1090240061793A666C65783B616C69676E2D697429
:10903400656D733A63656E7465723B6761703A314E
:109044003470787D2E6C6F676F7B77696474683ACF
:1090540031373870783B6865696768743A343070C2
:10906400783B666C65783A302030206175746F7D8A
:109074002E746F702068317B6D617267696E3A304F
:109084003B666F6E742D73697A653A323270787DFF
:109094002E777261707B6D61782D77696474683A9C
:1090A40039303070783B6D617267696E3A617574FE
:1090B4006F3B70616464696E673A313270787D2EFB
:1090C40063617264737B646973706C61793A67720B
:1090D40069643B677269642D74656D706C61746555
:1090E4002D636F6C756D6E733A726570656174286B
:1090F400352C316672293B6761703A3870787D2E61
:10910400636172642C2E70616E656C7B6261636B4B
:1091140067726F756E643A77686974653B626F72E3
:109124006465723A31707820736F6C6964202364CB
:1091340036646465353B626F726465722D72616476
:109144006975733A3870783B70616464696E673A24
:10915400313270783B6D617267696E2D626F747421
:109164006F6D3A313070787D2E6B7B666F6E742D27
:1091740073697A653A313270783B636F6C6F723A17
:10918400233636373338307D2E767B666F6E742DFA
:1091940073697A653A313770783B666F6E742D77F0
:1091A40065696768743A3730303B6D617267696E20
:1091B4002D746F703A3470787D746578746172655B
:1091C400612C696E7075747B77696474683A3130A8
:1091D4003025253B626F782D73697A696E673A6230
:1091E4006F726465722D626F783B626F7264657230
:1091F4003A31707820736F6C69642023623763316D
:1092040063613B626F726465722D72616469757328
:109214003A3670783B70616464696E673A39707885
:109224003B666F6E742D73697A653A313470787D5C
:1092340074657874617265617B6865696768743A9E
:10924400393270787D627574746F6E2C2E63666724
:109254002073756D6D6172797B626F726465723AA9
:10926400303B626F726465722D7261646975733A22
:109274003670783B6261636B67726F756E643A2314
:109284003066363261383B636F6C6F723A77686967
:1092940074653B666F6E742D7765696768743A37D9
:1092A40030303B70616464696E673A39707820319C
:1092B4003270783B6D617267696E3A367078203629
:1092C4007078203020303B637572736F723A706F20
:1092D400696E7465723B6C6973742D7374796C6513
:1092E4003A6E6F6E657D2E6366672073756D6D6172
:1092F40072793A3A2D7765626B69742D646574618D
:10930400696C732D6D61726B65727B646973706CCB
:1093140061793A6E6F6E657D2E677B6261636B6700
:10932400726F756E643A236564663266373B636FA9
:109334006C6F723A233138323232643B626F72643A
:1093440065723A31707820736F6C696420236436D7
:10935400646465357D2E6F6B7B6261636B67726FCE
:10936400756E643A233136383235647D7072657BAC
:109374006261636B67726F756E643A2331303138A2
:1093840032303B636F6C6F723A2364666633666691
:109394003B626F726465722D7261646975733A38E9
:1093A40070783B70616464696E673A313070783B01
:1093B4006D696E2D6865696768743A313038707804
:1093C4003B77686974652D73706163653A70726583
:1093D4002D777261703B776F72642D627265616B79
:1093E4003A627265616B2D776F72647D2E63666776
:1093F4007B706F736974696F6E3A66697865643BF4
:1094040072696768743A313270783B746F703A31BC
:109414003270783B7A2D696E6465783A327D2E63BA
:1094240066672073756D6D6172797B6261636B67CA
:10943400726F756E643A236564663266373B636F98
:109444006C6F723A233138323232643B626F726429
:1094540065723A31707820736F6C696420236436C6
:10946400646465357D2E626F787B6261636B6772BD
:109474006F756E643A77686974653B636F6C6F727D
:109484003A233162323633303B626F726465723A2A
:1094940031707820736F6C6964202364366464656A
:1094A400353B626F726465722D7261646975733ADB
:1094B4003870783B70616464696E673A31327078F1
:1094C4003B77696474683A33313070783B626F7803
:1094D4002D736861646F773A3020387078203232A7
:1094E40070782023303030337D2E626F78206C61A9
:1094F40062656C7B646973706C61793A626C6F63EA
:109504006B3B6D617267696E2D746F703A38707859
:109514003B666F6E742D73697A653A313270783BAD
:10952400636F6C6F723A233636373338307D406D53
:1095340065646961286D61782D77696474683A3768
:1095440036307078297B2E6272616E647B64697335
:10955400706C61793A626C6F636B7D2E6C6F676FB0
:109564007B6D617267696E2D626F74746F6D3A38CA
:1095740070787D2E63617264737B677269642D7485
:10958400656D706C6174652D636F6C756D6E733A87
:10959400316672203166727D2E6366677B706F73ED
:1095A4006974696F6E3A7374617469633B6D617257
:1095B40067696E3A3130707820313270787D2E626E
:1095C4006F787B77696474683A6175746F7D7D3CEC
:1095D4002F7374796C653E3C2F686561643E3C6210
:1095E4006F64793E3C64657461696C7320636C617B
:1095F40073733D6366673E3C73756D6D6172793E4E
:10960400262333323539333B262333323437363B42
:10961400262333353737343B262333323632323B35
:109624003C2F73756D6D6172793E3C64697620637D
:109634006C6173733D626F783E3C6C6162656C3E35
:1096440049503C2F6C6162656C3E3C696E70757468
:109654002069643D69702076616C75653D222573CF
:10966400223E3C6C6162656C3E26233235353133D3
:109674003B262333303732313B3C2F6C6162656CBF
:109684003E3C696E7075742069643D6D61736B2036
:1096940076616C75653D222573223E3C6C61626582
:1096A4006C3E262333323539333B2623323038356A
:1096B400313B3C2F6C6162656C3E3C696E70757425
:1096C4002069643D67772076616C75653D2225735A
:1096D400223E3C6C6162656C3E5544502026233327
:1096E400313437313B262332313437353B3C2F6C10
:1096F4006162656C3E3C696E7075742069643D708E
:109704006F727420747970653D6E756D6265722038
:1097140076616C75653D222575223E3C6C616265FF
:109724006C3E262332333439343B262333303732EC
:10973400313B3C2F6C6162656C3E3C696E707574A4
:109744002069643D70776420747970653D7061733D
:1097540073776F72643E3C627574746F6E20636CD1
:109764006173733D6F6B206F6E636C69636B3D73E4
:1097740061766543666728293E26233230343435C2
:109784003B262332333338343B3C2F627574746F79
:109794006E3E3C2F6469763E3C2F64657461696C4F
:1097A400733E3C64697620636C6173733D746F70BF
:1097B4003E3C64697620636C6173733D6272616ED2
:1097C400643E3C73766720636C6173733D6C6F67B2
:1097D4006F2076696577426F783D223020302033E0
:1097E40036302038302220786D6C6E733D226874D8
:1097F40074703A2F2F7777772E77332E6F72672F07
:10980400323030302F737667223E3C7061746820AA
:1098140066696C6C3D2223653430303361222064E8
:109824003D224D3720366332302D313520373620F6
:109834003230203133302035382039203720382059
:1098440031392D332032324C3238203131314331E9
:1098540038203131342034203335203720365A2211
:10986400207472616E73666F726D3D227363616CF6
:1098740065282E333429222F3E3C7061746820669B
:10988400696C6C3D22236534303033612220643DA1
:10989400224D3135322031346332362D3137203583
:1098A400362D32322036342D3220362031372036D0
:1098B4002035372D362036352D3720352D32322DB3
:1098C400382D35342D32392D31302D372D31302D81
:1098D40032362D342D33345A22207472616E7366FD
:1098E4006F726D3D227363616C65282E33342922B7
:1098F4002F3E3C706174682066696C6C3D22236560
:1099040034303033612220643D224D3332203133F0
:10991400376C3133362D34346331302D33203136C6
:10992400203720392031354C343720323235632DFD
:1099340031372031352D33342D312D33352D323916
:109944002D312D323420342D35342032302D35391B
:109954005A22207472616E73666F726D3D22736356
:10996400616C65282E333429222F3E3C7061746863
:109974002066696C6C3D22236534303033612220CB
:10998400643D224D313532203138346C35322D3638
:109994003963392D31322032322D3620323720319D
:1099A400302031362035312031302039362D3230D7
:1099B400203130352D323420362D36332D382D38A4
:1099C400302D32312D31302D3820382D31372032A1
:1099D400312D32355A22207472616E73666F726D46
:1099E4003D227363616C65282E333429222F3E3C5B
:1099F4007465787420783D2238362220793D2235EA
:109A040034222066696C6C3D2223653865656635B1
:109A14002220666F6E742D66616D696C793D2241FA
:109A24007269616C2220666F6E742D73697A653D6C
:109A34002234322220666F6E742D776569676874EC
:109A44003D22373030223E47656E6572616C546545
:109A540073743C2F746578743E3C2F7376673E3C78
:109A640068313E5843303031202623323535313188
:109A74003B262332313034363B26233236343935D3
:109A84003B3C2F68313E3C2F6469763E3C2F646931
:109A9400763E3C6D61696E20636C6173733D7772D1
:109AA40061703E3C64697620636C6173733D6361ED
:109AB4007264733E3C64697620636C6173733D63C6
:109AC4006172643E3C64697620636C6173733D6BC0
:109AD4003E49503C2F6469763E3C64697620636C51
:109AE4006173733D763E25733C2F6469763E3C2F4B
:109AF4006469763E3C64697620636C6173733D638C
:109B04006172643E3C64697620636C6173733D6B7F
:109B14003E262332353531333B2623333037323139
:109B24003B3C2F6469763E3C64697620636C6173C8
:109B3400733D763E25733C2F6469763E3C2F646901
:109B4400763E3C64697620636C6173733D63617235
:109B5400643E3C64697620636C6173733D6B3E269E
:109B64002333323539333B262332303835313B3CCD
:109B74002F6469763E3C64697620636C6173733D3F
:109B8400763E25733C2F6469763E3C2F6469763EAD
:109B94003C64697620636C6173733D636172643EF7
:109BA4003C64697620636C6173733D6B3E48545426
:109BB400503C2F6469763E3C64697620636C617323
:109BC400733D763E25753C2F6469763E3C2F64696F
:109BD400763E3C64697620636C6173733D636172A5
:109BE400643E3C64697620636C6173733D6B3E55DF
:109BF40044503C2F6469763E3C64697620636C6112
:109C040073733D763E25753C2F6469763E3C2F6424
:109C140069763E3C2F6469763E3C73656374696F74
:109C24006E20636C6173733D70616E656C3E3C685D
:109C3400323E5343504920262332353335313B26B7
:109C44002332303139363B3C2F68323E3C746578E0
:109C540074617265612069643D636D643E2A4944A0
:109C64004E3F3C2F74657874617265613E3C646953
:109C7400763E3C627574746F6E206F6E636C6963BC
:109C84006B3D73656E64436D6428293E262332312F
:109C94003435373B262333363836353B3C2F627513
:109CA40074746F6E3E3C627574746F6E20636C6185
:109CB40073733D67206F6E636C69636B3D227275CD
:109CC4006E2827535441543F2729223E535441546C
:109CD4003F3C2F627574746F6E3E3C627574746F92
:109CE4006E20636C6173733D67206F6E636C696390
:109CF4006B3D2272756E28274E443F2729223E4E23
:109D0400443F3C2F627574746F6E3E3C627574748C
:109D14006F6E20636C6173733D67206F6E636C6953
:109D2400636B3D2272756E28274E45543A53544155
:109D3400543F2729223E4E45543A535441543F3C04
:109D44002F627574746F6E3E3C627574746F6E200E
:109D5400636C6173733D67206F6E636C69636B3D05
:109D64002272756E2827535953543A48454C503F34
:109D74002729223E48454C503C2F627574746F6EFF
:109D84003E3C2F6469763E3C7072652069643D6F89
:109D940075743E52656164792E3C2F7072653E3C49
:109DA4002F73656374696F6E3E3C2F6D61696E3EFF
:109DB4003C7363726970743E636F6E737420243DE8
:109DC40069643D3E646F63756D656E742E6765747A
:109DD400456C656D656E7442794964286964293BF4
:109DE4006173796E632066756E6374696F6E207338
:109DF400656E64436D6428297B7472797B6C657429
:109E040020723D61776169742066657463682827F0
:109E14002F6170692F636D64272C7B6D6574686F87
:109E2400643A27504F5354272C626F64793A24289C
:109E340027636D6427292E76616C75652C636163D5
:109E440068653A276E6F2D73746F7265277D293BA1
:109E54002428276F757427292E74657874436F6ED0
:109E640074656E743D617761697420722E746578CF
:109E74007428297D63617463682865297B242827F5
:109E84006F757427292E74657874436F6E74656ECC
:109E9400743D275C75393031615C75346665315CBD
:109EA40075353933315C75386432353A20272B6582
:109EB4002E6D6573736167657D7D66756E63746908
:109EC4006F6E2072756E2863297B242827636D6466
:109ED40027292E76616C75653D633B73656E64431B
:109EE4006D6428297D6173796E632066756E637471
:109EF400696F6E207361766543666728297B69669E
:109F0400282124282770776427292E76616C7565AB
:109F1400297B2428276F757427292E746578744348
:109F24006F6E74656E743D275C75386266375C7558
:109F3400386639335C75353136355C753562633670
:109F44005C7537383031273B72657475726E7D6C81
:109F5400657420753D272F6170692F636F6E666984
:109F6400673F69703D272B656E636F646555524981
:109F7400436F6D706F6E656E74282428276970278F
:109F8400292E76616C7565292B27266D61736B3DCF
:109F9400272B656E636F6465555249436F6D706F0F
:109FA4006E656E74282428276D61736B27292E76BD
:109FB400616C7565292B272667773D272B656E63B2
:109FC4006F6465555249436F6D706F6E656E74288A
:109FD400242827677727292E76616C7565292B2716
:109FE40026706F72743D272B656E636F64655552DE
:109FF40049436F6D706F6E656E7428242827706FE7
:10A00400727427292E76616C7565292B2726707743
:10A01400643D272B656E636F6465555249436F6DCC
:10A02400706F6E656E742824282770776427292E34
:10A0340076616C7565293B7472797B6C65742072EA
:10A044003D617761697420666574636828752C7B4B
:10A0540063616368653A276E6F2D73746F72652749
:10A064007D293B6C657420743D617761697420724D
:10A074002E7465787428293B2428276F7574272942
:10A084002E74657874436F6E74656E743D742B27FB
:10A094005C6E5C75393134645C75376636655C7545
:10A0A400356466325C75346664645C753562353873
:10A0B4005C75666630635C75393163645C75353430
:10A0C40032665C75353430655C75373531665C7580
:10A0D400363534385C7533303032277D63617463D0
:10A0E400682865297B2428276F757427292E7465B1
:10A0F4007874436F6E74656E743D275C7534666462
:10A10400645C75356235385C75353933315C753866
:10A114006432353A20272B652E6D6573736167654C
:10A124007D7D3C2F7363726970743E3C2F626F6453
:10A13400793E3C2F68746D6C3E0000000001020300
:10A1440004050607080C1014182030400100020012
:10A154000400060008000A000C0010002000400063
:10A16400800000010101010307010000080402044A
:10A174000801010120060C00000100305C1E0024CF
:10A184003700000000000000000000000C00000088
:10A19400690000000B000000710000007300000063
:10A1A400160000000B0000006200000072000000B6
:10A1B4006A0000006B000000FFFFFFFF6700000063
:10A1C400680000006B00000005000000200004008F
:10A1D4000C2D0124902D01249C000500942D0124B4
:10A1E400A43001241C000800A83001248C3101246F
:10A1F4001000200090310124943301242000050034
:10A20400983301243C34012418000F004034012405
:10A21400AC35012410000200B0350124D4350124EA
:10A2240030000400D83501249C36012410000800B5
:10A23400A036012424370124100008002837012403
:10A24400AC37012410000300B0370124E4370124A3
:10A2540010001000E8370124EC380124FC0510003C
:10A26400F0380124B4980124D0A10208DCA102082A
:10A27400E8A10208F4A1020800A202080CA2020844
:10A2840018A2020824A2020830A202083CA2020872
:10A2940048A2020854A2020860A2020801020304B0
:10A2A40005060707070707070700000003060C1841
:10A2B40030607800CC980124C8980124D0980124F7
:10A2C400D4980124FA000000ADA50108E8030000B9
:10A2D400D9290208E80300003D120208000000002A
:10A2E400FFFFFFFFFFFF0000000000000000000070
:10A2F4000000000001000000000000000000000059
:10A304005245454E54206D616C6C6F6320737563C8
:10A31400636565646564002F6275696C642F676E9C
:10A32400752D746F6F6C732D666F722D73746D332E
:10A33400325F31342E332E72656C312E3230323529
:10A34400313032372D303730302F7372632F6E65D2
:10A35400776C69622F6E65776C69622F6C696263D2
:10A364002F7374646C69622F72616E642E63002CA7
:10A374002066756E6374696F6E3A2000617373654D
:10A384007274696F6E2022257322206661696C6580
:10A39400643A2066696C6520222573222C206C693E
:10A3A4006E65202564257325730A00232D302B2028
:10A3B40000686C4C006566674546470030313233AF
:10A3C400343536373839414243444546003031321A
:10A3D4003334353637383961626364656600412D3C
:10A3E40046612D66383930313233343536375D00C5
:10A3F4002B2D003030007858000020202020202011
:10A404002020202828282828202020202020202020
:10A414002020202020202020202088101010101020
:10A424001010101010101010101004040404040470
:10A434000404040410101010101010414141414153
:10A4440041010101010101010101010101010101B8
:10A454000101010101101010101010424242424249
:10A464004202020202020202020202020202020288
:10A47400020202020210101010200000000000006E
:10A4840000000000000000000000000000000000C8
:10A4940000000000000000000000000000000000B8
:10A4A40000000000000000000000000000000000A8
:10A4B4000000000000000000000000000000000098
:10A4C4000000000000000000000000000000000088
:10A4D4000000000000000000000000000000000078
:10A4E4000000000000000000000000000000000068
:0CA4F4000000000000000000000000005C
:08A50000E05DFD7F0100000099
:04A50800C502000880
:04A50C00A1020008A0
:10A510000090D0030090D003010000001000000064
:10A52000010000005D01010871010108B501010889
:10A5300081010108E9010108AAAAAAAA00C0000035
:10A540006E19000000C000000000000003000000C1
:10A55000249A01244800002400000000249A0124C9
:10A560008C9A0124F49A01240000000000000000ED
:10A5700000000000000000000000000000000000DB
:10A5800000000000000000000000000000000000CB
:10A5900000000000000000000000000000000000BB
:04A5A00000000000B7
:0400000508004CA5FE
:00000001FF
